0
SECTION
2
HEADER
9
$INSUNITS
70
4
9
$ACADVER
1
AC1014
9
$HANDSEED
5
FFFF
0
ENDSEC
0
SECTION
2
TABLES
0
TABLE
2
VPORT
5
8
100
AcDbSymbolTable
0
ENDTAB
0
TABLE
2
LTYPE
5
5
100
AcDbSymbolTable
0
LTYPE
5
14
100
AcDbSymbolTableRecord
100
AcDbLinetypeTableRecord
2
BYBLOCK
70
0
0
LTYPE
5
15
100
AcDbSymbolTableRecord
100
AcDbLinetypeTableRecord
2
BYLAYER
70
0
0
LTYPE
5
16
100
AcDbSymbolTableRecord
100
AcDbLinetypeTableRecord
2
DASHED
70
0
3
Dashed __ __ __ __ __ __ __ __ __ __ __ __ __ _
72
65
73
2
40
0.75
49
0.5
74
0
49
-0.25
74
0
0
ENDTAB
0
TABLE
2
LAYER
5
2
100
AcDbSymbolTable
70
2
0
LAYER
5
50
100
AcDbSymbolTableRecord
100
AcDbLayerTableRecord
2
0
70
0
62
7
6
CONTINUOUS
0
ENDTAB
0
TABLE
2
STYLE
5
3
100
AcDbSymbolTable
70
1
0
STYLE
5
11
100
AcDbSymbolTableRecord
100
AcDbTextStyleTableRecord
2
STANDARD
70
0
0
ENDTAB
0
TABLE
2
VIEW
5
6
100
AcDbSymbolTable
70
0
0
ENDTAB
0
TABLE
2
UCS
5
7
100
AcDbSymbolTable
70
0
0
ENDTAB
0
TABLE
2
APPID
5
9
100
AcDbSymbolTable
70
2
0
APPID
5
12
100
AcDbSymbolTableRecord
100
AcDbRegAppTableRecord
2
ACAD
70
0
0
ENDTAB
0
TABLE
2
DIMSTYLE
5
A
100
AcDbSymbolTable
70
1
0
ENDTAB
0
TABLE
2
BLOCK_RECORD
5
1
100
AcDbSymbolTable
70
1
0
BLOCK_RECORD
5
1F
100
AcDbSymbolTableRecord
100
AcDbBlockTableRecord
2
*MODEL_SPACE
0
BLOCK_RECORD
5
1B
100
AcDbSymbolTableRecord
100
AcDbBlockTableRecord
2
*PAPER_SPACE
0
ENDTAB
0
ENDSEC
0
SECTION
2
BLOCKS
0
BLOCK
5
20
100
AcDbEntity
100
AcDbBlockBegin
2
*MODEL_SPACE
0
ENDBLK
5
21
100
AcDbEntity
100
AcDbBlockEnd
0
BLOCK
5
1C
100
AcDbEntity
100
AcDbBlockBegin
2
*PAPER_SPACE
0
ENDBLK
5
1D
100
AcDbEntity
100
AcDbBlockEnd
0
ENDSEC
0
SECTION
2
ENTITIES
0
SPLINE
5
100
100
AcDbEntity
8
0
100
AcDbSpline
70
4
71
3
72
8
73
4
74
0
42
0.000000001
43
0.0000000001
44
0.0000000001
40
0
40
0
40
0
40
0
40
1
40
1
40
1
40
1
41
1
41
1
41
1
41
1
10
30.14566945750806
20
-1.7486741343695289
30
0
10
30.03983612417472
20
-1.8280491343695315
30
0
10
24.880461124174722
20
-1.8809658010361952
30
0
10
18.636294457508058
20
-1.8545074677028717
30
0
0
SPLINE
5
101
100
AcDbEntity
8
0
100
AcDbSpline
70
4
71
3
72
8
73
4
74
0
42
0.000000001
43
0.0000000001
44
0.0000000001
40
0
40
0
40
0
40
0
40
1
40
1
40
1
40
1
41
1
41
1
41
1
41
1
10
18.636294457508058
20
-1.8545074677028717
30
0
10
9.1112944575080554
20
-1.8545074677028717
30
0
10
7.2327527908413858
20
-1.9074241343695353
30
0
10
6.7829611241747179
20
-2.2249241343695312
30
0
0
SPLINE
5
102
100
AcDbEntity
8
0
100
AcDbSpline
70
4
71
3
72
8
73
4
74
0
42
0.000000001
43
0.0000000001
44
0.0000000001
40
0
40
0
40
0
40
0
40
1
40
1
40
1
40
1
41
1
41
1
41
1
41
1
10
6.7829611241747179
20
-2.2249241343695312
30
0
10
6.2537944575080529
20
-2.5953408010361922
30
0
10
6.2537944575080529
20
-3.0451324677028713
30
0
10
6.1744194575080513
20
-45.801799134369539
30
0
0
SPLINE
5
103
100
AcDbEntity
8
0
100
AcDbSpline
70
4
71
3
72
8
73
4
74
0
42
0.000000001
43
0.0000000001
44
0.0000000001
40
0
40
0
40
0
40
0
40
1
40
1
40
1
40
1
41
1
41
1
41
1
41
1
10
6.1744194575080513
20
-45.801799134369539
30
0
10
6.1215027908413866
20
-84.272215801036211
30
0
10
6.147961124174719
20
-89.061174134369566
30
0
10
6.5183777908413854
20
-89.616799134369543
30
0
0
LINE
5
104
100
AcDbEntity
8
0
100
AcDbLine
10
6.5183777908413854
20
-89.616799134369543
30
0
11
6.915252790841385
21
-90.225340801036225
31
0
0
LINE
5
105
100
AcDbEntity
8
0
100
AcDbLine
10
6.915252790841385
20
-90.225340801036225
30
0
11
12.445044457508052
21
-90.145965801036212
31
0
0
SPLINE
5
106
100
AcDbEntity
8
0
100
AcDbSpline
70
4
71
3
72
8
73
4
74
0
42
0.000000001
43
0.0000000001
44
0.0000000001
40
0
40
0
40
0
40
0
40
1
40
1
40
1
40
1
41
1
41
1
41
1
41
1
10
12.445044457508052
20
-90.145965801036212
30
0
10
15.487752790841389
20
-90.119507467702888
30
0
10
17.948377790841391
20
-90.145965801036212
30
0
10
17.895461124174719
20
-90.225340801036225
30
0
0
SPLINE
5
107
100
AcDbEntity
8
0
100
AcDbSpline
70
4
71
3
72
8
73
4
74
0
42
0.000000001
43
0.0000000001
44
0.0000000001
40
0
40
0
40
0
40
0
40
1
40
1
40
1
40
1
41
1
41
1
41
1
41
1
10
17.895461124174719
20
-90.225340801036225
30
0
10
17.842544457508055
20
-90.304715801036224
30
0
10
18.080669457508058
20
-90.357632467702885
30
0
10
18.424627790841388
20
-90.357632467702885
30
0
0
SPLINE
5
108
100
AcDbEntity
8
0
100
AcDbSpline
70
4
71
3
72
8
73
4
74
0
42
0.000000001
43
0.0000000001
44
0.0000000001
40
0
40
0
40
0
40
0
40
1
40
1
40
1
40
1
41
1
41
1
41
1
41
1
10
18.424627790841388
20
-90.357632467702885
30
0
10
18.768586124174721
20
-90.357632467702885
30
0
10
19.006711124174721
20
-90.304715801036224
30
0
10
18.953794457508053
20
-90.225340801036225
30
0
0
SPLINE
5
109
100
AcDbEntity
8
0
100
AcDbSpline
70
4
71
3
72
8
73
4
74
0
42
0.000000001
43
0.0000000001
44
0.0000000001
40
0
40
0
40
0
40
0
40
1
40
1
40
1
40
1
41
1
41
1
41
1
41
1
10
18.953794457508053
20
-90.225340801036225
30
0
10
18.900877790841388
20
-90.145965801036212
30
0
10
19.906294457508054
20
-90.093049134369551
30
0
10
21.149836124174719
20
-90.119507467702888
30
0
0
SPLINE
5
110
100
AcDbEntity
8
0
100
AcDbSpline
70
4
71
3
72
8
73
4
74
0
42
0.000000001
43
0.0000000001
44
0.0000000001
40
0
40
0
40
0
40
0
40
1
40
1
40
1
40
1
41
1
41
1
41
1
41
1
10
21.149836124174719
20
-90.119507467702888
30
0
10
22.499211124174721
20
-90.119507467702888
30
0
10
23.53108612417472
20
-90.013674134369538
30
0
10
23.663377790841391
20
-89.854924134369568
30
0
0
SPLINE
5
111
100
AcDbEntity
8
0
100
AcDbSpline
70
4
71
3
72
8
73
4
74
0
42
0.000000001
43
0.0000000001
44
0.0000000001
40
0
40
0
40
0
40
0
40
1
40
1
40
1
40
1
41
1
41
1
41
1
41
1
10
23.663377790841391
20
-89.854924134369568
30
0
10
23.795669457508055
20
-89.643257467702881
30
0
10
23.901502790841391
20
-89.643257467702881
30
0
10
24.060252790841396
20
-89.854924134369568
30
0
0
SPLINE
5
112
100
AcDbEntity
8
0
100
AcDbSpline
70
4
71
3
72
8
73
4
74
0
42
0.000000001
43
0.0000000001
44
0.0000000001
40
0
40
0
40
0
40
0
40
1
40
1
40
1
40
1
41
1
41
1
41
1
41
1
10
24.060252790841396
20
-89.854924134369568
30
0
10
24.430669457508056
20
-90.384090801036223
30
0
10
25.965252790841387
20
-90.807424134369541
30
0
10
27.076502790841388
20
-90.67513246770288
30
0
0
SPLINE
5
113
100
AcDbEntity
8
0
100
AcDbSpline
70
4
71
3
72
8
73
4
74
0
42
0.000000001
43
0.0000000001
44
0.0000000001
40
0
40
0
40
0
40
0
40
1
40
1
40
1
40
1
41
1
41
1
41
1
41
1
10
27.076502790841388
20
-90.67513246770288
30
0
10
28.769836124174724
20
-90.489924134369559
30
0
10
30.172127790841394
20
-90.066590801036199
30
0
10
30.701294457508055
20
-89.59034080103622
30
0
0
SPLINE
5
114
100
AcDbEntity
8
0
100
AcDbSpline
70
4
71
3
72
8
73
4
74
0
42
0.000000001
43
0.0000000001
44
0.0000000001
40
0
40
0
40
0
40
0
40
1
40
1
40
1
40
1
41
1
41
1
41
1
41
1
10
30.701294457508055
20
-89.59034080103622
30
0
10
31.283377790841396
20
-89.061174134369566
30
0
10
31.521502790841389
20
-89.061174134369566
30
0
10
31.521502790841389
20
-89.537424134369545
30
0
0
SPLINE
5
115
100
AcDbEntity
8
0
100
AcDbSpline
70
4
71
3
72
8
73
4
74
0
42
0.000000001
43
0.0000000001
44
0.0000000001
40
0
40
0
40
0
40
0
40
1
40
1
40
1
40
1
41
1
41
1
41
1
41
1
10
31.521502790841389
20
-89.537424134369545
30
0
10
31.521502790841389
20
-90.145965801036212
30
0
10
32.606294457508056
20
-90.807424134369541
30
0
10
33.029627790841396
20
-90.463465801036222
30
0
0
SPLINE
5
116
100
AcDbEntity
8
0
100
AcDbSpline
70
4
71
3
72
8
73
4
74
0
42
0.000000001
43
0.0000000001
44
0.0000000001
40
0
40
0
40
0
40
0
40
1
40
1
40
1
40
1
41
1
41
1
41
1
41
1
10
33.029627790841396
20
-90.463465801036222
30
0
10
33.214836124174724
20
-90.304715801036224
30
0
10
33.691086124174731
20
-90.251799134369563
30
0
10
34.061502790841388
20
-90.331174134369547
30
0
0
SPLINE
5
117
100
AcDbEntity
8
0
100
AcDbSpline
70
4
71
3
72
8
73
4
74
0
42
0.000000001
43
0.0000000001
44
0.0000000001
40
0
40
0
40
0
40
0
40
1
40
1
40
1
40
1
41
1
41
1
41
1
41
1
10
34.061502790841388
20
-90.331174134369547
30
0
10
34.537752790841395
20
-90.463465801036222
30
0
10
34.908169457508066
20
-90.384090801036223
30
0
10
35.225669457508062
20
-90.093049134369551
30
0
0
SPLINE
5
118
100
AcDbEntity
8
0
100
AcDbSpline
70
4
71
3
72
8
73
4
74
0
42
0.000000001
43
0.0000000001
44
0.0000000001
40
0
40
0
40
0
40
0
40
1
40
1
40
1
40
1
41
1
41
1
41
1
41
1
10
35.225669457508062
20
-90.093049134369551
30
0
10
35.490252790841396
20
-89.854924134369568
30
0
10
35.781294457508054
20
-89.775549134369555
30
0
10
35.860669457508052
20
-89.907840801036215
30
0
0
SPLINE
5
119
100
AcDbEntity
8
0
100
AcDbSpline
70
4
71
3
72
8
73
4
74
0
42
0.000000001
43
0.0000000001
44
0.0000000001
40
0
40
0
40
0
40
0
40
1
40
1
40
1
40
1
41
1
41
1
41
1
41
1
10
35.860669457508052
20
-89.907840801036215
30
0
10
35.940044457508058
20
-90.040132467702875
30
0
10
44.565461124174732
20
-90.17242413436955
30
0
10
56.709836124174721
20
-90.198882467702873
30
0
0
SPLINE
5
120
100
AcDbEntity
8
0
100
AcDbSpline
70
4
71
3
72
8
73
4
74
0
42
0.000000001
43
0.0000000001
44
0.0000000001
40
0
40
0
40
0
40
0
40
1
40
1
40
1
40
1
41
1
41
1
41
1
41
1
10
56.709836124174721
20
-90.198882467702873
30
0
10
76.289002790841408
20
-90.251799134369563
30
0
10
77.453169457508068
20
-90.225340801036225
30
0
10
77.823586124174739
20
-89.775549134369555
30
0
0
SPLINE
5
121
100
AcDbEntity
8
0
100
AcDbSpline
70
4
71
3
72
8
73
4
74
0
42
0.000000001
43
0.0000000001
44
0.0000000001
40
0
40
0
40
0
40
0
40
1
40
1
40
1
40
1
41
1
41
1
41
1
41
1
10
77.823586124174739
20
-89.775549134369555
30
0
10
78.167544457508058
20
-89.352215801036209
30
0
10
78.220461124174733
20
-84.113465801036199
30
0
10
78.220461124174733
20
-46.013465801036205
30
0
0
SPLINE
5
122
100
AcDbEntity
8
0
100
AcDbSpline
70
4
71
3
72
8
73
4
74
0
42
0.000000001
43
0.0000000001
44
0.0000000001
40
0
40
0
40
0
40
0
40
1
40
1
40
1
40
1
41
1
41
1
41
1
41
1
10
78.220461124174733
20
-46.013465801036205
30
0
10
78.220461124174733
20
-9.3422158010361933
30
0
10
78.167544457508058
20
-2.674715801036196
30
0
10
77.850044457508076
20
-2.277840801036195
30
0
0
SPLINE
5
123
100
AcDbEntity
8
0
100
AcDbSpline
70
4
71
3
72
8
73
4
74
0
42
0.000000001
43
0.0000000001
44
0.0000000001
40
0
40
0
40
0
40
0
40
1
40
1
40
1
40
1
41
1
41
1
41
1
41
1
10
77.850044457508076
20
-2.277840801036195
30
0
10
77.506086124174729
20
-1.8809658010361952
30
0
10
75.892127790841414
20
-1.8280491343695315
30
0
10
56.947961124174725
20
-1.8545074677028717
30
0
0
SPLINE
5
124
100
AcDbEntity
8
0
100
AcDbSpline
70
4
71
3
72
8
73
4
74
0
42
0.000000001
43
0.0000000001
44
0.0000000001
40
0
40
0
40
0
40
0
40
1
40
1
40
1
40
1
41
1
41
1
41
1
41
1
10
56.947961124174725
20
-1.8545074677028717
30
0
10
45.650252790841392
20
-1.8809658010361952
30
0
10
36.204627790841393
20
-1.8015908010361925
30
0
10
35.940044457508058
20
-1.7222158010362043
30
0
0
SPLINE
5
125
100
AcDbEntity
8
0
100
AcDbSpline
70
4
71
3
72
8
73
4
74
0
42
0.000000001
43
0.0000000001
44
0.0000000001
40
0
40
0
40
0
40
0
40
1
40
1
40
1
40
1
41
1
41
1
41
1
41
1
10
35.940044457508058
20
-1.7222158010362043
30
0
10
35.701919457508062
20
-1.6163824677028626
30
0
10
35.490252790841396
20
-1.6428408010362017
30
0
10
35.490252790841396
20
-1.8015908010361925
30
0
0
SPLINE
5
126
100
AcDbEntity
8
0
100
AcDbSpline
70
4
71
3
72
8
73
4
74
0
42
0.000000001
43
0.0000000001
44
0.0000000001
40
0
40
0
40
0
40
0
40
1
40
1
40
1
40
1
41
1
41
1
41
1
41
1
10
35.490252790841396
20
-1.8015908010361925
30
0
10
35.490252790841396
20
-1.9338824677028588
30
0
10
34.987544457508058
20
-2.0132574677028625
30
0
10
34.37900279084139
20
-1.9603408010361989
30
0
0
SPLINE
5
127
100
AcDbEntity
8
0
100
AcDbSpline
70
4
71
3
72
8
73
4
74
0
42
0.000000001
43
0.0000000001
44
0.0000000001
40
0
40
0
40
0
40
0
40
1
40
1
40
1
40
1
41
1
41
1
41
1
41
1
10
34.37900279084139
20
-1.9603408010361989
30
0
10
32.765044457508061
20
-1.8015908010361925
30
0
10
31.230461124174724
20
-1.8280491343695315
30
0
10
30.648377790841394
20
-2.0132574677028625
30
0
0
SPLINE
5
128
100
AcDbEntity
8
0
100
AcDbSpline
70
4
71
3
72
8
73
4
74
0
42
0.000000001
43
0.0000000001
44
0.0000000001
40
0
40
0
40
0
40
0
40
1
40
1
40
1
40
1
41
1
41
1
41
1
41
1
10
30.648377790841394
20
-2.0132574677028625
30
0
10
30.304419457508054
20
-2.1190908010362044
30
0
10
30.198586124174724
20
-2.0661741343695263
30
0
10
30.304419457508054
20
-1.8809658010361952
30
0
0
SPLINE
5
129
100
AcDbEntity
8
0
100
AcDbSpline
70
4
71
3
72
8
73
4
74
0
42
0.000000001
43
0.0000000001
44
0.0000000001
40
0
40
0
40
0
40
0
40
1
40
1
40
1
40
1
41
1
41
1
41
1
41
1
10
30.304419457508054
20
-1.8809658010361952
30
0
10
30.51608612417472
20
-1.5634658010361979
30
0
10
30.38379445750806
20
-1.4840908010361953
30
0
10
30.14566945750806
20
-1.7486741343695289
30
0
0
SPLINE
5
130
100
AcDbEntity
8
0
100
AcDbSpline
70
4
71
3
72
8
73
4
74
0
42
0.000000001
43
0.0000000001
44
0.0000000001
40
0
40
0
40
0
40
0
40
1
40
1
40
1
40
1
41
1
41
1
41
1
41
1
10
37.077752790841387
20
-2.886382467702866
30
0
10
37.077752790841387
20
-2.9922158010361932
30
0
10
36.363377790841398
20
-3.2038824677028632
30
0
10
35.490252790841396
20
-3.3361741343695295
30
0
0
SPLINE
5
131
100
AcDbEntity
8
0
100
AcDbSpline
70
4
71
3
72
8
73
4
74
0
42
0.000000001
43
0.0000000001
44
0.0000000001
40
0
40
0
40
0
40
0
40
1
40
1
40
1
40
1
41
1
41
1
41
1
41
1
10
35.490252790841396
20
-3.3361741343695295
30
0
10
34.37900279084139
20
-3.5213824677028605
30
0
10
33.929211124174728
20
-3.5213824677028605
30
0
10
33.982127790841396
20
-3.3361741343695295
30
0
0
SPLINE
5
132
100
AcDbEntity
8
0
100
AcDbSpline
70
4
71
3
72
8
73
4
74
0
42
0.000000001
43
0.0000000001
44
0.0000000001
40
0
40
0
40
0
40
0
40
1
40
1
40
1
40
1
41
1
41
1
41
1
41
1
10
33.982127790841396
20
-3.3361741343695295
30
0
10
34.035044457508057
20
-3.1774241343695375
30
0
10
34.246711124174723
20
-3.0451324677028713
30
0
10
34.458377790841396
20
-3.0186741343695322
30
0
0
SPLINE
5
133
100
AcDbEntity
8
0
100
AcDbSpline
70
4
71
3
72
8
73
4
74
0
42
0.000000001
43
0.0000000001
44
0.0000000001
40
0
40
0
40
0
40
0
40
1
40
1
40
1
40
1
41
1
41
1
41
1
41
1
10
34.458377790841396
20
-3.0186741343695322
30
0
10
34.670044457508055
20
-3.0186741343695322
30
0
10
35.252127790841392
20
-2.9657574677028675
30
0
10
35.754836124174723
20
-2.9392991343695285
30
0
0
SPLINE
5
134
100
AcDbEntity
8
0
100
AcDbSpline
70
4
71
3
72
8
73
4
74
0
42
0.000000001
43
0.0000000001
44
0.0000000001
40
0
40
0
40
0
40
0
40
1
40
1
40
1
40
1
41
1
41
1
41
1
41
1
10
35.754836124174723
20
-2.9392991343695285
30
0
10
36.522127790841388
20
-2.912840801036205
30
0
10
36.601502790841394
20
-2.859924134369527
30
0
10
36.231086124174723
20
-2.6217991343695326
30
0
0
SPLINE
5
135
100
AcDbEntity
8
0
100
AcDbSpline
70
4
71
3
72
8
73
4
74
0
42
0.000000001
43
0.0000000001
44
0.0000000001
40
0
40
0
40
0
40
0
40
1
40
1
40
1
40
1
41
1
41
1
41
1
41
1
10
36.231086124174723
20
-2.6217991343695326
30
0
10
35.966502790841389
20
-2.489507467702865
30
0
10
35.754836124174723
20
-2.2513824677028715
30
0
10
35.754836124174723
20
-2.0926324677028649
30
0
0
SPLINE
5
136
100
AcDbEntity
8
0
100
AcDbSpline
70
4
71
3
72
8
73
4
74
0
42
0.000000001
43
0.0000000001
44
0.0000000001
40
0
40
0
40
0
40
0
40
1
40
1
40
1
40
1
41
1
41
1
41
1
41
1
10
35.754836124174723
20
-2.0926324677028649
30
0
10
35.754836124174723
20
-1.9603408010361989
30
0
10
36.045877790841402
20
-2.0397158010362015
30
0
10
36.416294457508052
20
-2.277840801036195
30
0
0
SPLINE
5
137
100
AcDbEntity
8
0
100
AcDbSpline
70
4
71
3
72
8
73
4
74
0
42
0.000000001
43
0.0000000001
44
0.0000000001
40
0
40
0
40
0
40
0
40
1
40
1
40
1
40
1
41
1
41
1
41
1
41
1
10
36.416294457508052
20
-2.277840801036195
30
0
10
36.786711124174722
20
-2.5159658010362049
30
0
10
37.077752790841387
20
-2.7805491343695374
30
0
10
37.077752790841387
20
-2.886382467702866
30
0
0
SPLINE
5
138
100
AcDbEntity
8
0
100
AcDbSpline
70
4
71
3
72
8
73
4
74
0
42
0.000000001
43
0.0000000001
44
0.0000000001
40
0
40
0
40
0
40
0
40
1
40
1
40
1
40
1
41
1
41
1
41
1
41
1
10
33.849836124174722
20
-2.9922158010361932
30
0
10
33.558794457508057
20
-3.5478408010361995
30
0
10
33.770461124174716
20
-4.7649241343695392
30
0
10
34.167336124174724
20
-4.7649241343695392
30
0
0
SPLINE
5
139
100
AcDbEntity
8
0
100
AcDbSpline
70
4
71
3
72
8
73
4
74
0
42
0.000000001
43
0.0000000001
44
0.0000000001
40
0
40
0
40
0
40
0
40
1
40
1
40
1
40
1
41
1
41
1
41
1
41
1
10
34.167336124174724
20
-4.7649241343695392
30
0
10
34.299627790841392
20
-4.7649241343695392
30
0
10
34.35254445750806
20
-4.5797158010361922
30
0
10
34.273169457508061
20
-4.3680491343695387
30
0
0
SPLINE
5
140
100
AcDbEntity
8
0
100
AcDbSpline
70
4
71
3
72
8
73
4
74
0
42
0.000000001
43
0.0000000001
44
0.0000000001
40
0
40
0
40
0
40
0
40
1
40
1
40
1
40
1
41
1
41
1
41
1
41
1
10
34.273169457508061
20
-4.3680491343695387
30
0
10
34.167336124174724
20
-4.1034658010362062
30
0
10
34.273169457508061
20
-3.9447158010361982
30
0
10
34.590669457508064
20
-3.9182574677028592
30
0
0
SPLINE
5
141
100
AcDbEntity
8
0
100
AcDbSpline
70
4
71
3
72
8
73
4
74
0
42
0.000000001
43
0.0000000001
44
0.0000000001
40
0
40
0
40
0
40
0
40
1
40
1
40
1
40
1
41
1
41
1
41
1
41
1
10
34.590669457508064
20
-3.9182574677028592
30
0
10
35.093377790841387
20
-3.8917991343695357
30
0
10
35.490252790841396
20
-3.812424134369532
30
0
10
35.754836124174723
20
-3.7065908010362048
30
0
0
SPLINE
5
142
100
AcDbEntity
8
0
100
AcDbSpline
70
4
71
3
72
8
73
4
74
0
42
0.000000001
43
0.0000000001
44
0.0000000001
40
0
40
0
40
0
40
0
40
1
40
1
40
1
40
1
41
1
41
1
41
1
41
1
10
35.754836124174723
20
-3.7065908010362048
30
0
10
36.442752790841396
20
-3.4684658010361957
30
0
10
37.342336124174722
20
-3.5213824677028605
30
0
10
37.342336124174722
20
-3.838882467702871
30
0
0
SPLINE
5
143
100
AcDbEntity
8
0
100
AcDbSpline
70
4
71
3
72
8
73
4
74
0
42
0.000000001
43
0.0000000001
44
0.0000000001
40
0
40
0
40
0
40
0
40
1
40
1
40
1
40
1
41
1
41
1
41
1
41
1
10
37.342336124174722
20
-3.838882467702871
30
0
10
37.342336124174722
20
-4.0505491343695255
30
0
10
37.104211124174725
20
-4.1563824677028682
30
0
10
36.680877790841393
20
-4.1034658010362062
30
0
0
SPLINE
5
144
100
AcDbEntity
8
0
100
AcDbSpline
70
4
71
3
72
8
73
4
74
0
42
0.000000001
43
0.0000000001
44
0.0000000001
40
0
40
0
40
0
40
0
40
1
40
1
40
1
40
1
41
1
41
1
41
1
41
1
10
36.680877790841393
20
-4.1034658010362062
30
0
10
36.310461124174729
20
-4.0770074677028649
30
0
10
35.940044457508058
20
-4.1299241343695297
30
0
10
35.860669457508052
20
-4.262215801036195
30
0
0
SPLINE
5
145
100
AcDbEntity
8
0
100
AcDbSpline
70
4
71
3
72
8
73
4
74
0
42
0.000000001
43
0.0000000001
44
0.0000000001
40
0
40
0
40
0
40
0
40
1
40
1
40
1
40
1
41
1
41
1
41
1
41
1
10
35.860669457508052
20
-4.262215801036195
30
0
10
35.807752790841391
20
-4.3680491343695387
30
0
10
35.569627790841388
20
-4.4209658010362034
30
0
10
35.357961124174722
20
-4.3415908010361992
30
0
0
SPLINE
5
146
100
AcDbEntity
8
0
100
AcDbSpline
70
4
71
3
72
8
73
4
74
0
42
0.000000001
43
0.0000000001
44
0.0000000001
40
0
40
0
40
0
40
0
40
1
40
1
40
1
40
1
41
1
41
1
41
1
41
1
10
35.357961124174722
20
-4.3415908010361992
30
0
10
35.146294457508063
20
-4.262215801036195
30
0
10
34.802336124174722
20
-4.4738824677028655
30
0
10
34.564211124174726
20
-4.870757467702866
30
0
0
SPLINE
5
147
100
AcDbEntity
8
0
100
AcDbSpline
70
4
71
3
72
8
73
4
74
0
42
0.000000001
43
0.0000000001
44
0.0000000001
40
0
40
0
40
0
40
0
40
1
40
1
40
1
40
1
41
1
41
1
41
1
41
1
10
34.564211124174726
20
-4.870757467702866
30
0
10
34.061502790841388
20
-5.6115908010362014
30
0
10
33.373586124174722
20
-5.7967991343695324
30
0
10
33.373586124174722
20
-5.1882574677028632
30
0
0
SPLINE
5
148
100
AcDbEntity
8
0
100
AcDbSpline
70
4
71
3
72
8
73
4
74
0
42
0.000000001
43
0.0000000001
44
0.0000000001
40
0
40
0
40
0
40
0
40
1
40
1
40
1
40
1
41
1
41
1
41
1
41
1
10
33.373586124174722
20
-5.1882574677028632
30
0
10
33.373586124174722
20
-4.9236741343695289
30
0
10
33.082544457508057
20
-4.8178408010362013
30
0
10
32.39462779084139
20
-4.8442991343695248
30
0
0
SPLINE
5
149
100
AcDbEntity
8
0
100
AcDbSpline
70
4
71
3
72
8
73
4
74
0
42
0.000000001
43
0.0000000001
44
0.0000000001
40
0
40
0
40
0
40
0
40
1
40
1
40
1
40
1
41
1
41
1
41
1
41
1
10
32.39462779084139
20
-4.8442991343695248
30
0
10
31.839002790841391
20
-4.870757467702866
30
0
10
31.389211124174725
20
-4.738465801036198
30
0
10
31.30983612417473
20
-4.5267991343695302
30
0
0
SPLINE
5
150
100
AcDbEntity
8
0
100
AcDbSpline
70
4
71
3
72
8
73
4
74
0
42
0.000000001
43
0.0000000001
44
0.0000000001
40
0
40
0
40
0
40
0
40
1
40
1
40
1
40
1
41
1
41
1
41
1
41
1
10
31.30983612417473
20
-4.5267991343695302
30
0
10
31.256919457508054
20
-4.3415908010361992
30
0
10
30.939419457508059
20
-3.9182574677028592
30
0
10
30.595461124174719
20
-3.5478408010361995
30
0
0
LINE
5
151
100
AcDbEntity
8
0
100
AcDbLine
10
30.595461124174719
20
-3.5478408010361999
30
0
11
29.986919457508058
21
-2.9128408010362055
31
0
0
LINE
5
152
100
AcDbEntity
8
0
100
AcDbLine
10
29.986919457508058
20
-2.9128408010362055
30
0
11
29.801711124174716
21
-3.4949241343695352
31
0
0
SPLINE
5
153
100
AcDbEntity
8
0
100
AcDbSpline
70
4
71
3
72
8
73
4
74
0
42
0.000000001
43
0.0000000001
44
0.0000000001
40
0
40
0
40
0
40
0
40
1
40
1
40
1
40
1
41
1
41
1
41
1
41
1
10
29.801711124174723
20
-3.4949241343695348
30
0
10
29.695877790841394
20
-3.838882467702871
30
0
10
29.642961124174725
20
-4.262215801036195
30
0
10
29.669419457508049
20
-4.4474241343695269
30
0
0
SPLINE
5
154
100
AcDbEntity
8
0
100
AcDbSpline
70
4
71
3
72
8
73
4
74
0
42
0.000000001
43
0.0000000001
44
0.0000000001
40
0
40
0
40
0
40
0
40
1
40
1
40
1
40
1
41
1
41
1
41
1
41
1
10
29.669419457508049
20
-4.4474241343695269
30
0
10
29.669419457508049
20
-4.6590908010361964
30
0
10
29.378377790841384
20
-5.0824241343695338
30
0
10
28.98150279084139
20
-5.4263824677028722
30
0
0
SPLINE
5
155
100
AcDbEntity
8
0
100
AcDbSpline
70
4
71
3
72
8
73
4
74
0
42
0.000000001
43
0.0000000001
44
0.0000000001
40
0
40
0
40
0
40
0
40
1
40
1
40
1
40
1
41
1
41
1
41
1
41
1
10
28.98150279084139
20
-5.4263824677028722
30
0
10
28.611086124174719
20
-5.7438824677028677
30
0
10
28.372961124174729
20
-6.1672158010361926
30
0
10
28.452336124174728
20
-6.3259658010361992
30
0
0
SPLINE
5
156
100
AcDbEntity
8
0
100
AcDbSpline
70
4
71
3
72
8
73
4
74
0
42
0.000000001
43
0.0000000001
44
0.0000000001
40
0
40
0
40
0
40
0
40
1
40
1
40
1
40
1
41
1
41
1
41
1
41
1
10
28.452336124174728
20
-6.3259658010361992
30
0
10
28.558169457508058
20
-6.4847158010362049
30
0
10
28.478794457508059
20
-6.6170074677028712
30
0
10
28.267127790841393
20
-6.6170074677028712
30
0
0
SPLINE
5
157
100
AcDbEntity
8
0
100
AcDbSpline
70
4
71
3
72
8
73
4
74
0
42
0.000000001
43
0.0000000001
44
0.0000000001
40
0
40
0
40
0
40
0
40
1
40
1
40
1
40
1
41
1
41
1
41
1
41
1
10
28.267127790841393
20
-6.6170074677028712
30
0
10
27.579211124174723
20
-6.6170074677028712
30
0
10
25.541919457508058
20
-9.1570074677028614
30
0
10
25.171502790841387
20
-10.427007467702866
30
0
0
SPLINE
5
158
100
AcDbEntity
8
0
100
AcDbSpline
70
4
71
3
72
8
73
4
74
0
42
0.000000001
43
0.0000000001
44
0.0000000001
40
0
40
0
40
0
40
0
40
1
40
1
40
1
40
1
41
1
41
1
41
1
41
1
10
25.171502790841387
20
-10.427007467702866
30
0
10
24.324836124174727
20
-13.522632467702863
30
0
10
25.303794457508051
20
-17.14742413436953
30
0
10
27.764419457508058
20
-19.872632467702864
30
0
0
SPLINE
5
159
100
AcDbEntity
8
0
100
AcDbSpline
70
4
71
3
72
8
73
4
74
0
42
0.000000001
43
0.0000000001
44
0.0000000001
40
0
40
0
40
0
40
0
40
1
40
1
40
1
40
1
41
1
41
1
41
1
41
1
10
27.764419457508058
20
-19.872632467702864
30
0
10
28.849211124174722
20
-21.089715801036206
30
0
10
28.928586124174728
20
-21.274924134369535
30
0
10
28.796294457508054
20
-22.253882467702866
30
0
0
SPLINE
5
160
100
AcDbEntity
8
0
100
AcDbSpline
70
4
71
3
72
8
73
4
74
0
42
0.000000001
43
0.0000000001
44
0.0000000001
40
0
40
0
40
0
40
0
40
1
40
1
40
1
40
1
41
1
41
1
41
1
41
1
10
28.796294457508054
20
-22.253882467702866
30
0
10
28.716919457508059
20
-22.83596580103621
30
0
10
28.478794457508059
20
-23.523882467702869
30
0
10
28.240669457508059
20
-23.7884658010362
30
0
0
SPLINE
5
161
100
AcDbEntity
8
0
100
AcDbSpline
70
4
71
3
72
8
73
4
74
0
42
0.000000001
43
0.0000000001
44
0.0000000001
40
0
40
0
40
0
40
0
40
1
40
1
40
1
40
1
41
1
41
1
41
1
41
1
10
28.240669457508059
20
-23.7884658010362
30
0
10
28.002544457508058
20
-24.053049134369534
30
0
10
27.817336124174723
20
-24.476382467702873
30
0
10
27.817336124174723
20
-24.767424134369534
30
0
0
SPLINE
5
162
100
AcDbEntity
8
0
100
AcDbSpline
70
4
71
3
72
8
73
4
74
0
42
0.000000001
43
0.0000000001
44
0.0000000001
40
0
40
0
40
0
40
0
40
1
40
1
40
1
40
1
41
1
41
1
41
1
41
1
10
27.817336124174723
20
-24.767424134369534
30
0
10
27.817336124174723
20
-25.190757467702873
30
0
10
27.870252790841398
20
-25.217215801036211
30
0
10
28.081919457508057
20
-24.873257467702878
30
0
0
SPLINE
5
163
100
AcDbEntity
8
0
100
AcDbSpline
70
4
71
3
72
8
73
4
74
0
42
0.000000001
43
0.0000000001
44
0.0000000001
40
0
40
0
40
0
40
0
40
1
40
1
40
1
40
1
41
1
41
1
41
1
41
1
10
28.081919457508057
20
-24.873257467702878
30
0
10
28.320044457508054
20
-24.529299134369538
30
0
10
28.372961124174729
20
-24.529299134369538
30
0
10
28.611086124174719
20
-24.873257467702878
30
0
0
SPLINE
5
164
100
AcDbEntity
8
0
100
AcDbSpline
70
4
71
3
72
8
73
4
74
0
42
0.000000001
43
0.0000000001
44
0.0000000001
40
0
40
0
40
0
40
0
40
1
40
1
40
1
40
1
41
1
41
1
41
1
41
1
10
28.611086124174719
20
-24.873257467702878
30
0
10
29.007961124174724
20
-25.481799134369542
30
0
10
28.955044457508059
20
-25.56117413436953
30
0
10
27.817336124174723
20
-26.169715801036201
30
0
0
SPLINE
5
165
100
AcDbEntity
8
0
100
AcDbSpline
70
4
71
3
72
8
73
4
74
0
42
0.000000001
43
0.0000000001
44
0.0000000001
40
0
40
0
40
0
40
0
40
1
40
1
40
1
40
1
41
1
41
1
41
1
41
1
10
27.817336124174723
20
-26.169715801036201
30
0
10
26.891294457508053
20
-26.645965801036205
30
0
10
26.759002790841386
20
-26.672424134369543
30
0
10
26.759002790841386
20
-26.275549134369545
30
0
0
SPLINE
5
166
100
AcDbEntity
8
0
100
AcDbSpline
70
4
71
3
72
8
73
4
74
0
42
0.000000001
43
0.0000000001
44
0.0000000001
40
0
40
0
40
0
40
0
40
1
40
1
40
1
40
1
41
1
41
1
41
1
41
1
10
26.759002790841386
20
-26.275549134369545
30
0
10
26.759002790841386
20
-26.037424134369537
30
0
10
26.679627790841394
20
-25.931590801036208
30
0
10
26.573794457508058
20
-26.037424134369537
30
0
0
SPLINE
5
167
100
AcDbEntity
8
0
100
AcDbSpline
70
4
71
3
72
8
73
4
74
0
42
0.000000001
43
0.0000000001
44
0.0000000001
40
0
40
0
40
0
40
0
40
1
40
1
40
1
40
1
41
1
41
1
41
1
41
1
10
26.573794457508058
20
-26.037424134369537
30
0
10
26.256294457508062
20
-26.354924134369533
30
0
10
25.727127790841394
20
-28.127632467702878
30
0
10
25.885877790841391
20
-28.392215801036215
30
0
0
SPLINE
5
168
100
AcDbEntity
8
0
100
AcDbSpline
70
4
71
3
72
8
73
4
74
0
42
0.000000001
43
0.0000000001
44
0.0000000001
40
0
40
0
40
0
40
0
40
1
40
1
40
1
40
1
41
1
41
1
41
1
41
1
10
25.885877790841391
20
-28.392215801036215
30
0
10
25.965252790841387
20
-28.524507467702879
30
0
10
25.780044457508062
20
-28.789090801036213
30
0
10
25.489002790841397
20
-29.000757467702869
30
0
0
SPLINE
5
169
100
AcDbEntity
8
0
100
AcDbSpline
70
4
71
3
72
8
73
4
74
0
42
0.000000001
43
0.0000000001
44
0.0000000001
40
0
40
0
40
0
40
0
40
1
40
1
40
1
40
1
41
1
41
1
41
1
41
1
10
25.489002790841397
20
-29.000757467702869
30
0
10
25.197961124174732
20
-29.212424134369535
30
0
10
24.880461124174722
20
-29.715132467702876
30
0
10
24.774627790841386
20
-30.138465801036205
30
0
0
SPLINE
5
170
100
AcDbEntity
8
0
100
AcDbSpline
70
4
71
3
72
8
73
4
74
0
42
0.000000001
43
0.0000000001
44
0.0000000001
40
0
40
0
40
0
40
0
40
1
40
1
40
1
40
1
41
1
41
1
41
1
41
1
10
24.774627790841386
20
-30.138465801036205
30
0
10
24.615877790841392
20
-30.905757467702877
30
0
10
23.795669457508055
20
-31.48784080103621
30
0
10
23.636919457508057
20
-30.985132467702865
30
0
0
SPLINE
5
171
100
AcDbEntity
8
0
100
AcDbSpline
70
4
71
3
72
8
73
4
74
0
42
0.000000001
43
0.0000000001
44
0.0000000001
40
0
40
0
40
0
40
0
40
1
40
1
40
1
40
1
41
1
41
1
41
1
41
1
10
23.636919457508057
20
-30.985132467702865
30
0
10
23.50462779084139
20
-30.561799134369544
30
0
10
23.05483612417472
20
-30.641174134369543
30
0
10
23.05483612417472
20
-31.090965801036209
30
0
0
SPLINE
5
172
100
AcDbEntity
8
0
100
AcDbSpline
70
4
71
3
72
8
73
4
74
0
42
0.000000001
43
0.0000000001
44
0.0000000001
40
0
40
0
40
0
40
0
40
1
40
1
40
1
40
1
41
1
41
1
41
1
41
1
10
23.05483612417472
20
-31.090965801036209
30
0
10
23.05483612417472
20
-31.302632467702878
30
0
10
23.213586124174725
20
-31.48784080103621
30
0
10
23.372336124174726
20
-31.48784080103621
30
0
0
SPLINE
5
173
100
AcDbEntity
8
0
100
AcDbSpline
70
4
71
3
72
8
73
4
74
0
42
0.000000001
43
0.0000000001
44
0.0000000001
40
0
40
0
40
0
40
0
40
1
40
1
40
1
40
1
41
1
41
1
41
1
41
1
10
23.372336124174726
20
-31.48784080103621
30
0
10
23.557544457508051
20
-31.48784080103621
30
0
10
23.05483612417472
20
-32.122840801036205
30
0
10
22.23462779084139
20
-32.916590801036207
30
0
0
SPLINE
5
174
100
AcDbEntity
8
0
100
AcDbSpline
70
4
71
3
72
8
73
4
74
0
42
0.000000001
43
0.0000000001
44
0.0000000001
40
0
40
0
40
0
40
0
40
1
40
1
40
1
40
1
41
1
41
1
41
1
41
1
10
22.23462779084139
20
-32.916590801036207
30
0
10
20.779419457508055
20
-34.318882467702878
30
0
10
20.356086124174723
20
-35.139090801036204
30
0
10
19.747544457508049
20
-37.705549134369541
30
0
0
SPLINE
5
175
100
AcDbEntity
8
0
100
AcDbSpline
70
4
71
3
72
8
73
4
74
0
42
0.000000001
43
0.0000000001
44
0.0000000001
40
0
40
0
40
0
40
0
40
1
40
1
40
1
40
1
41
1
41
1
41
1
41
1
10
19.747544457508049
20
-37.705549134369541
30
0
10
19.641711124174716
20
-38.12888246770288
30
0
10
19.482961124174718
20
-40.615965801036211
30
0
10
19.377127790841385
20
-43.182424134369541
30
0
0
SPLINE
5
176
100
AcDbEntity
8
0
100
AcDbSpline
70
4
71
3
72
8
73
4
74
0
42
0.000000001
43
0.0000000001
44
0.0000000001
40
0
40
0
40
0
40
0
40
1
40
1
40
1
40
1
41
1
41
1
41
1
41
1
10
19.377127790841385
20
-43.182424134369541
30
0
10
19.244836124174718
20
-47.362840801036214
30
0
10
19.165461124174719
20
-47.918465801036206
30
0
10
18.715669457508053
20
-48.235965801036201
30
0
0
SPLINE
5
177
100
AcDbEntity
8
0
100
AcDbSpline
70
4
71
3
72
8
73
4
74
0
42
0.000000001
43
0.0000000001
44
0.0000000001
40
0
40
0
40
0
40
0
40
1
40
1
40
1
40
1
41
1
41
1
41
1
41
1
10
18.715669457508053
20
-48.235965801036201
30
0
10
18.398169457508054
20
-48.474090801036205
30
0
10
18.318794457508048
20
-48.65929913436954
30
0
10
18.50400279084139
20
-48.76513246770287
30
0
0
SPLINE
5
178
100
AcDbEntity
8
0
100
AcDbSpline
70
4
71
3
72
8
73
4
74
0
42
0.000000001
43
0.0000000001
44
0.0000000001
40
0
40
0
40
0
40
0
40
1
40
1
40
1
40
1
41
1
41
1
41
1
41
1
10
18.50400279084139
20
-48.76513246770287
30
0
10
18.636294457508058
20
-48.870965801036206
30
0
10
18.715669457508053
20
-49.188465801036202
30
0
10
18.636294457508058
20
-49.479507467702881
30
0
0
SPLINE
5
179
100
AcDbEntity
8
0
100
AcDbSpline
70
4
71
3
72
8
73
4
74
0
42
0.000000001
43
0.0000000001
44
0.0000000001
40
0
40
0
40
0
40
0
40
1
40
1
40
1
40
1
41
1
41
1
41
1
41
1
10
18.636294457508058
20
-49.479507467702881
30
0
10
18.556919457508055
20
-49.770549134369546
30
0
10
18.609836124174723
20
-50.167424134369547
30
0
10
18.768586124174721
20
-50.352632467702875
30
0
0
SPLINE
5
180
100
AcDbEntity
8
0
100
AcDbSpline
70
4
71
3
72
8
73
4
74
0
42
0.000000001
43
0.0000000001
44
0.0000000001
40
0
40
0
40
0
40
0
40
1
40
1
40
1
40
1
41
1
41
1
41
1
41
1
10
18.768586124174721
20
-50.352632467702875
30
0
10
18.927336124174722
20
-50.537840801036211
30
0
10
19.139002790841392
20
-51.70200746770287
30
0
10
19.218377790841387
20
-52.945549134369543
30
0
0
SPLINE
5
181
100
AcDbEntity
8
0
100
AcDbSpline
70
4
71
3
72
8
73
4
74
0
42
0.000000001
43
0.0000000001
44
0.0000000001
40
0
40
0
40
0
40
0
40
1
40
1
40
1
40
1
41
1
41
1
41
1
41
1
10
19.218377790841387
20
-52.945549134369543
30
0
10
19.482961124174718
20
-56.543882467702879
30
0
10
20.197336124174726
20
-59.322007467702875
30
0
10
21.149836124174719
20
-60.300965801036213
30
0
0
SPLINE
5
182
100
AcDbEntity
8
0
100
AcDbSpline
70
4
71
3
72
8
73
4
74
0
42
0.000000001
43
0.0000000001
44
0.0000000001
40
0
40
0
40
0
40
0
40
1
40
1
40
1
40
1
41
1
41
1
41
1
41
1
10
21.149836124174719
20
-60.300965801036213
30
0
10
21.573169457508055
20
-60.724299134369552
30
0
10
21.705461124174725
20
-60.618465801036223
30
0
10
18.424627790841388
20
-62.893882467702873
30
0
0
SPLINE
5
183
100
AcDbEntity
8
0
100
AcDbSpline
70
4
71
3
72
8
73
4
74
0
42
0.000000001
43
0.0000000001
44
0.0000000001
40
0
40
0
40
0
40
0
40
1
40
1
40
1
40
1
41
1
41
1
41
1
41
1
10
18.424627790841388
20
-62.893882467702873
30
0
10
15.646502790841389
20
-64.825340801036219
30
0
10
14.323586124174721
20
-65.963049134369541
30
0
10
13.820877790841383
20
-66.889090801036204
30
0
0
SPLINE
5
184
100
AcDbEntity
8
0
100
AcDbSpline
70
4
71
3
72
8
73
4
74
0
42
0.000000001
43
0.0000000001
44
0.0000000001
40
0
40
0
40
0
40
0
40
1
40
1
40
1
40
1
41
1
41
1
41
1
41
1
10
13.820877790841383
20
-66.889090801036204
30
0
10
13.291711124174723
20
-67.89450746770288
30
0
10
13.185877790841385
20
-70.169924134369538
30
0
10
13.635669457508053
20
-71.492840801036209
30
0
0
SPLINE
5
185
100
AcDbEntity
8
0
100
AcDbSpline
70
4
71
3
72
8
73
4
74
0
42
0.000000001
43
0.0000000001
44
0.0000000001
40
0
40
0
40
0
40
0
40
1
40
1
40
1
40
1
41
1
41
1
41
1
41
1
10
13.635669457508053
20
-71.492840801036209
30
0
10
14.059002790841383
20
-72.68346580103622
30
0
10
14.059002790841383
20
-72.762840801036205
30
0
10
13.582752790841388
20
-73.239090801036212
30
0
0
SPLINE
5
186
100
AcDbEntity
8
0
100
AcDbSpline
70
4
71
3
72
8
73
4
74
0
42
0.000000001
43
0.0000000001
44
0.0000000001
40
0
40
0
40
0
40
0
40
1
40
1
40
1
40
1
41
1
41
1
41
1
41
1
10
13.582752790841388
20
-73.239090801036212
30
0
10
13.291711124174723
20
-73.53013246770287
30
0
10
13.027127790841387
20
-73.900549134369555
30
0
10
12.947752790841388
20
-74.112215801036214
30
0
0
SPLINE
5
187
100
AcDbEntity
8
0
100
AcDbSpline
70
4
71
3
72
8
73
4
74
0
42
0.000000001
43
0.0000000001
44
0.0000000001
40
0
40
0
40
0
40
0
40
1
40
1
40
1
40
1
41
1
41
1
41
1
41
1
10
12.947752790841388
20
-74.112215801036214
30
0
10
12.789002790841387
20
-74.588465801036222
30
0
10
12.206919457508052
20
-74.165132467702875
30
0
10
12.206919457508052
20
-73.53013246770287
30
0
0
SPLINE
5
188
100
AcDbEntity
8
0
100
AcDbSpline
70
4
71
3
72
8
73
4
74
0
42
0.000000001
43
0.0000000001
44
0.0000000001
40
0
40
0
40
0
40
0
40
1
40
1
40
1
40
1
41
1
41
1
41
1
41
1
10
12.206919457508052
20
-73.53013246770287
30
0
10
12.206919457508052
20
-73.159715801036214
30
0
10
12.392127790841387
20
-73.027424134369539
30
0
10
12.868377790841388
20
-73.027424134369539
30
0
0
SPLINE
5
189
100
AcDbEntity
8
0
100
AcDbSpline
70
4
71
3
72
8
73
4
74
0
42
0.000000001
43
0.0000000001
44
0.0000000001
40
0
40
0
40
0
40
0
40
1
40
1
40
1
40
1
41
1
41
1
41
1
41
1
10
12.868377790841388
20
-73.027424134369539
30
0
10
13.238794457508053
20
-73.027424134369539
30
0
10
13.529836124174718
20
-72.895132467702894
30
0
10
13.529836124174718
20
-72.762840801036205
30
0
0
SPLINE
5
190
100
AcDbEntity
8
0
100
AcDbSpline
70
4
71
3
72
8
73
4
74
0
42
0.000000001
43
0.0000000001
44
0.0000000001
40
0
40
0
40
0
40
0
40
1
40
1
40
1
40
1
41
1
41
1
41
1
41
1
10
13.529836124174718
20
-72.762840801036205
30
0
10
13.529836124174718
20
-72.471799134369547
30
0
10
12.736086124174717
20
-72.418882467702886
30
0
10
12.101086124174723
20
-72.657007467702897
30
0
0
SPLINE
5
191
100
AcDbEntity
8
0
100
AcDbSpline
70
4
71
3
72
8
73
4
74
0
42
0.000000001
43
0.0000000001
44
0.0000000001
40
0
40
0
40
0
40
0
40
1
40
1
40
1
40
1
41
1
41
1
41
1
41
1
10
12.101086124174723
20
-72.657007467702897
30
0
10
11.36025279084139
20
-72.948049134369541
30
0
10
11.598377790841386
20
-74.006382467702878
30
0
10
12.55087779084139
20
-74.641382467702883
30
0
0
SPLINE
5
192
100
AcDbEntity
8
0
100
AcDbSpline
70
4
71
3
72
8
73
4
74
0
42
0.000000001
43
0.0000000001
44
0.0000000001
40
0
40
0
40
0
40
0
40
1
40
1
40
1
40
1
41
1
41
1
41
1
41
1
10
12.55087779084139
20
-74.641382467702883
30
0
10
13.000669457508053
20
-74.985340801036216
30
0
10
13.556294457508052
20
-75.408674134369548
30
0
10
13.767961124174718
20
-75.620340801036221
30
0
0
SPLINE
5
193
100
AcDbEntity
8
0
100
AcDbSpline
70
4
71
3
72
8
73
4
74
0
42
0.000000001
43
0.0000000001
44
0.0000000001
40
0
40
0
40
0
40
0
40
1
40
1
40
1
40
1
41
1
41
1
41
1
41
1
10
13.767961124174718
20
-75.620340801036221
30
0
10
14.006086124174724
20
-75.858465801036203
30
0
10
14.429419457508054
20
-75.937840801036202
30
0
10
15.011502790841384
20
-75.83200746770288
30
0
0
SPLINE
5
194
100
AcDbEntity
8
0
100
AcDbSpline
70
4
71
3
72
8
73
4
74
0
42
0.000000001
43
0.0000000001
44
0.0000000001
40
0
40
0
40
0
40
0
40
1
40
1
40
1
40
1
41
1
41
1
41
1
41
1
10
15.011502790841384
20
-75.83200746770288
30
0
10
15.487752790841389
20
-75.726174134369558
30
0
10
15.911086124174719
20
-75.752632467702895
30
0
10
15.96400279084139
20
-75.884924134369541
30
0
0
SPLINE
5
195
100
AcDbEntity
8
0
100
AcDbSpline
70
4
71
3
72
8
73
4
74
0
42
0.000000001
43
0.0000000001
44
0.0000000001
40
0
40
0
40
0
40
0
40
1
40
1
40
1
40
1
41
1
41
1
41
1
41
1
10
15.96400279084139
20
-75.884924134369541
30
0
10
15.990461124174722
20
-75.990757467702878
30
0
10
17.31337779084139
20
-76.810965801036218
30
0
10
18.900877790841388
20
-77.68409080103622
30
0
0
SPLINE
5
196
100
AcDbEntity
8
0
100
AcDbSpline
70
4
71
3
72
8
73
4
74
0
42
0.000000001
43
0.0000000001
44
0.0000000001
40
0
40
0
40
0
40
0
40
1
40
1
40
1
40
1
41
1
41
1
41
1
41
1
10
18.900877790841388
20
-77.68409080103622
30
0
10
20.48837779084139
20
-78.557215801036207
30
0
10
21.811294457508055
20
-79.456799134369547
30
0
10
21.890669457508061
20
-79.747840801036205
30
0
0
SPLINE
5
197
100
AcDbEntity
8
0
100
AcDbSpline
70
4
71
3
72
8
73
4
74
0
42
0.000000001
43
0.0000000001
44
0.0000000001
40
0
40
0
40
0
40
0
40
1
40
1
40
1
40
1
41
1
41
1
41
1
41
1
10
21.890669457508061
20
-79.747840801036205
30
0
10
21.97004445750806
20
-80.012424134369539
30
0
10
21.837752790841385
20
-80.726799134369557
30
0
10
21.599627790841389
20
-81.33534080103621
30
0
0
SPLINE
5
198
100
AcDbEntity
8
0
100
AcDbSpline
70
4
71
3
72
8
73
4
74
0
42
0.000000001
43
0.0000000001
44
0.0000000001
40
0
40
0
40
0
40
0
40
1
40
1
40
1
40
1
41
1
41
1
41
1
41
1
10
21.599627790841389
20
-81.33534080103621
30
0
10
21.335044457508054
20
-81.917424134369554
30
0
10
21.04400279084139
20
-82.658257467702882
30
0
10
20.911711124174719
20
-82.949299134369539
30
0
0
SPLINE
5
199
100
AcDbEntity
8
0
100
AcDbSpline
70
4
71
3
72
8
73
4
74
0
42
0.000000001
43
0.0000000001
44
0.0000000001
40
0
40
0
40
0
40
0
40
1
40
1
40
1
40
1
41
1
41
1
41
1
41
1
10
20.911711124174719
20
-82.949299134369539
30
0
10
20.805877790841389
20
-83.240340801036226
30
0
10
20.567752790841389
20
-83.95471580103623
30
0
10
20.409002790841384
20
-84.563257467702897
30
0
0
LINE
5
200
100
AcDbEntity
8
0
100
AcDbLine
10
20.409002790841381
20
-84.563257467702897
30
0
11
20.144419457508054
21
-85.648049134369558
31
0
0
LINE
5
201
100
AcDbEntity
8
0
100
AcDbLine
10
20.144419457508054
20
-85.648049134369558
30
0
11
18.583377790841386
21
-85.648049134369558
31
0
0
SPLINE
5
202
100
AcDbEntity
8
0
100
AcDbSpline
70
4
71
3
72
8
73
4
74
0
42
0.000000001
43
0.0000000001
44
0.0000000001
40
0
40
0
40
0
40
0
40
1
40
1
40
1
40
1
41
1
41
1
41
1
41
1
10
18.583377790841386
20
-85.648049134369558
30
0
10
17.710252790841388
20
-85.674507467702895
30
0
10
16.890044457508058
20
-85.753882467702894
30
0
10
16.731294457508049
20
-85.859715801036202
30
0
0
SPLINE
5
203
100
AcDbEntity
8
0
100
AcDbSpline
70
4
71
3
72
8
73
4
74
0
42
0.000000001
43
0.0000000001
44
0.0000000001
40
0
40
0
40
0
40
0
40
1
40
1
40
1
40
1
41
1
41
1
41
1
41
1
10
16.731294457508049
20
-85.859715801036202
30
0
10
16.572544457508052
20
-85.939090801036215
30
0
10
16.466711124174719
20
-86.653465801036219
30
0
10
16.49316945750806
20
-87.420757467702884
30
0
0
SPLINE
5
204
100
AcDbEntity
8
0
100
AcDbSpline
70
4
71
3
72
8
73
4
74
0
42
0.000000001
43
0.0000000001
44
0.0000000001
40
0
40
0
40
0
40
0
40
1
40
1
40
1
40
1
41
1
41
1
41
1
41
1
10
16.49316945750806
20
-87.420757467702884
30
0
10
16.546086124174721
20
-88.664299134369571
30
0
10
16.625461124174727
20
-88.849507467702878
30
0
10
17.10171112417472
20
-88.823049134369541
30
0
0
SPLINE
5
205
100
AcDbEntity
8
0
100
AcDbSpline
70
4
71
3
72
8
73
4
74
0
42
0.000000001
43
0.0000000001
44
0.0000000001
40
0
40
0
40
0
40
0
40
1
40
1
40
1
40
1
41
1
41
1
41
1
41
1
10
17.10171112417472
20
-88.823049134369541
30
0
10
17.392752790841385
20
-88.823049134369541
30
0
10
17.816086124174724
20
-88.902424134369539
30
0
10
18.054211124174717
20
-89.008257467702876
30
0
0
SPLINE
5
206
100
AcDbEntity
8
0
100
AcDbSpline
70
4
71
3
72
8
73
4
74
0
42
0.000000001
43
0.0000000001
44
0.0000000001
40
0
40
0
40
0
40
0
40
1
40
1
40
1
40
1
41
1
41
1
41
1
41
1
10
18.054211124174717
20
-89.008257467702876
30
0
10
18.345252790841393
20
-89.14054913436955
30
0
10
18.821502790841386
20
-88.875965801036202
30
0
10
19.588794457508058
20
-88.135132467702874
30
0
0
LINE
5
207
100
AcDbEntity
8
0
100
AcDbLine
10
19.588794457508058
20
-88.135132467702874
30
0
11
20.726502790841394
21
-87.050340801036214
31
0
0
LINE
5
208
100
AcDbEntity
8
0
100
AcDbLine
10
20.726502790841394
20
-87.050340801036214
30
0
11
22.128794457508057
21
-88.293882467702872
31
0
0
SPLINE
5
209
100
AcDbEntity
8
0
100
AcDbSpline
70
4
71
3
72
8
73
4
74
0
42
0.000000001
43
0.0000000001
44
0.0000000001
40
0
40
0
40
0
40
0
40
1
40
1
40
1
40
1
41
1
41
1
41
1
41
1
10
22.12879445750805
20
-88.293882467702872
30
0
10
22.922544457508049
20
-88.981799134369552
30
0
10
23.53108612417472
20
-89.563882467702882
30
0
10
23.50462779084139
20
-89.563882467702882
30
0
0
SPLINE
5
210
100
AcDbEntity
8
0
100
AcDbSpline
70
4
71
3
72
8
73
4
74
0
42
0.000000001
43
0.0000000001
44
0.0000000001
40
0
40
0
40
0
40
0
40
1
40
1
40
1
40
1
41
1
41
1
41
1
41
1
10
23.50462779084139
20
-89.563882467702882
30
0
10
23.478169457508056
20
-89.563882467702882
30
0
10
19.721086124174718
20
-89.537424134369545
30
0
10
15.196711124174724
20
-89.484507467702883
30
0
0
LINE
5
211
100
AcDbEntity
8
0
100
AcDbLine
10
15.196711124174723
20
-89.484507467702883
30
0
11
6.9152527908413859
21
-89.40513246770287
31
0
0
LINE
5
212
100
AcDbEntity
8
0
100
AcDbLine
10
6.9152527908413859
20
-89.40513246770287
30
0
11
6.9152527908413841
21
-45.960549134369529
31
0
0
LINE
5
213
100
AcDbEntity
8
0
100
AcDbLine
10
6.9152527908413841
20
-45.960549134369529
30
0
11
6.9152527908413841
21
-2.515965801036204
31
0
0
LINE
5
214
100
AcDbEntity
8
0
100
AcDbLine
10
6.9152527908413841
20
-2.515965801036204
30
0
11
20.514836124174721
21
-2.5159658010362049
31
0
0
SPLINE
5
215
100
AcDbEntity
8
0
100
AcDbSpline
70
4
71
3
72
8
73
4
74
0
42
0.000000001
43
0.0000000001
44
0.0000000001
40
0
40
0
40
0
40
0
40
1
40
1
40
1
40
1
41
1
41
1
41
1
41
1
10
20.514836124174725
20
-2.5159658010362049
30
0
10
33.638169457508056
20
-2.5159658010362049
30
0
10
34.114419457508056
20
-2.5424241343695284
30
0
10
33.849836124174722
20
-2.9922158010361932
30
0
0
LINE
5
216
100
AcDbEntity
8
0
100
AcDbLine
10
57.874002790841395
20
-2.6482574677028712
30
0
11
77.55900279084139
21
-2.6482574677028712
31
0
0
LINE
5
217
100
AcDbEntity
8
0
100
AcDbLine
10
77.55900279084139
20
-2.6482574677028712
30
0
11
77.55900279084139
21
-46.039924134369549
31
0
0
LINE
5
218
100
AcDbEntity
8
0
100
AcDbLine
10
77.55900279084139
20
-46.039924134369549
30
0
11
77.55900279084139
21
-89.431590801036236
31
0
0
LINE
5
219
100
AcDbEntity
8
0
100
AcDbLine
10
77.55900279084139
20
-89.431590801036236
30
0
11
57.609419457508068
21
-89.484507467702883
31
0
0
SPLINE
5
220
100
AcDbEntity
8
0
100
AcDbSpline
70
4
71
3
72
8
73
4
74
0
42
0.000000001
43
0.0000000001
44
0.0000000001
40
0
40
0
40
0
40
0
40
1
40
1
40
1
40
1
41
1
41
1
41
1
41
1
10
57.609419457508068
20
-89.484507467702883
30
0
10
43.083794457508063
20
-89.537424134369545
30
0
10
37.712752790841392
20
-89.484507467702883
30
0
10
37.792127790841398
20
-89.27284080103621
30
0
0
SPLINE
5
221
100
AcDbEntity
8
0
100
AcDbSpline
70
4
71
3
72
8
73
4
74
0
42
0.000000001
43
0.0000000001
44
0.0000000001
40
0
40
0
40
0
40
0
40
1
40
1
40
1
40
1
41
1
41
1
41
1
41
1
10
37.792127790841398
20
-89.27284080103621
30
0
10
37.977336124174727
20
-88.770132467702879
30
0
10
39.03566945750805
20
-88.346799134369547
30
0
10
40.33212779084139
20
-88.267424134369548
30
0
0
SPLINE
5
222
100
AcDbEntity
8
0
100
AcDbSpline
70
4
71
3
72
8
73
4
74
0
42
0.000000001
43
0.0000000001
44
0.0000000001
40
0
40
0
40
0
40
0
40
1
40
1
40
1
40
1
41
1
41
1
41
1
41
1
10
40.33212779084139
20
-88.267424134369548
30
0
10
41.946086124174727
20
-88.18804913436955
30
0
10
42.29004445750806
20
-87.844090801036216
30
0
10
41.707961124174716
20
-86.944507467702891
30
0
0
SPLINE
5
223
100
AcDbEntity
8
0
100
AcDbSpline
70
4
71
3
72
8
73
4
74
0
42
0.000000001
43
0.0000000001
44
0.0000000001
40
0
40
0
40
0
40
0
40
1
40
1
40
1
40
1
41
1
41
1
41
1
41
1
10
41.707961124174716
20
-86.944507467702891
30
0
10
41.099419457508056
20
-86.044924134369552
30
0
10
41.337544457508066
20
-86.07138246770289
30
0
10
43.1102527908414
20
-87.182632467702888
30
0
0
SPLINE
5
224
100
AcDbEntity
8
0
100
AcDbSpline
70
4
71
3
72
8
73
4
74
0
42
0.000000001
43
0.0000000001
44
0.0000000001
40
0
40
0
40
0
40
0
40
1
40
1
40
1
40
1
41
1
41
1
41
1
41
1
10
43.1102527908414
20
-87.182632467702888
30
0
10
46.311711124174728
20
-89.114090801036227
30
0
10
49.142752790841399
20
-89.008257467702876
30
0
10
51.28587779084139
20
-86.865132467702892
30
0
0
LINE
5
225
100
AcDbEntity
8
0
100
AcDbLine
10
51.28587779084139
20
-86.865132467702907
30
0
11
52.476502790841394
21
-85.674507467702895
31
0
0
LINE
5
226
100
AcDbEntity
8
0
100
AcDbLine
10
52.476502790841394
20
-85.674507467702895
30
0
11
55.439836124174739
21
-85.595132467702882
31
0
0
SPLINE
5
227
100
AcDbEntity
8
0
100
AcDbSpline
70
4
71
3
72
8
73
4
74
0
42
0.000000001
43
0.0000000001
44
0.0000000001
40
0
40
0
40
0
40
0
40
1
40
1
40
1
40
1
41
1
41
1
41
1
41
1
10
55.439836124174732
20
-85.595132467702882
30
0
10
58.561919457508054
20
-85.48929913436956
30
0
10
60.83733612417474
20
-85.251174134369535
30
0
10
65.494002790841407
20
-84.536799134369559
30
0
0
SPLINE
5
228
100
AcDbEntity
8
0
100
AcDbSpline
70
4
71
3
72
8
73
4
74
0
42
0.000000001
43
0.0000000001
44
0.0000000001
40
0
40
0
40
0
40
0
40
1
40
1
40
1
40
1
41
1
41
1
41
1
41
1
10
65.494002790841407
20
-84.536799134369559
30
0
10
67.081502790841398
20
-84.298674134369548
30
0
10
68.748377790841403
20
-84.166382467702888
30
0
10
69.17171112417472
20
-84.245757467702873
30
0
0
SPLINE
5
229
100
AcDbEntity
8
0
100
AcDbSpline
70
4
71
3
72
8
73
4
74
0
42
0.000000001
43
0.0000000001
44
0.0000000001
40
0
40
0
40
0
40
0
40
1
40
1
40
1
40
1
41
1
41
1
41
1
41
1
10
69.17171112417472
20
-84.245757467702873
30
0
10
69.700877790841389
20
-84.351590801036224
30
0
10
70.177127790841411
20
-84.245757467702873
30
0
10
70.706294457508079
20
-83.848882467702879
30
0
0
SPLINE
5
230
100
AcDbEntity
8
0
100
AcDbSpline
70
4
71
3
72
8
73
4
74
0
42
0.000000001
43
0.0000000001
44
0.0000000001
40
0
40
0
40
0
40
0
40
1
40
1
40
1
40
1
41
1
41
1
41
1
41
1
10
70.706294457508079
20
-83.848882467702879
30
0
10
71.552961124174729
20
-83.266799134369549
30
0
10
72.346711124174732
20
-83.346174134369562
30
0
10
72.108586124174735
20
-83.981174134369553
30
0
0
SPLINE
5
231
100
AcDbEntity
8
0
100
AcDbSpline
70
4
71
3
72
8
73
4
74
0
42
0.000000001
43
0.0000000001
44
0.0000000001
40
0
40
0
40
0
40
0
40
1
40
1
40
1
40
1
41
1
41
1
41
1
41
1
10
72.108586124174735
20
-83.981174134369553
30
0
10
72.029211124174722
20
-84.192840801036212
30
0
10
71.685252790841389
20
-84.457424134369546
30
0
10
71.394211124174731
20
-84.563257467702897
30
0
0
SPLINE
5
232
100
AcDbEntity
8
0
100
AcDbSpline
70
4
71
3
72
8
73
4
74
0
42
0.000000001
43
0.0000000001
44
0.0000000001
40
0
40
0
40
0
40
0
40
1
40
1
40
1
40
1
41
1
41
1
41
1
41
1
10
71.394211124174731
20
-84.563257467702897
30
0
10
71.076711124174722
20
-84.642632467702882
30
0
10
70.547544457508053
20
-84.986590801036215
30
0
10
70.203586124174734
20
-85.277632467702887
30
0
0
SPLINE
5
233
100
AcDbEntity
8
0
100
AcDbSpline
70
4
71
3
72
8
73
4
74
0
42
0.000000001
43
0.0000000001
44
0.0000000001
40
0
40
0
40
0
40
0
40
1
40
1
40
1
40
1
41
1
41
1
41
1
41
1
10
70.203586124174734
20
-85.277632467702887
30
0
10
69.674419457508066
20
-85.780340801036218
30
0
10
69.515669457508068
20
-85.806799134369541
30
0
10
68.642544457508052
20
-85.48929913436956
30
0
0
SPLINE
5
234
100
AcDbEntity
8
0
100
AcDbSpline
70
4
71
3
72
8
73
4
74
0
42
0.000000001
43
0.0000000001
44
0.0000000001
40
0
40
0
40
0
40
0
40
1
40
1
40
1
40
1
41
1
41
1
41
1
41
1
10
68.642544457508052
20
-85.48929913436956
30
0
10
67.504836124174716
20
-85.065965801036214
30
0
10
65.890877790841401
20
-85.48929913436956
30
0
10
65.176502790841397
20
-86.388882467702899
30
0
0
SPLINE
5
235
100
AcDbEntity
8
0
100
AcDbSpline
70
4
71
3
72
8
73
4
74
0
42
0.000000001
43
0.0000000001
44
0.0000000001
40
0
40
0
40
0
40
0
40
1
40
1
40
1
40
1
41
1
41
1
41
1
41
1
10
65.176502790841397
20
-86.388882467702899
30
0
10
64.9383777908414
20
-86.679924134369557
30
0
10
64.541502790841392
20
-86.891590801036216
30
0
10
64.276919457508072
20
-86.838674134369555
30
0
0
SPLINE
5
236
100
AcDbEntity
8
0
100
AcDbSpline
70
4
71
3
72
8
73
4
74
0
42
0.000000001
43
0.0000000001
44
0.0000000001
40
0
40
0
40
0
40
0
40
1
40
1
40
1
40
1
41
1
41
1
41
1
41
1
10
64.276919457508072
20
-86.838674134369555
30
0
10
63.747752790841403
20
-86.732840801036218
30
0
10
63.483169457508062
20
-87.129715801036212
30
0
10
63.694836124174742
20
-87.685340801036205
30
0
0
SPLINE
5
237
100
AcDbEntity
8
0
100
AcDbSpline
70
4
71
3
72
8
73
4
74
0
42
0.000000001
43
0.0000000001
44
0.0000000001
40
0
40
0
40
0
40
0
40
1
40
1
40
1
40
1
41
1
41
1
41
1
41
1
10
63.694836124174742
20
-87.685340801036205
30
0
10
63.906502790841401
20
-88.240965801036211
30
0
10
64.753169457508065
20
-88.240965801036211
30
0
10
64.964836124174724
20
-87.685340801036205
30
0
0
SPLINE
5
238
100
AcDbEntity
8
0
100
AcDbSpline
70
4
71
3
72
8
73
4
74
0
42
0.000000001
43
0.0000000001
44
0.0000000001
40
0
40
0
40
0
40
0
40
1
40
1
40
1
40
1
41
1
41
1
41
1
41
1
10
64.964836124174724
20
-87.685340801036205
30
0
10
65.044211124174737
20
-87.47367413436956
30
0
10
65.229419457508072
20
-87.367840801036209
30
0
10
65.38816945750807
20
-87.447215801036222
30
0
0
SPLINE
5
239
100
AcDbEntity
8
0
100
AcDbSpline
70
4
71
3
72
8
73
4
74
0
42
0.000000001
43
0.0000000001
44
0.0000000001
40
0
40
0
40
0
40
0
40
1
40
1
40
1
40
1
41
1
41
1
41
1
41
1
10
65.38816945750807
20
-87.447215801036222
30
0
10
65.52046112417473
20
-87.526590801036235
30
0
10
65.65275279084139
20
-87.420757467702884
30
0
10
65.65275279084139
20
-87.182632467702888
30
0
0
SPLINE
5
240
100
AcDbEntity
8
0
100
AcDbSpline
70
4
71
3
72
8
73
4
74
0
42
0.000000001
43
0.0000000001
44
0.0000000001
40
0
40
0
40
0
40
0
40
1
40
1
40
1
40
1
41
1
41
1
41
1
41
1
10
65.65275279084139
20
-87.182632467702888
30
0
10
65.65275279084139
20
-86.150757467702888
30
0
10
66.790461124174726
20
-85.674507467702895
30
0
10
68.272127790841409
20
-86.044924134369552
30
0
0
SPLINE
5
241
100
AcDbEntity
8
0
100
AcDbSpline
70
4
71
3
72
8
73
4
74
0
42
0.000000001
43
0.0000000001
44
0.0000000001
40
0
40
0
40
0
40
0
40
1
40
1
40
1
40
1
41
1
41
1
41
1
41
1
10
68.272127790841409
20
-86.044924134369552
30
0
10
69.356919457508056
20
-86.309507467702886
30
0
10
70.944419457508047
20
-85.965549134369539
30
0
10
70.944419457508047
20
-85.43638246770287
30
0
0
SPLINE
5
242
100
AcDbEntity
8
0
100
AcDbSpline
70
4
71
3
72
8
73
4
74
0
42
0.000000001
43
0.0000000001
44
0.0000000001
40
0
40
0
40
0
40
0
40
1
40
1
40
1
40
1
41
1
41
1
41
1
41
1
10
70.944419457508047
20
-85.43638246770287
30
0
10
70.944419457508047
20
-85.330549134369548
30
0
10
71.182544457508072
20
-85.145340801036227
30
0
10
71.473586124174716
20
-85.065965801036214
30
0
0
SPLINE
5
243
100
AcDbEntity
8
0
100
AcDbSpline
70
4
71
3
72
8
73
4
74
0
42
0.000000001
43
0.0000000001
44
0.0000000001
40
0
40
0
40
0
40
0
40
1
40
1
40
1
40
1
41
1
41
1
41
1
41
1
10
71.473586124174716
20
-85.065965801036214
30
0
10
72.187961124174734
20
-84.827840801036217
30
0
10
72.849419457508077
20
-83.795965801036218
30
0
10
72.637752790841404
20
-83.240340801036226
30
0
0
SPLINE
5
244
100
AcDbEntity
8
0
100
AcDbSpline
70
4
71
3
72
8
73
4
74
0
42
0.000000001
43
0.0000000001
44
0.0000000001
40
0
40
0
40
0
40
0
40
1
40
1
40
1
40
1
41
1
41
1
41
1
41
1
10
72.637752790841404
20
-83.240340801036226
30
0
10
72.37316945750807
20
-82.578882467702897
30
0
10
70.838586124174725
20
-82.684715801036219
30
0
10
70.335877790841408
20
-83.425549134369561
30
0
0
SPLINE
5
245
100
AcDbEntity
8
0
100
AcDbSpline
70
4
71
3
72
8
73
4
74
0
42
0.000000001
43
0.0000000001
44
0.0000000001
40
0
40
0
40
0
40
0
40
1
40
1
40
1
40
1
41
1
41
1
41
1
41
1
10
70.335877790841408
20
-83.425549134369561
30
0
10
70.044836124174736
20
-83.848882467702879
30
0
10
69.859627790841401
20
-83.928257467702878
30
0
10
69.621502790841404
20
-83.716590801036205
30
0
0
SPLINE
5
246
100
AcDbEntity
8
0
100
AcDbSpline
70
4
71
3
72
8
73
4
74
0
42
0.000000001
43
0.0000000001
44
0.0000000001
40
0
40
0
40
0
40
0
40
1
40
1
40
1
40
1
41
1
41
1
41
1
41
1
10
69.621502790841404
20
-83.716590801036205
30
0
10
69.277544457508071
20
-83.3726324677029
30
0
10
70.230044457508072
20
-77.340132467702887
30
0
10
70.865044457508063
20
-76.123049134369552
30
0
0
LINE
5
247
100
AcDbEntity
8
0
100
AcDbLine
10
70.865044457508063
20
-76.123049134369552
30
0
11
71.235461124174734
21
-75.408674134369548
31
0
0
LINE
5
248
100
AcDbEntity
8
0
100
AcDbLine
10
71.235461124174734
20
-75.408674134369548
30
0
11
69.304002790841409
21
-75.540965801036208
31
0
0
SPLINE
5
249
100
AcDbEntity
8
0
100
AcDbSpline
70
4
71
3
72
8
73
4
74
0
42
0.000000001
43
0.0000000001
44
0.0000000001
40
0
40
0
40
0
40
0
40
1
40
1
40
1
40
1
41
1
41
1
41
1
41
1
10
69.304002790841395
20
-75.540965801036208
30
0
10
68.245669457508058
20
-75.593882467702883
30
0
10
66.42004445750807
20
-75.779090801036219
30
0
10
65.255877790841396
20
-75.937840801036202
30
0
0
SPLINE
5
250
100
AcDbEntity
8
0
100
AcDbSpline
70
4
71
3
72
8
73
4
74
0
42
0.000000001
43
0.0000000001
44
0.0000000001
40
0
40
0
40
0
40
0
40
1
40
1
40
1
40
1
41
1
41
1
41
1
41
1
10
65.255877790841396
20
-75.937840801036202
30
0
10
61.154836124174722
20
-76.467007467702871
30
0
10
55.704419457508067
20
-76.969715801036216
30
0
10
54.222752790841398
20
-76.996174134369554
30
0
0
SPLINE
5
251
100
AcDbEntity
8
0
100
AcDbSpline
70
4
71
3
72
8
73
4
74
0
42
0.000000001
43
0.0000000001
44
0.0000000001
40
0
40
0
40
0
40
0
40
1
40
1
40
1
40
1
41
1
41
1
41
1
41
1
10
54.222752790841398
20
-76.996174134369554
30
0
10
53.402544457508057
20
-76.996174134369554
30
0
10
52.635252790841392
20
-77.128465801036214
30
0
10
52.555877790841386
20
-77.260757467702888
30
0
0
SPLINE
5
252
100
AcDbEntity
8
0
100
AcDbSpline
70
4
71
3
72
8
73
4
74
0
42
0.000000001
43
0.0000000001
44
0.0000000001
40
0
40
0
40
0
40
0
40
1
40
1
40
1
40
1
41
1
41
1
41
1
41
1
10
52.555877790841386
20
-77.260757467702888
30
0
10
52.476502790841394
20
-77.419507467702886
30
0
10
52.159002790841392
20
-77.525340801036222
30
0
10
51.894419457508064
20
-77.525340801036222
30
0
0
SPLINE
5
253
100
AcDbEntity
8
0
100
AcDbSpline
70
4
71
3
72
8
73
4
74
0
42
0.000000001
43
0.0000000001
44
0.0000000001
40
0
40
0
40
0
40
0
40
1
40
1
40
1
40
1
41
1
41
1
41
1
41
1
10
51.894419457508064
20
-77.525340801036222
30
0
10
51.259419457508066
20
-77.525340801036222
30
0
10
50.756711124174728
20
-78.451382467702885
30
0
10
50.915461124174726
20
-79.271590801036226
30
0
0
SPLINE
5
254
100
AcDbEntity
8
0
100
AcDbSpline
70
4
71
3
72
8
73
4
74
0
42
0.000000001
43
0.0000000001
44
0.0000000001
40
0
40
0
40
0
40
0
40
1
40
1
40
1
40
1
41
1
41
1
41
1
41
1
10
50.915461124174726
20
-79.271590801036226
30
0
10
51.047752790841386
20
-79.985965801036215
30
0
10
50.54504445750807
20
-80.118257467702875
30
0
10
50.042336124174724
20
-79.509715801036208
30
0
0
SPLINE
5
255
100
AcDbEntity
8
0
100
AcDbSpline
70
4
71
3
72
8
73
4
74
0
42
0.000000001
43
0.0000000001
44
0.0000000001
40
0
40
0
40
0
40
0
40
1
40
1
40
1
40
1
41
1
41
1
41
1
41
1
10
50.042336124174724
20
-79.509715801036208
30
0
10
49.857127790841396
20
-79.298049134369549
30
0
10
49.513169457508056
20
-79.112840801036214
30
0
10
49.248586124174729
20
-79.112840801036214
30
0
0
SPLINE
5
256
100
AcDbEntity
8
0
100
AcDbSpline
70
4
71
3
72
8
73
4
74
0
42
0.000000001
43
0.0000000001
44
0.0000000001
40
0
40
0
40
0
40
0
40
1
40
1
40
1
40
1
41
1
41
1
41
1
41
1
10
49.248586124174729
20
-79.112840801036214
30
0
10
48.401919457508065
20
-79.112840801036214
30
0
10
48.957544457508064
20
-78.107424134369552
30
0
10
50.174627790841399
20
-77.393049134369548
30
0
0
SPLINE
5
257
100
AcDbEntity
8
0
100
AcDbSpline
70
4
71
3
72
8
73
4
74
0
42
0.000000001
43
0.0000000001
44
0.0000000001
40
0
40
0
40
0
40
0
40
1
40
1
40
1
40
1
41
1
41
1
41
1
41
1
10
50.174627790841399
20
-77.393049134369548
30
0
10
50.809627790841397
20
-77.022632467702877
30
0
10
51.471086124174732
20
-76.731590801036219
30
0
10
51.62983612417473
20
-76.731590801036219
30
0
0
SPLINE
5
258
100
AcDbEntity
8
0
100
AcDbSpline
70
4
71
3
72
8
73
4
74
0
42
0.000000001
43
0.0000000001
44
0.0000000001
40
0
40
0
40
0
40
0
40
1
40
1
40
1
40
1
41
1
41
1
41
1
41
1
10
51.62983612417473
20
-76.731590801036219
30
0
10
51.788586124174728
20
-76.731590801036219
30
0
10
52.423586124174726
20
-76.493465801036223
30
0
10
53.005669457508056
20
-76.202424134369551
30
0
0
SPLINE
5
259
100
AcDbEntity
8
0
100
AcDbSpline
70
4
71
3
72
8
73
4
74
0
42
0.000000001
43
0.0000000001
44
0.0000000001
40
0
40
0
40
0
40
0
40
1
40
1
40
1
40
1
41
1
41
1
41
1
41
1
10
53.005669457508056
20
-76.202424134369551
30
0
10
54.222752790841398
20
-75.620340801036221
30
0
10
56.709836124174721
20
-75.488049134369547
30
0
10
58.244419457508059
20
-75.937840801036202
30
0
0
SPLINE
5
260
100
AcDbEntity
8
0
100
AcDbSpline
70
4
71
3
72
8
73
4
74
0
42
0.000000001
43
0.0000000001
44
0.0000000001
40
0
40
0
40
0
40
0
40
1
40
1
40
1
40
1
41
1
41
1
41
1
41
1
10
58.244419457508059
20
-75.937840801036202
30
0
10
58.773586124174727
20
-76.096590801036228
30
0
10
59.805461124174727
20
-76.123049134369552
30
0
10
60.62566945750806
20
-76.017215801036215
30
0
0
SPLINE
5
261
100
AcDbEntity
8
0
100
AcDbSpline
70
4
71
3
72
8
73
4
74
0
42
0.000000001
43
0.0000000001
44
0.0000000001
40
0
40
0
40
0
40
0
40
1
40
1
40
1
40
1
41
1
41
1
41
1
41
1
10
60.62566945750806
20
-76.017215801036215
30
0
10
61.922127790841408
20
-75.858465801036203
30
0
10
62.0015027908414
20
-75.805549134369556
30
0
10
61.287127790841396
20
-75.646799134369545
30
0
0
SPLINE
5
262
100
AcDbEntity
8
0
100
AcDbSpline
70
4
71
3
72
8
73
4
74
0
42
0.000000001
43
0.0000000001
44
0.0000000001
40
0
40
0
40
0
40
0
40
1
40
1
40
1
40
1
41
1
41
1
41
1
41
1
10
61.287127790841396
20
-75.646799134369545
30
0
10
60.519836124174731
20
-75.488049134369547
30
0
10
60.519836124174731
20
-75.461590801036209
30
0
10
61.498794457508055
20
-75.435132467702886
30
0
0
SPLINE
5
263
100
AcDbEntity
8
0
100
AcDbSpline
70
4
71
3
72
8
73
4
74
0
42
0.000000001
43
0.0000000001
44
0.0000000001
40
0
40
0
40
0
40
0
40
1
40
1
40
1
40
1
41
1
41
1
41
1
41
1
10
61.498794457508055
20
-75.435132467702886
30
0
10
62.107336124174722
20
-75.408674134369548
30
0
10
62.45129445750807
20
-75.51450746770287
30
0
10
62.345461124174726
20
-75.673257467702882
30
0
0
SPLINE
5
264
100
AcDbEntity
8
0
100
AcDbSpline
70
4
71
3
72
8
73
4
74
0
42
0.000000001
43
0.0000000001
44
0.0000000001
40
0
40
0
40
0
40
0
40
1
40
1
40
1
40
1
41
1
41
1
41
1
41
1
10
62.345461124174726
20
-75.673257467702882
30
0
10
62.266086124174734
20
-75.805549134369556
30
0
10
62.292544457508058
20
-75.937840801036202
30
0
10
62.424836124174732
20
-75.937840801036202
30
0
0
SPLINE
5
265
100
AcDbEntity
8
0
100
AcDbSpline
70
4
71
3
72
8
73
4
74
0
42
0.000000001
43
0.0000000001
44
0.0000000001
40
0
40
0
40
0
40
0
40
1
40
1
40
1
40
1
41
1
41
1
41
1
41
1
10
62.424836124174732
20
-75.937840801036202
30
0
10
62.795252790841403
20
-75.937840801036202
30
0
10
63.641919457508074
20
-74.905965801036217
30
0
10
63.456711124174738
20
-74.694299134369544
30
0
0
SPLINE
5
266
100
AcDbEntity
8
0
100
AcDbSpline
70
4
71
3
72
8
73
4
74
0
42
0.000000001
43
0.0000000001
44
0.0000000001
40
0
40
0
40
0
40
0
40
1
40
1
40
1
40
1
41
1
41
1
41
1
41
1
10
63.456711124174738
20
-74.694299134369544
30
0
10
63.350877790841395
20
-74.614924134369559
30
0
10
63.456711124174738
20
-74.29742413436955
30
0
10
63.72129445750808
20
-74.03284080103623
30
0
0
SPLINE
5
267
100
AcDbEntity
8
0
100
AcDbSpline
70
4
71
3
72
8
73
4
74
0
42
0.000000001
43
0.0000000001
44
0.0000000001
40
0
40
0
40
0
40
0
40
1
40
1
40
1
40
1
41
1
41
1
41
1
41
1
10
63.72129445750808
20
-74.03284080103623
30
0
10
64.118169457508074
20
-73.583049134369546
30
0
10
64.118169457508074
20
-73.53013246770287
30
0
10
63.72129445750808
20
-73.080340801036215
30
0
0
SPLINE
5
268
100
AcDbEntity
8
0
100
AcDbSpline
70
4
71
3
72
8
73
4
74
0
42
0.000000001
43
0.0000000001
44
0.0000000001
40
0
40
0
40
0
40
0
40
1
40
1
40
1
40
1
41
1
41
1
41
1
41
1
10
63.72129445750808
20
-73.080340801036215
30
0
10
62.980461124174738
20
-72.286590801036212
30
0
10
63.192127790841397
20
-71.810340801036205
30
0
10
64.673794457508066
20
-70.884299134369542
30
0
0
SPLINE
5
269
100
AcDbEntity
8
0
100
AcDbSpline
70
4
71
3
72
8
73
4
74
0
42
0.000000001
43
0.0000000001
44
0.0000000001
40
0
40
0
40
0
40
0
40
1
40
1
40
1
40
1
41
1
41
1
41
1
41
1
10
64.673794457508066
20
-70.884299134369542
30
0
10
65.414627790841408
20
-70.408049134369548
30
0
10
66.10254445750806
20
-69.931799134369555
30
0
10
66.181919457508059
20
-69.852424134369542
30
0
0
SPLINE
5
270
100
AcDbEntity
8
0
100
AcDbSpline
70
4
71
3
72
8
73
4
74
0
42
0.000000001
43
0.0000000001
44
0.0000000001
40
0
40
0
40
0
40
0
40
1
40
1
40
1
40
1
41
1
41
1
41
1
41
1
10
66.181919457508059
20
-69.852424134369542
30
0
10
66.261294457508058
20
-69.773049134369543
30
0
10
66.790461124174726
20
-69.376174134369549
30
0
10
67.372544457508056
20
-68.926382467702879
30
0
0
SPLINE
5
271
100
AcDbEntity
8
0
100
AcDbSpline
70
4
71
3
72
8
73
4
74
0
42
0.000000001
43
0.0000000001
44
0.0000000001
40
0
40
0
40
0
40
0
40
1
40
1
40
1
40
1
41
1
41
1
41
1
41
1
10
67.372544457508056
20
-68.926382467702879
30
0
10
68.695461124174727
20
-67.973882467702879
30
0
10
70.415252790841393
20
-66.121799134369539
30
0
10
70.415252790841393
20
-65.698465801036207
30
0
0
SPLINE
5
272
100
AcDbEntity
8
0
100
AcDbSpline
70
4
71
3
72
8
73
4
74
0
42
0.000000001
43
0.0000000001
44
0.0000000001
40
0
40
0
40
0
40
0
40
1
40
1
40
1
40
1
41
1
41
1
41
1
41
1
10
70.415252790841393
20
-65.698465801036207
30
0
10
70.415252790841393
20
-65.513257467702886
30
0
10
70.52108612417473
20
-65.354507467702888
30
0
10
70.626919457508066
20
-65.354507467702888
30
0
0
SPLINE
5
273
100
AcDbEntity
8
0
100
AcDbSpline
70
4
71
3
72
8
73
4
74
0
42
0.000000001
43
0.0000000001
44
0.0000000001
40
0
40
0
40
0
40
0
40
1
40
1
40
1
40
1
41
1
41
1
41
1
41
1
10
70.626919457508066
20
-65.354507467702888
30
0
10
70.997336124174737
20
-65.354507467702888
30
0
10
71.738169457508064
20
-62.761590801036213
30
0
10
71.738169457508064
20
-61.544507467702886
30
0
0
SPLINE
5
274
100
AcDbEntity
8
0
100
AcDbSpline
70
4
71
3
72
8
73
4
74
0
42
0.000000001
43
0.0000000001
44
0.0000000001
40
0
40
0
40
0
40
0
40
1
40
1
40
1
40
1
41
1
41
1
41
1
41
1
10
71.738169457508064
20
-61.544507467702886
30
0
10
71.711711124174741
20
-59.269090801036214
30
0
10
70.468169457508068
20
-57.65513246770287
30
0
10
67.981086124174723
20
-56.70263246770287
30
0
0
SPLINE
5
275
100
AcDbEntity
8
0
100
AcDbSpline
70
4
71
3
72
8
73
4
74
0
42
0.000000001
43
0.0000000001
44
0.0000000001
40
0
40
0
40
0
40
0
40
1
40
1
40
1
40
1
41
1
41
1
41
1
41
1
10
67.981086124174723
20
-56.70263246770287
30
0
10
66.155461124174735
20
-56.014715801036211
30
0
10
61.049002790841399
20
-56.094090801036209
30
0
10
58.376711124174733
20
-56.861382467702875
30
0
0
SPLINE
5
276
100
AcDbEntity
8
0
100
AcDbSpline
70
4
71
3
72
8
73
4
74
0
42
0.000000001
43
0.0000000001
44
0.0000000001
40
0
40
0
40
0
40
0
40
1
40
1
40
1
40
1
41
1
41
1
41
1
41
1
10
58.376711124174733
20
-56.861382467702875
30
0
10
57.212544457508059
20
-57.178882467702877
30
0
10
56.021919457508062
20
-57.52284080103621
30
0
10
55.730877790841397
20
-57.575757467702871
30
0
0
SPLINE
5
277
100
AcDbEntity
8
0
100
AcDbSpline
70
4
71
3
72
8
73
4
74
0
42
0.000000001
43
0.0000000001
44
0.0000000001
40
0
40
0
40
0
40
0
40
1
40
1
40
1
40
1
41
1
41
1
41
1
41
1
10
55.730877790841397
20
-57.575757467702871
30
0
10
55.228169457508059
20
-57.708049134369546
30
0
10
55.201711124174722
20
-57.602215801036209
30
0
10
55.281086124174728
20
-55.459090801036211
30
0
0
SPLINE
5
278
100
AcDbEntity
8
0
100
AcDbSpline
70
4
71
3
72
8
73
4
74
0
42
0.000000001
43
0.0000000001
44
0.0000000001
40
0
40
0
40
0
40
0
40
1
40
1
40
1
40
1
41
1
41
1
41
1
41
1
10
55.281086124174728
20
-55.459090801036211
30
0
10
55.334002790841396
20
-54.030340801036203
30
0
10
55.201711124174722
20
-52.416382467702874
30
0
10
54.937127790841387
20
-51.146382467702871
30
0
0
SPLINE
5
279
100
AcDbEntity
8
0
100
AcDbSpline
70
4
71
3
72
8
73
4
74
0
42
0.000000001
43
0.0000000001
44
0.0000000001
40
0
40
0
40
0
40
0
40
1
40
1
40
1
40
1
41
1
41
1
41
1
41
1
10
54.937127790841387
20
-51.146382467702871
30
0
10
54.699002790841398
20
-50.008674134369542
30
0
10
54.434419457508064
20
-48.63284080103621
30
0
10
54.381502790841402
20
-48.05075746770288
30
0
0
SPLINE
5
280
100
AcDbEntity
8
0
100
AcDbSpline
70
4
71
3
72
8
73
4
74
0
42
0.000000001
43
0.0000000001
44
0.0000000001
40
0
40
0
40
0
40
0
40
1
40
1
40
1
40
1
41
1
41
1
41
1
41
1
10
54.381502790841402
20
-48.05075746770288
30
0
10
54.32858612417472
20
-47.495132467702881
30
0
10
54.169836124174736
20
-46.886590801036206
30
0
10
54.011086124174724
20
-46.701382467702871
30
0
0
SPLINE
5
281
100
AcDbEntity
8
0
100
AcDbSpline
70
4
71
3
72
8
73
4
74
0
42
0.000000001
43
0.0000000001
44
0.0000000001
40
0
40
0
40
0
40
0
40
1
40
1
40
1
40
1
41
1
41
1
41
1
41
1
10
54.011086124174724
20
-46.701382467702871
30
0
10
53.852336124174734
20
-46.516174134369535
30
0
10
53.667127790841391
20
-45.537215801036204
30
0
10
53.561294457508062
20
-44.558257467702873
30
0
0
SPLINE
5
282
100
AcDbEntity
8
0
100
AcDbSpline
70
4
71
3
72
8
73
4
74
0
42
0.000000001
43
0.0000000001
44
0.0000000001
40
0
40
0
40
0
40
0
40
1
40
1
40
1
40
1
41
1
41
1
41
1
41
1
10
53.561294457508062
20
-44.558257467702873
30
0
10
53.481919457508056
20
-43.552840801036211
30
0
10
53.243794457508066
20
-42.071174134369542
30
0
10
53.0321277908414
20
-41.277424134369546
30
0
0
SPLINE
5
283
100
AcDbEntity
8
0
100
AcDbSpline
70
4
71
3
72
8
73
4
74
0
42
0.000000001
43
0.0000000001
44
0.0000000001
40
0
40
0
40
0
40
0
40
1
40
1
40
1
40
1
41
1
41
1
41
1
41
1
10
53.0321277908414
20
-41.277424134369546
30
0
10
52.820461124174727
20
-40.483674134369551
30
0
10
52.582336124174731
20
-39.584090801036211
30
0
10
52.502961124174732
20
-39.293049134369546
30
0
0
SPLINE
5
284
100
AcDbEntity
8
0
100
AcDbSpline
70
4
71
3
72
8
73
4
74
0
42
0.000000001
43
0.0000000001
44
0.0000000001
40
0
40
0
40
0
40
0
40
1
40
1
40
1
40
1
41
1
41
1
41
1
41
1
10
52.502961124174732
20
-39.293049134369546
30
0
10
52.291294457508059
20
-38.393465801036214
30
0
10
50.465669457508056
20
-35.879924134369539
30
0
10
49.77775279084139
20
-35.535965801036212
30
0
0
SPLINE
5
285
100
AcDbEntity
8
0
100
AcDbSpline
70
4
71
3
72
8
73
4
74
0
42
0.000000001
43
0.0000000001
44
0.0000000001
40
0
40
0
40
0
40
0
40
1
40
1
40
1
40
1
41
1
41
1
41
1
41
1
10
49.77775279084139
20
-35.535965801036212
30
0
10
49.407336124174734
20
-35.350757467702877
30
0
10
49.142752790841399
20
-35.059715801036205
30
0
10
49.19566945750806
20
-34.927424134369545
30
0
0
SPLINE
5
286
100
AcDbEntity
8
0
100
AcDbSpline
70
4
71
3
72
8
73
4
74
0
42
0.000000001
43
0.0000000001
44
0.0000000001
40
0
40
0
40
0
40
0
40
1
40
1
40
1
40
1
41
1
41
1
41
1
41
1
10
49.19566945750806
20
-34.927424134369545
30
0
10
49.222127790841405
20
-34.768674134369533
30
0
10
49.116294457508054
20
-34.662840801036204
30
0
10
48.931086124174726
20
-34.689299134369534
30
0
0
SPLINE
5
287
100
AcDbEntity
8
0
100
AcDbSpline
70
4
71
3
72
8
73
4
74
0
42
0.000000001
43
0.0000000001
44
0.0000000001
40
0
40
0
40
0
40
0
40
1
40
1
40
1
40
1
41
1
41
1
41
1
41
1
10
48.931086124174726
20
-34.689299134369534
30
0
10
48.190252790841384
20
-34.768674134369533
30
0
10
47.370044457508058
20
-34.318882467702878
30
0
10
47.528794457508063
20
-33.948465801036207
30
0
0
SPLINE
5
288
100
AcDbEntity
8
0
100
AcDbSpline
70
4
71
3
72
8
73
4
74
0
42
0.000000001
43
0.0000000001
44
0.0000000001
40
0
40
0
40
0
40
0
40
1
40
1
40
1
40
1
41
1
41
1
41
1
41
1
10
47.528794457508063
20
-33.948465801036207
30
0
10
47.608169457508055
20
-33.657424134369542
30
0
10
47.555252790841394
20
-33.604507467702874
30
0
10
47.264211124174722
20
-33.710340801036203
30
0
0
SPLINE
5
289
100
AcDbEntity
8
0
100
AcDbSpline
70
4
71
3
72
8
73
4
74
0
42
0.000000001
43
0.0000000001
44
0.0000000001
40
0
40
0
40
0
40
0
40
1
40
1
40
1
40
1
41
1
41
1
41
1
41
1
10
47.264211124174722
20
-33.710340801036203
30
0
10
47.026086124174725
20
-33.789715801036202
30
0
10
46.761502790841398
20
-33.630965801036211
30
0
10
46.602752790841393
20
-33.339924134369539
30
0
0
SPLINE
5
290
100
AcDbEntity
8
0
100
AcDbSpline
70
4
71
3
72
8
73
4
74
0
42
0.000000001
43
0.0000000001
44
0.0000000001
40
0
40
0
40
0
40
0
40
1
40
1
40
1
40
1
41
1
41
1
41
1
41
1
10
46.602752790841393
20
-33.339924134369539
30
0
10
46.444002790841388
20
-33.048882467702867
30
0
10
46.152961124174723
20
-32.810757467702871
30
0
10
45.941294457508057
20
-32.810757467702871
30
0
0
SPLINE
5
291
100
AcDbEntity
8
0
100
AcDbSpline
70
4
71
3
72
8
73
4
74
0
42
0.000000001
43
0.0000000001
44
0.0000000001
40
0
40
0
40
0
40
0
40
1
40
1
40
1
40
1
41
1
41
1
41
1
41
1
10
45.941294457508057
20
-32.810757467702871
30
0
10
44.724211124174722
20
-32.810757467702871
30
0
10
43.745252790841391
20
-31.540757467702871
30
0
10
43.930461124174727
20
-30.217840801036203
30
0
0
SPLINE
5
292
100
AcDbEntity
8
0
100
AcDbSpline
70
4
71
3
72
8
73
4
74
0
42
0.000000001
43
0.0000000001
44
0.0000000001
40
0
40
0
40
0
40
0
40
1
40
1
40
1
40
1
41
1
41
1
41
1
41
1
10
43.930461124174727
20
-30.217840801036203
30
0
10
43.956919457508057
20
-30.006174134369537
30
0
10
43.851086124174728
20
-29.688674134369538
30
0
10
43.69233612417473
20
-29.503465801036207
30
0
0
SPLINE
5
293
100
AcDbEntity
8
0
100
AcDbSpline
70
4
71
3
72
8
73
4
74
0
42
0.000000001
43
0.0000000001
44
0.0000000001
40
0
40
0
40
0
40
0
40
1
40
1
40
1
40
1
41
1
41
1
41
1
41
1
10
43.69233612417473
20
-29.503465801036207
30
0
10
43.454211124174726
20
-29.212424134369535
30
0
10
43.612961124174731
20
-29.027215801036203
30
0
10
44.486086124174726
20
-28.57742413436954
30
0
0
SPLINE
5
294
100
AcDbEntity
8
0
100
AcDbSpline
70
4
71
3
72
8
73
4
74
0
42
0.000000001
43
0.0000000001
44
0.0000000001
40
0
40
0
40
0
40
0
40
1
40
1
40
1
40
1
41
1
41
1
41
1
41
1
10
44.486086124174726
20
-28.57742413436954
30
0
10
45.253377790841391
20
-28.180549134369542
30
0
10
45.703169457508068
20
-27.73075746770288
30
0
10
45.994211124174733
20
-27.069299134369547
30
0
0
SPLINE
5
295
100
AcDbEntity
8
0
100
AcDbSpline
70
4
71
3
72
8
73
4
74
0
42
0.000000001
43
0.0000000001
44
0.0000000001
40
0
40
0
40
0
40
0
40
1
40
1
40
1
40
1
41
1
41
1
41
1
41
1
10
45.994211124174733
20
-27.069299134369547
30
0
10
46.364627790841396
20
-26.169715801036201
30
0
10
46.338169457508059
20
-26.010965801036214
30
0
10
45.782544457508052
20
-24.793882467702872
30
0
0
LINE
5
296
100
AcDbEntity
8
0
100
AcDbLine
10
45.782544457508067
20
-24.793882467702876
30
0
11
45.174002790841392
21
-23.497424134369545
31
0
0
LINE
5
297
100
AcDbEntity
8
0
100
AcDbLine
10
45.174002790841392
20
-23.497424134369545
30
0
11
45.80900279084139
21
-22.333257467702868
31
0
0
SPLINE
5
298
100
AcDbEntity
8
0
100
AcDbSpline
70
4
71
3
72
8
73
4
74
0
42
0.000000001
43
0.0000000001
44
0.0000000001
40
0
40
0
40
0
40
0
40
1
40
1
40
1
40
1
41
1
41
1
41
1
41
1
10
45.80900279084139
20
-22.333257467702868
30
0
10
46.152961124174723
20
-21.671799134369536
30
0
10
46.549836124174732
20
-21.195549134369532
30
0
10
46.708586124174722
20
-21.248465801036211
30
0
0
SPLINE
5
299
100
AcDbEntity
8
0
100
AcDbSpline
70
4
71
3
72
8
73
4
74
0
42
0.000000001
43
0.0000000001
44
0.0000000001
40
0
40
0
40
0
40
0
40
1
40
1
40
1
40
1
41
1
41
1
41
1
41
1
10
46.708586124174722
20
-21.248465801036211
30
0
10
46.893794457508065
20
-21.327840801036196
30
0
10
46.999627790841387
20
-20.560549134369538
30
0
10
47.026086124174725
20
-18.946590801036194
30
0
0
SPLINE
5
300
100
AcDbEntity
8
0
100
AcDbSpline
70
4
71
3
72
8
73
4
74
0
42
0.000000001
43
0.0000000001
44
0.0000000001
40
0
40
0
40
0
40
0
40
1
40
1
40
1
40
1
41
1
41
1
41
1
41
1
10
47.026086124174725
20
-18.946590801036194
30
0
10
47.052544457508063
20
-17.62367413436953
30
0
10
47.237752790841398
20
-15.930340801036206
30
0
10
47.422961124174734
20
-15.215965801036209
30
0
0
SPLINE
5
301
100
AcDbEntity
8
0
100
AcDbSpline
70
4
71
3
72
8
73
4
74
0
42
0.000000001
43
0.0000000001
44
0.0000000001
40
0
40
0
40
0
40
0
40
1
40
1
40
1
40
1
41
1
41
1
41
1
41
1
10
47.422961124174734
20
-15.215965801036209
30
0
10
47.6346277908414
20
-14.475132467702871
30
0
10
47.766919457508067
20
-13.707840801036193
30
0
10
47.766919457508067
20
-13.496174134369539
30
0
0
SPLINE
5
302
100
AcDbEntity
8
0
100
AcDbSpline
70
4
71
3
72
8
73
4
74
0
42
0.000000001
43
0.0000000001
44
0.0000000001
40
0
40
0
40
0
40
0
40
1
40
1
40
1
40
1
41
1
41
1
41
1
41
1
10
47.766919457508067
20
-13.496174134369539
30
0
10
47.740461124174729
20
-13.28450746770287
30
0
10
47.714002790841391
20
-12.940549134369533
30
0
10
47.687544457508068
20
-12.755340801036203
30
0
0
SPLINE
5
303
100
AcDbEntity
8
0
100
AcDbSpline
70
4
71
3
72
8
73
4
74
0
42
0.000000001
43
0.0000000001
44
0.0000000001
40
0
40
0
40
0
40
0
40
1
40
1
40
1
40
1
41
1
41
1
41
1
41
1
10
47.687544457508068
20
-12.755340801036203
30
0
10
47.687544457508068
20
-12.596590801036196
30
0
10
47.581711124174717
20
-12.464299134369529
30
0
10
47.475877790841395
20
-12.490757467702869
30
0
0
SPLINE
5
304
100
AcDbEntity
8
0
100
AcDbSpline
70
4
71
3
72
8
73
4
74
0
42
0.000000001
43
0.0000000001
44
0.0000000001
40
0
40
0
40
0
40
0
40
1
40
1
40
1
40
1
41
1
41
1
41
1
41
1
10
47.475877790841395
20
-12.490757467702869
30
0
10
46.999627790841387
20
-12.570132467702873
30
0
10
46.417544457508058
20
-12.093882467702869
30
0
10
46.496919457508064
20
-11.697007467702869
30
0
0
SPLINE
5
305
100
AcDbEntity
8
0
100
AcDbSpline
70
4
71
3
72
8
73
4
74
0
42
0.000000001
43
0.0000000001
44
0.0000000001
40
0
40
0
40
0
40
0
40
1
40
1
40
1
40
1
41
1
41
1
41
1
41
1
10
46.496919457508064
20
-11.697007467702869
30
0
10
46.629211124174724
20
-11.167840801036203
30
0
10
45.306294457508059
20
-9.6597158010362065
30
0
10
44.512544457508064
20
-9.3951324677028722
30
0
0
SPLINE
5
306
100
AcDbEntity
8
0
100
AcDbSpline
70
4
71
3
72
8
73
4
74
0
42
0.000000001
43
0.0000000001
44
0.0000000001
40
0
40
0
40
0
40
0
40
1
40
1
40
1
40
1
41
1
41
1
41
1
41
1
10
44.512544457508064
20
-9.3951324677028722
30
0
10
44.115669457508062
20
-9.2628408010362051
30
0
10
43.956919457508057
20
-9.3422158010361933
30
0
10
43.956919457508057
20
-9.6332574677028671
30
0
0
SPLINE
5
307
100
AcDbEntity
8
0
100
AcDbSpline
70
4
71
3
72
8
73
4
74
0
42
0.000000001
43
0.0000000001
44
0.0000000001
40
0
40
0
40
0
40
0
40
1
40
1
40
1
40
1
41
1
41
1
41
1
41
1
10
43.956919457508057
20
-9.6332574677028671
30
0
10
43.956919457508057
20
-9.8713824677028601
30
0
10
43.851086124174728
20
-10.056590801036204
30
0
10
43.69233612417473
20
-10.056590801036204
30
0
0
SPLINE
5
308
100
AcDbEntity
8
0
100
AcDbSpline
70
4
71
3
72
8
73
4
74
0
42
0.000000001
43
0.0000000001
44
0.0000000001
40
0
40
0
40
0
40
0
40
1
40
1
40
1
40
1
41
1
41
1
41
1
41
1
10
43.69233612417473
20
-10.056590801036204
30
0
10
43.348377790841397
20
-10.056590801036204
30
0
10
43.348377790841397
20
-9.6067991343695276
30
0
10
43.69233612417473
20
-9.3951324677028722
30
0
0
SPLINE
5
309
100
AcDbEntity
8
0
100
AcDbSpline
70
4
71
3
72
8
73
4
74
0
42
0.000000001
43
0.0000000001
44
0.0000000001
40
0
40
0
40
0
40
0
40
1
40
1
40
1
40
1
41
1
41
1
41
1
41
1
10
43.69233612417473
20
-9.3951324677028722
30
0
10
43.82462779084139
20
-9.3157574677028698
30
0
10
43.877544457508066
20
-9.0776324677028608
30
0
10
43.771711124174722
20
-8.8659658010362072
30
0
0
SPLINE
5
310
100
AcDbEntity
8
0
100
AcDbSpline
70
4
71
3
72
8
73
4
74
0
42
0.000000001
43
0.0000000001
44
0.0000000001
40
0
40
0
40
0
40
0
40
1
40
1
40
1
40
1
41
1
41
1
41
1
41
1
10
43.771711124174722
20
-8.8659658010362072
30
0
10
43.69233612417473
20
-8.6278408010361964
30
0
10
43.798169457508052
20
-8.4690908010362058
30
0
10
43.983377790841402
20
-8.4690908010362058
30
0
0
SPLINE
5
311
100
AcDbEntity
8
0
100
AcDbSpline
70
4
71
3
72
8
73
4
74
0
42
0.000000001
43
0.0000000001
44
0.0000000001
40
0
40
0
40
0
40
0
40
1
40
1
40
1
40
1
41
1
41
1
41
1
41
1
10
43.983377790841402
20
-8.4690908010362058
30
0
10
44.274419457508067
20
-8.4426324677028664
30
0
10
44.274419457508067
20
-8.3897158010362016
30
0
10
43.956919457508057
20
-8.1251324677028691
30
0
0
SPLINE
5
312
100
AcDbEntity
8
0
100
AcDbSpline
70
4
71
3
72
8
73
4
74
0
42
0.000000001
43
0.0000000001
44
0.0000000001
40
0
40
0
40
0
40
0
40
1
40
1
40
1
40
1
41
1
41
1
41
1
41
1
10
43.956919457508057
20
-8.1251324677028691
30
0
10
43.718794457508061
20
-7.9399241343695381
30
0
10
43.348377790841397
20
-7.4107574677028705
30
0
10
43.1102527908414
20
-6.9080491343695289
30
0
0
SPLINE
5
313
100
AcDbEntity
8
0
100
AcDbSpline
70
4
71
3
72
8
73
4
74
0
42
0.000000001
43
0.0000000001
44
0.0000000001
40
0
40
0
40
0
40
0
40
1
40
1
40
1
40
1
41
1
41
1
41
1
41
1
10
43.1102527908414
20
-6.9080491343695289
30
0
10
42.713377790841392
20
-6.0878408010362062
30
0
10
42.686919457508061
20
-6.0613824677028649
30
0
10
42.501711124174726
20
-6.5905491343695317
30
0
0
SPLINE
5
314
100
AcDbEntity
8
0
100
AcDbSpline
70
4
71
3
72
8
73
4
74
0
42
0.000000001
43
0.0000000001
44
0.0000000001
40
0
40
0
40
0
40
0
40
1
40
1
40
1
40
1
41
1
41
1
41
1
41
1
10
42.501711124174726
20
-6.5905491343695317
30
0
10
42.422336124174727
20
-6.8815908010362055
30
0
10
42.237127790841392
20
-7.146174134369538
30
0
10
42.104836124174724
20
-7.146174134369538
30
0
0
SPLINE
5
315
100
AcDbEntity
8
0
100
AcDbSpline
70
4
71
3
72
8
73
4
74
0
42
0.000000001
43
0.0000000001
44
0.0000000001
40
0
40
0
40
0
40
0
40
1
40
1
40
1
40
1
41
1
41
1
41
1
41
1
10
42.104836124174724
20
-7.146174134369538
30
0
10
41.787336124174729
20
-7.146174134369538
30
0
10
41.496294457508057
20
-6.1407574677028691
30
0
10
41.734419457508061
20
-5.770340801036193
30
0
0
SPLINE
5
316
100
AcDbEntity
8
0
100
AcDbSpline
70
4
71
3
72
8
73
4
74
0
42
0.000000001
43
0.0000000001
44
0.0000000001
40
0
40
0
40
0
40
0
40
1
40
1
40
1
40
1
41
1
41
1
41
1
41
1
10
41.734419457508061
20
-5.770340801036193
30
0
10
41.866711124174728
20
-5.5586741343695394
30
0
10
41.787336124174729
20
-5.5322158010361999
30
0
10
41.469836124174726
20
-5.6380491343695276
30
0
0
SPLINE
5
317
100
AcDbEntity
8
0
100
AcDbSpline
70
4
71
3
72
8
73
4
74
0
42
0.000000001
43
0.0000000001
44
0.0000000001
40
0
40
0
40
0
40
0
40
1
40
1
40
1
40
1
41
1
41
1
41
1
41
1
10
41.469836124174726
20
-5.6380491343695276
30
0
10
41.125877790841386
20
-5.770340801036193
30
0
10
41.020044457508064
20
-5.7174241343695282
30
0
10
41.125877790841386
20
-5.4528408010361957
30
0
0
SPLINE
5
318
100
AcDbEntity
8
0
100
AcDbSpline
70
4
71
3
72
8
73
4
74
0
42
0.000000001
43
0.0000000001
44
0.0000000001
40
0
40
0
40
0
40
0
40
1
40
1
40
1
40
1
41
1
41
1
41
1
41
1
10
41.125877790841386
20
-5.4528408010361957
30
0
10
41.23171112417473
20
-5.2147158010362027
30
0
10
41.125877790841386
20
-5.0559658010361952
30
0
10
40.834836124174728
20
-5.0559658010361952
30
0
0
SPLINE
5
319
100
AcDbEntity
8
0
100
AcDbSpline
70
4
71
3
72
8
73
4
74
0
42
0.000000001
43
0.0000000001
44
0.0000000001
40
0
40
0
40
0
40
0
40
1
40
1
40
1
40
1
41
1
41
1
41
1
41
1
10
40.834836124174728
20
-5.0559658010361952
30
0
10
40.596711124174725
20
-5.0559658010361952
30
0
10
39.776502790841391
20
-4.9765908010361937
30
0
10
39.009211124174726
20
-4.870757467702866
30
0
0
SPLINE
5
320
100
AcDbEntity
8
0
100
AcDbSpline
70
4
71
3
72
8
73
4
74
0
42
0.000000001
43
0.0000000001
44
0.0000000001
40
0
40
0
40
0
40
0
40
1
40
1
40
1
40
1
41
1
41
1
41
1
41
1
10
39.009211124174726
20
-4.870757467702866
30
0
10
37.686294457508055
20
-4.7120074677028594
30
0
10
37.633377790841394
20
-4.6855491343695359
30
0
10
37.792127790841398
20
-3.9711741343695373
30
0
0
SPLINE
5
321
100
AcDbEntity
8
0
100
AcDbSpline
70
4
71
3
72
8
73
4
74
0
42
0.000000001
43
0.0000000001
44
0.0000000001
40
0
40
0
40
0
40
0
40
1
40
1
40
1
40
1
41
1
41
1
41
1
41
1
10
37.792127790841398
20
-3.9711741343695373
30
0
10
37.871502790841383
20
-3.5742991343695385
30
0
10
37.792127790841398
20
-3.1509658010361985
30
0
10
37.633377790841394
20
-3.0715908010361948
30
0
0
SPLINE
5
322
100
AcDbEntity
8
0
100
AcDbSpline
70
4
71
3
72
8
73
4
74
0
42
0.000000001
43
0.0000000001
44
0.0000000001
40
0
40
0
40
0
40
0
40
1
40
1
40
1
40
1
41
1
41
1
41
1
41
1
10
37.633377790841394
20
-3.0715908010361948
30
0
10
37.183586124174724
20
-2.7805491343695374
30
0
10
37.289419457508053
20
-2.3042991343695354
30
0
10
37.765669457508068
20
-2.489507467702865
30
0
0
SPLINE
5
323
100
AcDbEntity
8
0
100
AcDbSpline
70
4
71
3
72
8
73
4
74
0
42
0.000000001
43
0.0000000001
44
0.0000000001
40
0
40
0
40
0
40
0
40
1
40
1
40
1
40
1
41
1
41
1
41
1
41
1
10
37.765669457508068
20
-2.489507467702865
30
0
10
38.003794457508057
20
-2.5688824677028688
30
0
10
47.052544457508063
20
-2.6482574677028712
30
0
10
57.874002790841395
20
-2.6482574677028712
30
0
0
SPLINE
5
324
100
AcDbEntity
8
0
100
AcDbSpline
70
4
71
3
72
8
73
4
74
0
42
0.000000001
43
0.0000000001
44
0.0000000001
40
0
40
0
40
0
40
0
40
1
40
1
40
1
40
1
41
1
41
1
41
1
41
1
10
30.463169457508059
20
-3.9711741343695373
30
0
10
30.463169457508059
20
-4.1034658010362062
30
0
10
30.357336124174729
20
-4.2357574677028715
30
0
10
30.198586124174724
20
-4.2357574677028715
30
0
0
SPLINE
5
325
100
AcDbEntity
8
0
100
AcDbSpline
70
4
71
3
72
8
73
4
74
0
42
0.000000001
43
0.0000000001
44
0.0000000001
40
0
40
0
40
0
40
0
40
1
40
1
40
1
40
1
41
1
41
1
41
1
41
1
10
30.198586124174724
20
-4.2357574677028715
30
0
10
30.066294457508054
20
-4.2357574677028715
30
0
10
29.93400279084139
20
-4.1034658010362062
30
0
10
29.93400279084139
20
-3.9711741343695373
30
0
0
SPLINE
5
326
100
AcDbEntity
8
0
100
AcDbSpline
70
4
71
3
72
8
73
4
74
0
42
0.000000001
43
0.0000000001
44
0.0000000001
40
0
40
0
40
0
40
0
40
1
40
1
40
1
40
1
41
1
41
1
41
1
41
1
10
29.93400279084139
20
-3.9711741343695373
30
0
10
29.93400279084139
20
-3.812424134369532
30
0
10
30.066294457508054
20
-3.7065908010362048
30
0
10
30.198586124174724
20
-3.7065908010362048
30
0
0
SPLINE
5
327
100
AcDbEntity
8
0
100
AcDbSpline
70
4
71
3
72
8
73
4
74
0
42
0.000000001
43
0.0000000001
44
0.0000000001
40
0
40
0
40
0
40
0
40
1
40
1
40
1
40
1
41
1
41
1
41
1
41
1
10
30.198586124174724
20
-3.7065908010362048
30
0
10
30.357336124174729
20
-3.7065908010362048
30
0
10
30.463169457508059
20
-3.812424134369532
30
0
10
30.463169457508059
20
-3.9711741343695373
30
0
0
SPLINE
5
328
100
AcDbEntity
8
0
100
AcDbSpline
70
4
71
3
72
8
73
4
74
0
42
0.000000001
43
0.0000000001
44
0.0000000001
40
0
40
0
40
0
40
0
40
1
40
1
40
1
40
1
41
1
41
1
41
1
41
1
10
31.283377790841396
20
-5.0295074677028717
30
0
10
31.547961124174726
20
-5.1882574677028632
30
0
10
31.786086124174719
20
-5.4263824677028722
30
0
10
31.786086124174719
20
-5.5851324677028629
30
0
0
SPLINE
5
329
100
AcDbEntity
8
0
100
AcDbSpline
70
4
71
3
72
8
73
4
74
0
42
0.000000001
43
0.0000000001
44
0.0000000001
40
0
40
0
40
0
40
0
40
1
40
1
40
1
40
1
41
1
41
1
41
1
41
1
10
31.786086124174719
20
-5.5851324677028629
30
0
10
31.786086124174719
20
-5.7174241343695282
30
0
10
31.495044457508055
20
-5.6380491343695276
30
0
10
31.151086124174725
20
-5.4263824677028722
30
0
0
SPLINE
5
330
100
AcDbEntity
8
0
100
AcDbSpline
70
4
71
3
72
8
73
4
74
0
42
0.000000001
43
0.0000000001
44
0.0000000001
40
0
40
0
40
0
40
0
40
1
40
1
40
1
40
1
41
1
41
1
41
1
41
1
10
31.151086124174725
20
-5.4263824677028722
30
0
10
30.542544457508054
20
-5.0295074677028717
30
0
10
30.489627790841396
20
-5.0295074677028717
30
0
10
29.960461124174724
20
-5.7174241343695282
30
0
0
SPLINE
5
331
100
AcDbEntity
8
0
100
AcDbSpline
70
4
71
3
72
8
73
4
74
0
42
0.000000001
43
0.0000000001
44
0.0000000001
40
0
40
0
40
0
40
0
40
1
40
1
40
1
40
1
41
1
41
1
41
1
41
1
10
29.960461124174724
20
-5.7174241343695282
30
0
10
29.590044457508064
20
-6.1672158010361926
30
0
10
29.45775279084139
20
-6.6170074677028712
30
0
10
29.56358612417473
20
-6.9609658010361937
30
0
0
SPLINE
5
332
100
AcDbEntity
8
0
100
AcDbSpline
70
4
71
3
72
8
73
4
74
0
42
0.000000001
43
0.0000000001
44
0.0000000001
40
0
40
0
40
0
40
0
40
1
40
1
40
1
40
1
41
1
41
1
41
1
41
1
10
29.56358612417473
20
-6.9609658010361937
30
0
10
29.669419457508049
20
-7.3313824677028698
30
0
10
29.616502790841395
20
-7.4372158010361966
30
0
10
29.378377790841384
20
-7.3578408010361933
30
0
0
SPLINE
5
333
100
AcDbEntity
8
0
100
AcDbSpline
70
4
71
3
72
8
73
4
74
0
42
0.000000001
43
0.0000000001
44
0.0000000001
40
0
40
0
40
0
40
0
40
1
40
1
40
1
40
1
41
1
41
1
41
1
41
1
10
29.378377790841384
20
-7.3578408010361933
30
0
10
28.955044457508059
20
-7.2255491343695262
30
0
10
28.849211124174722
20
-5.8232574677028719
30
0
10
29.272544457508054
20
-5.8232574677028719
30
0
0
SPLINE
5
334
100
AcDbEntity
8
0
100
AcDbSpline
70
4
71
3
72
8
73
4
74
0
42
0.000000001
43
0.0000000001
44
0.0000000001
40
0
40
0
40
0
40
0
40
1
40
1
40
1
40
1
41
1
41
1
41
1
41
1
10
29.272544457508054
20
-5.8232574677028719
30
0
10
29.404836124174718
20
-5.8232574677028719
30
0
10
29.695877790841394
20
-5.5851324677028629
30
0
10
29.881086124174729
20
-5.2940908010362042
30
0
0
SPLINE
5
335
100
AcDbEntity
8
0
100
AcDbSpline
70
4
71
3
72
8
73
4
74
0
42
0.000000001
43
0.0000000001
44
0.0000000001
40
0
40
0
40
0
40
0
40
1
40
1
40
1
40
1
41
1
41
1
41
1
41
1
10
29.881086124174729
20
-5.2940908010362042
30
0
10
30.251502790841389
20
-4.6855491343695359
30
0
10
30.542544457508054
20
-4.6326324677028712
30
0
10
31.283377790841396
20
-5.0295074677028717
30
0
0
SPLINE
5
336
100
AcDbEntity
8
0
100
AcDbSpline
70
4
71
3
72
8
73
4
74
0
42
0.000000001
43
0.0000000001
44
0.0000000001
40
0
40
0
40
0
40
0
40
1
40
1
40
1
40
1
41
1
41
1
41
1
41
1
10
36.945461124174727
20
-5.2940908010362042
30
0
10
37.024836124174726
20
-5.4263824677028722
30
0
10
36.971919457508058
20
-5.5586741343695394
30
0
10
36.839627790841398
20
-5.5586741343695394
30
0
0
SPLINE
5
337
100
AcDbEntity
8
0
100
AcDbSpline
70
4
71
3
72
8
73
4
74
0
42
0.000000001
43
0.0000000001
44
0.0000000001
40
0
40
0
40
0
40
0
40
1
40
1
40
1
40
1
41
1
41
1
41
1
41
1
10
36.839627790841398
20
-5.5586741343695394
30
0
10
36.680877790841393
20
-5.5586741343695394
30
0
10
36.548586124174719
20
-5.4263824677028722
30
0
10
36.548586124174719
20
-5.2940908010362042
30
0
0
SPLINE
5
338
100
AcDbEntity
8
0
100
AcDbSpline
70
4
71
3
72
8
73
4
74
0
42
0.000000001
43
0.0000000001
44
0.0000000001
40
0
40
0
40
0
40
0
40
1
40
1
40
1
40
1
41
1
41
1
41
1
41
1
10
36.548586124174719
20
-5.2940908010362042
30
0
10
36.548586124174719
20
-5.1353408010361985
30
0
10
36.601502790841394
20
-5.0295074677028717
30
0
10
36.654419457508062
20
-5.0295074677028717
30
0
0
SPLINE
5
339
100
AcDbEntity
8
0
100
AcDbSpline
70
4
71
3
72
8
73
4
74
0
42
0.000000001
43
0.0000000001
44
0.0000000001
40
0
40
0
40
0
40
0
40
1
40
1
40
1
40
1
41
1
41
1
41
1
41
1
10
36.654419457508062
20
-5.0295074677028717
30
0
10
36.733794457508054
20
-5.0295074677028717
30
0
10
36.866086124174728
20
-5.1353408010361985
30
0
10
36.945461124174727
20
-5.2940908010362042
30
0
0
SPLINE
5
340
100
AcDbEntity
8
0
100
AcDbSpline
70
4
71
3
72
8
73
4
74
0
42
0.000000001
43
0.0000000001
44
0.0000000001
40
0
40
0
40
0
40
0
40
1
40
1
40
1
40
1
41
1
41
1
41
1
41
1
10
39.723586124174723
20
-5.2676324677028656
30
0
10
40.252752790841384
20
-5.2940908010362042
30
0
10
40.30566945750806
20
-5.3470074677028689
30
0
10
39.98816945750805
20
-5.5586741343695394
30
0
0
SPLINE
5
341
100
AcDbEntity
8
0
100
AcDbSpline
70
4
71
3
72
8
73
4
74
0
42
0.000000001
43
0.0000000001
44
0.0000000001
40
0
40
0
40
0
40
0
40
1
40
1
40
1
40
1
41
1
41
1
41
1
41
1
10
39.98816945750805
20
-5.5586741343695394
30
0
10
39.670669457508055
20
-5.770340801036193
30
0
10
39.697127790841392
20
-5.8232574677028719
30
0
10
40.146919457508062
20
-5.8232574677028719
30
0
0
SPLINE
5
342
100
AcDbEntity
8
0
100
AcDbSpline
70
4
71
3
72
8
73
4
74
0
42
0.000000001
43
0.0000000001
44
0.0000000001
40
0
40
0
40
0
40
0
40
1
40
1
40
1
40
1
41
1
41
1
41
1
41
1
10
40.146919457508062
20
-5.8232574677028719
30
0
10
40.464419457508065
20
-5.8232574677028719
30
0
10
40.861294457508059
20
-6.008465801036202
30
0
10
41.046502790841394
20
-6.2201324677028724
30
0
0
SPLINE
5
343
100
AcDbEntity
8
0
100
AcDbSpline
70
4
71
3
72
8
73
4
74
0
42
0.000000001
43
0.0000000001
44
0.0000000001
40
0
40
0
40
0
40
0
40
1
40
1
40
1
40
1
41
1
41
1
41
1
41
1
10
41.046502790841394
20
-6.2201324677028724
30
0
10
41.23171112417473
20
-6.4317991343695269
30
0
10
41.284627790841391
20
-6.6170074677028712
30
0
10
41.178794457508054
20
-6.6170074677028712
30
0
0
SPLINE
5
344
100
AcDbEntity
8
0
100
AcDbSpline
70
4
71
3
72
8
73
4
74
0
42
0.000000001
43
0.0000000001
44
0.0000000001
40
0
40
0
40
0
40
0
40
1
40
1
40
1
40
1
41
1
41
1
41
1
41
1
10
41.178794457508054
20
-6.6170074677028712
30
0
10
41.072961124174725
20
-6.6170074677028712
30
0
10
41.125877790841386
20
-6.8022158010362022
30
0
10
41.311086124174722
20
-7.0138824677028726
30
0
0
SPLINE
5
345
100
AcDbEntity
8
0
100
AcDbSpline
70
4
71
3
72
8
73
4
74
0
42
0.000000001
43
0.0000000001
44
0.0000000001
40
0
40
0
40
0
40
0
40
1
40
1
40
1
40
1
41
1
41
1
41
1
41
1
10
41.311086124174722
20
-7.0138824677028726
30
0
10
41.496294457508057
20
-7.2520074677028656
30
0
10
41.549211124174725
20
-7.5165908010361999
30
0
10
41.443377790841389
20
-7.6224241343695276
30
0
0
SPLINE
5
346
100
AcDbEntity
8
0
100
AcDbSpline
70
4
71
3
72
8
73
4
74
0
42
0.000000001
43
0.0000000001
44
0.0000000001
40
0
40
0
40
0
40
0
40
1
40
1
40
1
40
1
41
1
41
1
41
1
41
1
10
41.443377790841389
20
-7.6224241343695276
30
0
10
41.337544457508066
20
-7.7282574677028677
30
0
10
41.178794457508054
20
-7.6753408010362056
30
0
10
41.125877790841386
20
-7.5165908010361999
30
0
0
SPLINE
5
347
100
AcDbEntity
8
0
100
AcDbSpline
70
4
71
3
72
8
73
4
74
0
42
0.000000001
43
0.0000000001
44
0.0000000001
40
0
40
0
40
0
40
0
40
1
40
1
40
1
40
1
41
1
41
1
41
1
41
1
10
41.125877790841386
20
-7.5165908010361999
30
0
10
41.072961124174725
20
-7.3313824677028698
30
0
10
40.78191945750806
20
-7.2784658010362051
30
0
10
40.464419457508065
20
-7.3313824677028698
30
0
0
SPLINE
5
348
100
AcDbEntity
8
0
100
AcDbSpline
70
4
71
3
72
8
73
4
74
0
42
0.000000001
43
0.0000000001
44
0.0000000001
40
0
40
0
40
0
40
0
40
1
40
1
40
1
40
1
41
1
41
1
41
1
41
1
10
40.464419457508065
20
-7.3313824677028698
30
0
10
40.1733777908414
20
-7.4372158010361966
30
0
10
39.82941945750806
20
-7.3313824677028698
30
0
10
39.670669457508055
20
-7.1197158010361994
30
0
0
SPLINE
5
349
100
AcDbEntity
8
0
100
AcDbSpline
70
4
71
3
72
8
73
4
74
0
42
0.000000001
43
0.0000000001
44
0.0000000001
40
0
40
0
40
0
40
0
40
1
40
1
40
1
40
1
41
1
41
1
41
1
41
1
10
39.670669457508055
20
-7.1197158010361994
30
0
10
39.485461124174734
20
-6.8286741343695256
30
0
10
39.37962779084139
20
-6.8286741343695256
30
0
10
39.27379445750806
20
-7.0667991343695347
30
0
0
SPLINE
5
350
100
AcDbEntity
8
0
100
AcDbSpline
70
4
71
3
72
8
73
4
74
0
42
0.000000001
43
0.0000000001
44
0.0000000001
40
0
40
0
40
0
40
0
40
1
40
1
40
1
40
1
41
1
41
1
41
1
41
1
10
39.27379445750806
20
-7.0667991343695347
30
0
10
39.220877790841399
20
-7.2520074677028656
30
0
10
38.929836124174727
20
-7.4107574677028705
30
0
10
38.665252790841393
20
-7.4107574677028705
30
0
0
SPLINE
5
351
100
AcDbEntity
8
0
100
AcDbSpline
70
4
71
3
72
8
73
4
74
0
42
0.000000001
43
0.0000000001
44
0.0000000001
40
0
40
0
40
0
40
0
40
1
40
1
40
1
40
1
41
1
41
1
41
1
41
1
10
38.665252790841393
20
-7.4107574677028705
30
0
10
38.400669457508059
20
-7.4107574677028705
30
0
10
38.109627790841394
20
-7.2520074677028656
30
0
10
38.030252790841395
20
-7.0667991343695347
30
0
0
SPLINE
5
352
100
AcDbEntity
8
0
100
AcDbSpline
70
4
71
3
72
8
73
4
74
0
42
0.000000001
43
0.0000000001
44
0.0000000001
40
0
40
0
40
0
40
0
40
1
40
1
40
1
40
1
41
1
41
1
41
1
41
1
10
38.030252790841395
20
-7.0667991343695347
30
0
10
37.950877790841389
20
-6.8551324677028669
30
0
10
37.792127790841398
20
-6.8815908010362055
30
0
10
37.501086124174734
20
-7.2520074677028656
30
0
0
SPLINE
5
353
100
AcDbEntity
8
0
100
AcDbSpline
70
4
71
3
72
8
73
4
74
0
42
0.000000001
43
0.0000000001
44
0.0000000001
40
0
40
0
40
0
40
0
40
1
40
1
40
1
40
1
41
1
41
1
41
1
41
1
10
37.501086124174734
20
-7.2520074677028656
30
0
10
37.236502790841399
20
-7.5959658010362023
30
0
10
36.945461124174727
20
-7.6753408010362056
30
0
10
36.627961124174732
20
-7.5430491343695394
30
0
0
SPLINE
5
354
100
AcDbEntity
8
0
100
AcDbSpline
70
4
71
3
72
8
73
4
74
0
42
0.000000001
43
0.0000000001
44
0.0000000001
40
0
40
0
40
0
40
0
40
1
40
1
40
1
40
1
41
1
41
1
41
1
41
1
10
36.627961124174732
20
-7.5430491343695394
30
0
10
36.363377790841398
20
-7.4107574677028705
30
0
10
36.072336124174733
20
-7.3578408010361933
30
0
10
35.966502790841389
20
-7.3578408010361933
30
0
0
SPLINE
5
355
100
AcDbEntity
8
0
100
AcDbSpline
70
4
71
3
72
8
73
4
74
0
42
0.000000001
43
0.0000000001
44
0.0000000001
40
0
40
0
40
0
40
0
40
1
40
1
40
1
40
1
41
1
41
1
41
1
41
1
10
35.966502790841389
20
-7.3578408010361933
30
0
10
35.834211124174722
20
-7.3842991343695319
30
0
10
35.754836124174723
20
-7.2784658010362051
30
0
10
35.754836124174723
20
-7.146174134369538
30
0
0
SPLINE
5
356
100
AcDbEntity
8
0
100
AcDbSpline
70
4
71
3
72
8
73
4
74
0
42
0.000000001
43
0.0000000001
44
0.0000000001
40
0
40
0
40
0
40
0
40
1
40
1
40
1
40
1
41
1
41
1
41
1
41
1
10
35.754836124174723
20
-7.146174134369538
30
0
10
35.754836124174723
20
-6.7757574677028636
30
0
10
36.469211124174727
20
-6.8022158010362022
30
0
10
36.707336124174724
20
-7.1726324677028614
30
0
0
SPLINE
5
357
100
AcDbEntity
8
0
100
AcDbSpline
70
4
71
3
72
8
73
4
74
0
42
0.000000001
43
0.0000000001
44
0.0000000001
40
0
40
0
40
0
40
0
40
1
40
1
40
1
40
1
41
1
41
1
41
1
41
1
10
36.707336124174724
20
-7.1726324677028614
30
0
10
36.839627790841398
20
-7.3842991343695319
30
0
10
36.971919457508058
20
-7.3313824677028698
30
0
10
37.130669457508063
20
-7.0403408010361961
30
0
0
SPLINE
5
358
100
AcDbEntity
8
0
100
AcDbSpline
70
4
71
3
72
8
73
4
74
0
42
0.000000001
43
0.0000000001
44
0.0000000001
40
0
40
0
40
0
40
0
40
1
40
1
40
1
40
1
41
1
41
1
41
1
41
1
10
37.130669457508063
20
-7.0403408010361961
30
0
10
37.395252790841397
20
-6.5640908010361931
30
0
10
38.294836124174729
20
-6.4582574677028664
30
0
10
38.45358612417472
20
-6.9080491343695289
30
0
0
SPLINE
5
359
100
AcDbEntity
8
0
100
AcDbSpline
70
4
71
3
72
8
73
4
74
0
42
0.000000001
43
0.0000000001
44
0.0000000001
40
0
40
0
40
0
40
0
40
1
40
1
40
1
40
1
41
1
41
1
41
1
41
1
10
38.45358612417472
20
-6.9080491343695289
30
0
10
38.532961124174719
20
-7.1197158010361994
30
0
10
38.718169457508068
20
-7.0403408010361961
30
0
10
39.009211124174726
20
-6.7492991343695401
30
0
0
SPLINE
5
360
100
AcDbEntity
8
0
100
AcDbSpline
70
4
71
3
72
8
73
4
74
0
42
0.000000001
43
0.0000000001
44
0.0000000001
40
0
40
0
40
0
40
0
40
1
40
1
40
1
40
1
41
1
41
1
41
1
41
1
10
39.009211124174726
20
-6.7492991343695401
30
0
10
39.459002790841389
20
-6.3259658010361992
30
0
10
39.511919457508064
20
-6.3259658010361992
30
0
10
39.96171112417472
20
-6.7228408010361989
30
0
0
SPLINE
5
361
100
AcDbEntity
8
0
100
AcDbSpline
70
4
71
3
72
8
73
4
74
0
42
0.000000001
43
0.0000000001
44
0.0000000001
40
0
40
0
40
0
40
0
40
1
40
1
40
1
40
1
41
1
41
1
41
1
41
1
10
39.96171112417472
20
-6.7228408010361989
30
0
10
40.385044457508059
20
-7.1197158010361994
30
0
10
40.490877790841395
20
-7.1197158010361994
30
0
10
40.75546112417473
20
-6.7757574677028636
30
0
0
SPLINE
5
362
100
AcDbEntity
8
0
100
AcDbSpline
70
4
71
3
72
8
73
4
74
0
42
0.000000001
43
0.0000000001
44
0.0000000001
40
0
40
0
40
0
40
0
40
1
40
1
40
1
40
1
41
1
41
1
41
1
41
1
10
40.75546112417473
20
-6.7757574677028636
30
0
10
41.046502790841394
20
-6.4317991343695269
30
0
10
40.967127790841396
20
-6.3524241343695387
30
0
10
40.411502790841396
20
-6.1936741343695338
30
0
0
SPLINE
5
363
100
AcDbEntity
8
0
100
AcDbSpline
70
4
71
3
72
8
73
4
74
0
42
0.000000001
43
0.0000000001
44
0.0000000001
40
0
40
0
40
0
40
0
40
1
40
1
40
1
40
1
41
1
41
1
41
1
41
1
10
40.411502790841396
20
-6.1936741343695338
30
0
10
40.041086124174726
20
-6.1142991343695297
30
0
10
39.088586124174725
20
-6.0878408010362062
30
0
10
38.268377790841384
20
-6.1407574677028691
30
0
0
SPLINE
5
364
100
AcDbEntity
8
0
100
AcDbSpline
70
4
71
3
72
8
73
4
74
0
42
0.000000001
43
0.0000000001
44
0.0000000001
40
0
40
0
40
0
40
0
40
1
40
1
40
1
40
1
41
1
41
1
41
1
41
1
10
38.268377790841384
20
-6.1407574677028691
30
0
10
37.474627790841389
20
-6.1672158010361926
30
0
10
36.813169457508053
20
-6.1407574677028691
30
0
10
36.813169457508053
20
-6.008465801036202
30
0
0
SPLINE
5
365
100
AcDbEntity
8
0
100
AcDbSpline
70
4
71
3
72
8
73
4
74
0
42
0.000000001
43
0.0000000001
44
0.0000000001
40
0
40
0
40
0
40
0
40
1
40
1
40
1
40
1
41
1
41
1
41
1
41
1
10
36.813169457508053
20
-6.008465801036202
30
0
10
36.813169457508053
20
-5.9026324677028601
30
0
10
37.421711124174728
20
-5.8232574677028719
30
0
10
38.189002790841393
20
-5.8232574677028719
30
0
0
SPLINE
5
366
100
AcDbEntity
8
0
100
AcDbSpline
70
4
71
3
72
8
73
4
74
0
42
0.000000001
43
0.0000000001
44
0.0000000001
40
0
40
0
40
0
40
0
40
1
40
1
40
1
40
1
41
1
41
1
41
1
41
1
10
38.189002790841393
20
-5.8232574677028719
30
0
10
39.697127790841392
20
-5.8232574677028719
30
0
10
39.802961124174729
20
-5.5586741343695394
30
0
10
38.294836124174729
20
-5.5057574677028587
30
0
0
SPLINE
5
367
100
AcDbEntity
8
0
100
AcDbSpline
70
4
71
3
72
8
73
4
74
0
42
0.000000001
43
0.0000000001
44
0.0000000001
40
0
40
0
40
0
40
0
40
1
40
1
40
1
40
1
41
1
41
1
41
1
41
1
10
38.294836124174729
20
-5.5057574677028587
30
0
10
37.765669457508068
20
-5.4792991343695352
30
0
10
37.342336124174722
20
-5.399924134369531
30
0
10
37.342336124174722
20
-5.2940908010362042
30
0
0
SPLINE
5
368
100
AcDbEntity
8
0
100
AcDbSpline
70
4
71
3
72
8
73
4
74
0
42
0.000000001
43
0.0000000001
44
0.0000000001
40
0
40
0
40
0
40
0
40
1
40
1
40
1
40
1
41
1
41
1
41
1
41
1
10
37.342336124174722
20
-5.2940908010362042
30
0
10
37.342336124174722
20
-5.1882574677028632
30
0
10
37.739211124174723
20
-5.1353408010361985
30
0
10
38.215461124174723
20
-5.161799134369538
30
0
0
SPLINE
5
369
100
AcDbEntity
8
0
100
AcDbSpline
70
4
71
3
72
8
73
4
74
0
42
0.000000001
43
0.0000000001
44
0.0000000001
40
0
40
0
40
0
40
0
40
1
40
1
40
1
40
1
41
1
41
1
41
1
41
1
10
38.215461124174723
20
-5.161799134369538
30
0
10
38.665252790841393
20
-5.2147158010362027
30
0
10
39.353169457508059
20
-5.2411741343695262
30
0
10
39.723586124174723
20
-5.2676324677028656
30
0
0
SPLINE
5
370
100
AcDbEntity
8
0
100
AcDbSpline
70
4
71
3
72
8
73
4
74
0
42
0.000000001
43
0.0000000001
44
0.0000000001
40
0
40
0
40
0
40
0
40
1
40
1
40
1
40
1
41
1
41
1
41
1
41
1
10
32.84441945750806
20
-6.0878408010362062
30
0
10
32.84441945750806
20
-7.1197158010361994
30
0
10
32.474002790841396
20
-7.1197158010361994
30
0
10
32.39462779084139
20
-6.0878408010362062
30
0
0
SPLINE
5
371
100
AcDbEntity
8
0
100
AcDbSpline
70
4
71
3
72
8
73
4
74
0
42
0.000000001
43
0.0000000001
44
0.0000000001
40
0
40
0
40
0
40
0
40
1
40
1
40
1
40
1
41
1
41
1
41
1
41
1
10
32.39462779084139
20
-6.0878408010362062
30
0
10
32.36816945750806
20
-5.6380491343695276
30
0
10
32.447544457508059
20
-5.2940908010362042
30
0
10
32.579836124174726
20
-5.2940908010362042
30
0
0
SPLINE
5
372
100
AcDbEntity
8
0
100
AcDbSpline
70
4
71
3
72
8
73
4
74
0
42
0.000000001
43
0.0000000001
44
0.0000000001
40
0
40
0
40
0
40
0
40
1
40
1
40
1
40
1
41
1
41
1
41
1
41
1
10
32.579836124174726
20
-5.2940908010362042
30
0
10
32.738586124174731
20
-5.2940908010362042
30
0
10
32.84441945750806
20
-5.6380491343695276
30
0
10
32.84441945750806
20
-6.0878408010362062
30
0
0
SPLINE
5
373
100
AcDbEntity
8
0
100
AcDbSpline
70
4
71
3
72
8
73
4
74
0
42
0.000000001
43
0.0000000001
44
0.0000000001
40
0
40
0
40
0
40
0
40
1
40
1
40
1
40
1
41
1
41
1
41
1
41
1
10
36.125252790841387
20
-5.6115908010362014
30
0
10
35.940044457508058
20
-5.9026324677028601
30
0
10
35.225669457508062
20
-5.8761741343695366
30
0
10
35.225669457508062
20
-5.5851324677028629
30
0
0
SPLINE
5
374
100
AcDbEntity
8
0
100
AcDbSpline
70
4
71
3
72
8
73
4
74
0
42
0.000000001
43
0.0000000001
44
0.0000000001
40
0
40
0
40
0
40
0
40
1
40
1
40
1
40
1
41
1
41
1
41
1
41
1
10
35.225669457508062
20
-5.5851324677028629
30
0
10
35.225669457508062
20
-5.4263824677028722
30
0
10
35.463794457508058
20
-5.3470074677028689
30
0
10
35.728377790841392
20
-5.3734658010361924
30
0
0
SPLINE
5
375
100
AcDbEntity
8
0
100
AcDbSpline
70
4
71
3
72
8
73
4
74
0
42
0.000000001
43
0.0000000001
44
0.0000000001
40
0
40
0
40
0
40
0
40
1
40
1
40
1
40
1
41
1
41
1
41
1
41
1
10
35.728377790841392
20
-5.3734658010361924
30
0
10
36.019419457508057
20
-5.3734658010361924
30
0
10
36.178169457508062
20
-5.5057574677028587
30
0
10
36.125252790841387
20
-5.6115908010362014
30
0
0
SPLINE
5
376
100
AcDbEntity
8
0
100
AcDbSpline
70
4
71
3
72
8
73
4
74
0
42
0.000000001
43
0.0000000001
44
0.0000000001
40
0
40
0
40
0
40
0
40
1
40
1
40
1
40
1
41
1
41
1
41
1
41
1
10
31.362752790841391
20
-6.6434658010361964
30
0
10
31.177544457508056
20
-6.9609658010361937
30
0
10
30.198586124174724
20
-6.9345074677028684
30
0
10
30.198586124174724
20
-6.6434658010361964
30
0
0
SPLINE
5
377
100
AcDbEntity
8
0
100
AcDbSpline
70
4
71
3
72
8
73
4
74
0
42
0.000000001
43
0.0000000001
44
0.0000000001
40
0
40
0
40
0
40
0
40
1
40
1
40
1
40
1
41
1
41
1
41
1
41
1
10
30.198586124174724
20
-6.6434658010361964
30
0
10
30.198586124174724
20
-6.5111741343695284
30
0
10
30.277961124174723
20
-6.1936741343695338
30
0
10
30.357336124174729
20
-5.9555491343695373
30
0
0
SPLINE
5
378
100
AcDbEntity
8
0
100
AcDbSpline
70
4
71
3
72
8
73
4
74
0
42
0.000000001
43
0.0000000001
44
0.0000000001
40
0
40
0
40
0
40
0
40
1
40
1
40
1
40
1
41
1
41
1
41
1
41
1
10
30.357336124174729
20
-5.9555491343695373
30
0
10
30.51608612417472
20
-5.5586741343695394
30
0
10
30.569002790841388
20
-5.5851324677028629
30
0
10
31.018794457508065
20
-5.9820074677028634
30
0
0
SPLINE
5
379
100
AcDbEntity
8
0
100
AcDbSpline
70
4
71
3
72
8
73
4
74
0
42
0.000000001
43
0.0000000001
44
0.0000000001
40
0
40
0
40
0
40
0
40
1
40
1
40
1
40
1
41
1
41
1
41
1
41
1
10
31.018794457508065
20
-5.9820074677028634
30
0
10
31.283377790841396
20
-6.2201324677028724
30
0
10
31.44212779084139
20
-6.5376324677028697
30
0
10
31.362752790841391
20
-6.6434658010361964
30
0
0
SPLINE
5
380
100
AcDbEntity
8
0
100
AcDbSpline
70
4
71
3
72
8
73
4
74
0
42
0.000000001
43
0.0000000001
44
0.0000000001
40
0
40
0
40
0
40
0
40
1
40
1
40
1
40
1
41
1
41
1
41
1
41
1
10
34.696502790841386
20
-6.0878408010362062
30
0
10
34.193794457508062
20
-6.4053408010362016
30
0
10
33.90275279084139
20
-6.4053408010362016
30
0
10
33.90275279084139
20
-6.1142991343695297
30
0
0
SPLINE
5
381
100
AcDbEntity
8
0
100
AcDbSpline
70
4
71
3
72
8
73
4
74
0
42
0.000000001
43
0.0000000001
44
0.0000000001
40
0
40
0
40
0
40
0
40
1
40
1
40
1
40
1
41
1
41
1
41
1
41
1
10
33.90275279084139
20
-6.1142991343695297
30
0
10
33.90275279084139
20
-5.8497158010361971
30
0
10
34.722961124174731
20
-5.5851324677028629
30
0
10
34.96108612417472
20
-5.7438824677028677
30
0
0
SPLINE
5
382
100
AcDbEntity
8
0
100
AcDbSpline
70
4
71
3
72
8
73
4
74
0
42
0.000000001
43
0.0000000001
44
0.0000000001
40
0
40
0
40
0
40
0
40
1
40
1
40
1
40
1
41
1
41
1
41
1
41
1
10
34.96108612417472
20
-5.7438824677028677
30
0
10
35.014002790841388
20
-5.7967991343695324
30
0
10
34.908169457508066
20
-5.9555491343695373
30
0
10
34.696502790841386
20
-6.0878408010362062
30
0
0
SPLINE
5
383
100
AcDbEntity
8
0
100
AcDbSpline
70
4
71
3
72
8
73
4
74
0
42
0.000000001
43
0.0000000001
44
0.0000000001
40
0
40
0
40
0
40
0
40
1
40
1
40
1
40
1
41
1
41
1
41
1
41
1
10
36.548586124174719
20
-6.0349241343695255
30
0
10
36.548586124174719
20
-6.1407574677028691
30
0
10
35.992961124174727
20
-6.4053408010362016
30
0
10
35.30504445750806
20
-6.5905491343695317
30
0
0
SPLINE
5
384
100
AcDbEntity
8
0
100
AcDbSpline
70
4
71
3
72
8
73
4
74
0
42
0.000000001
43
0.0000000001
44
0.0000000001
40
0
40
0
40
0
40
0
40
1
40
1
40
1
40
1
41
1
41
1
41
1
41
1
10
35.30504445750806
20
-6.5905491343695317
30
0
10
34.590669457508064
20
-6.8022158010362022
30
0
10
33.638169457508056
20
-7.2520074677028656
30
0
10
33.135461124174732
20
-7.5695074677028629
30
0
0
SPLINE
5
385
100
AcDbEntity
8
0
100
AcDbSpline
70
4
71
3
72
8
73
4
74
0
42
0.000000001
43
0.0000000001
44
0.0000000001
40
0
40
0
40
0
40
0
40
1
40
1
40
1
40
1
41
1
41
1
41
1
41
1
10
33.135461124174732
20
-7.5695074677028629
30
0
10
32.632752790841394
20
-7.9134658010361996
30
0
10
32.156502790841387
20
-8.1251324677028691
30
0
10
32.077127790841395
20
-8.0722158010362044
30
0
0
SPLINE
5
386
100
AcDbEntity
8
0
100
AcDbSpline
70
4
71
3
72
8
73
4
74
0
42
0.000000001
43
0.0000000001
44
0.0000000001
40
0
40
0
40
0
40
0
40
1
40
1
40
1
40
1
41
1
41
1
41
1
41
1
10
32.077127790841395
20
-8.0722158010362044
30
0
10
31.944836124174731
20
-7.9134658010361996
30
0
10
32.923794457508052
20
-7.146174134369538
30
0
10
33.638169457508056
20
-6.8286741343695256
30
0
0
SPLINE
5
387
100
AcDbEntity
8
0
100
AcDbSpline
70
4
71
3
72
8
73
4
74
0
42
0.000000001
43
0.0000000001
44
0.0000000001
40
0
40
0
40
0
40
0
40
1
40
1
40
1
40
1
41
1
41
1
41
1
41
1
10
33.638169457508056
20
-6.8286741343695256
30
0
10
33.955669457508066
20
-6.6963824677028594
30
0
10
33.955669457508066
20
-6.6434658010361964
30
0
10
33.585252790841395
20
-6.6434658010361964
30
0
0
SPLINE
5
388
100
AcDbEntity
8
0
100
AcDbSpline
70
4
71
3
72
8
73
4
74
0
42
0.000000001
43
0.0000000001
44
0.0000000001
40
0
40
0
40
0
40
0
40
1
40
1
40
1
40
1
41
1
41
1
41
1
41
1
10
33.585252790841395
20
-6.6434658010361964
30
0
10
33.32066945750806
20
-6.6170074677028712
30
0
10
33.109002790841387
20
-6.4847158010362049
30
0
10
33.109002790841387
20
-6.3524241343695387
30
0
0
SPLINE
5
389
100
AcDbEntity
8
0
100
AcDbSpline
70
4
71
3
72
8
73
4
74
0
42
0.000000001
43
0.0000000001
44
0.0000000001
40
0
40
0
40
0
40
0
40
1
40
1
40
1
40
1
41
1
41
1
41
1
41
1
10
33.109002790841387
20
-6.3524241343695387
30
0
10
33.109002790841387
20
-6.008465801036202
30
0
10
33.45296112417472
20
-6.008465801036202
30
0
10
33.796919457508061
20
-6.3524241343695387
30
0
0
SPLINE
5
390
100
AcDbEntity
8
0
100
AcDbSpline
70
4
71
3
72
8
73
4
74
0
42
0.000000001
43
0.0000000001
44
0.0000000001
40
0
40
0
40
0
40
0
40
1
40
1
40
1
40
1
41
1
41
1
41
1
41
1
10
33.796919457508061
20
-6.3524241343695387
30
0
10
33.955669457508066
20
-6.5111741343695284
30
0
10
34.458377790841396
20
-6.4582574677028664
30
0
10
35.225669457508062
20
-6.2201324677028724
30
0
0
SPLINE
5
391
100
AcDbEntity
8
0
100
AcDbSpline
70
4
71
3
72
8
73
4
74
0
42
0.000000001
43
0.0000000001
44
0.0000000001
40
0
40
0
40
0
40
0
40
1
40
1
40
1
40
1
41
1
41
1
41
1
41
1
10
35.225669457508062
20
-6.2201324677028724
30
0
10
35.88712779084139
20
-6.0349241343695255
30
0
10
36.442752790841396
20
-5.8497158010361971
30
0
10
36.495669457508058
20
-5.8497158010361971
30
0
0
SPLINE
5
392
100
AcDbEntity
8
0
100
AcDbSpline
70
4
71
3
72
8
73
4
74
0
42
0.000000001
43
0.0000000001
44
0.0000000001
40
0
40
0
40
0
40
0
40
1
40
1
40
1
40
1
41
1
41
1
41
1
41
1
10
36.495669457508058
20
-5.8497158010361971
30
0
10
36.522127790841388
20
-5.8232574677028719
30
0
10
36.548586124174719
20
-5.9290908010361987
30
0
10
36.548586124174719
20
-6.0349241343695255
30
0
0
SPLINE
5
393
100
AcDbEntity
8
0
100
AcDbSpline
70
4
71
3
72
8
73
4
74
0
42
0.000000001
43
0.0000000001
44
0.0000000001
40
0
40
0
40
0
40
0
40
1
40
1
40
1
40
1
41
1
41
1
41
1
41
1
10
31.786086124174719
20
-7.4372158010361966
30
0
10
31.786086124174719
20
-7.5959658010362023
30
0
10
31.521502790841389
20
-7.7811741343695324
30
0
10
31.230461124174724
20
-7.8605491343695366
30
0
0
SPLINE
5
394
100
AcDbEntity
8
0
100
AcDbSpline
70
4
71
3
72
8
73
4
74
0
42
0.000000001
43
0.0000000001
44
0.0000000001
40
0
40
0
40
0
40
0
40
1
40
1
40
1
40
1
41
1
41
1
41
1
41
1
10
31.230461124174724
20
-7.8605491343695366
30
0
10
30.912961124174725
20
-7.9399241343695381
30
0
10
30.119211124174726
20
-8.2838824677028615
30
0
10
29.45775279084139
20
-8.6278408010361964
30
0
0
SPLINE
5
395
100
AcDbEntity
8
0
100
AcDbSpline
70
4
71
3
72
8
73
4
74
0
42
0.000000001
43
0.0000000001
44
0.0000000001
40
0
40
0
40
0
40
0
40
1
40
1
40
1
40
1
41
1
41
1
41
1
41
1
10
29.45775279084139
20
-8.6278408010361964
30
0
10
28.346502790841388
20
-9.1834658010362027
30
0
10
27.817336124174723
20
-9.2363824677028656
30
0
10
27.817336124174723
20
-8.786590801036203
30
0
0
SPLINE
5
396
100
AcDbEntity
8
0
100
AcDbSpline
70
4
71
3
72
8
73
4
74
0
42
0.000000001
43
0.0000000001
44
0.0000000001
40
0
40
0
40
0
40
0
40
1
40
1
40
1
40
1
41
1
41
1
41
1
41
1
10
27.817336124174723
20
-8.786590801036203
30
0
10
27.817336124174723
20
-8.5749241343695317
30
0
10
28.822752790841388
20
-8.0457574677028649
30
0
10
30.198586124174724
20
-7.5165908010361999
30
0
0
SPLINE
5
397
100
AcDbEntity
8
0
100
AcDbSpline
70
4
71
3
72
8
73
4
74
0
42
0.000000001
43
0.0000000001
44
0.0000000001
40
0
40
0
40
0
40
0
40
1
40
1
40
1
40
1
41
1
41
1
41
1
41
1
10
30.198586124174724
20
-7.5165908010361999
30
0
10
31.33629445750806
20
-7.0932574677028608
30
0
10
31.786086124174719
20
-7.0667991343695347
30
0
10
31.786086124174719
20
-7.4372158010361966
30
0
0
SPLINE
5
398
100
AcDbEntity
8
0
100
AcDbSpline
70
4
71
3
72
8
73
4
74
0
42
0.000000001
43
0.0000000001
44
0.0000000001
40
0
40
0
40
0
40
0
40
1
40
1
40
1
40
1
41
1
41
1
41
1
41
1
10
42.89858612417472
20
-8.310340801036201
30
0
10
42.475252790841395
20
-8.7336741343695383
30
0
10
42.104836124174724
20
-8.2045074677028733
30
0
10
42.448794457508058
20
-7.6753408010362056
30
0
0
SPLINE
5
399
100
AcDbEntity
8
0
100
AcDbSpline
70
4
71
3
72
8
73
4
74
0
42
0.000000001
43
0.0000000001
44
0.0000000001
40
0
40
0
40
0
40
0
40
1
40
1
40
1
40
1
41
1
41
1
41
1
41
1
10
42.448794457508058
20
-7.6753408010362056
30
0
10
42.73983612417473
20
-7.1990908010362027
30
0
10
42.76629445750806
20
-7.1726324677028614
30
0
10
42.925044457508065
20
-7.6224241343695276
30
0
0
SPLINE
5
400
100
AcDbEntity
8
0
100
AcDbSpline
70
4
71
3
72
8
73
4
74
0
42
0.000000001
43
0.0000000001
44
0.0000000001
40
0
40
0
40
0
40
0
40
1
40
1
40
1
40
1
41
1
41
1
41
1
41
1
10
42.925044457508065
20
-7.6224241343695276
30
0
10
43.030877790841387
20
-7.8605491343695366
30
0
10
43.004419457508057
20
-8.1780491343695338
30
0
10
42.89858612417472
20
-8.310340801036201
30
0
0
SPLINE
5
401
100
AcDbEntity
8
0
100
AcDbSpline
70
4
71
3
72
8
73
4
74
0
42
0.000000001
43
0.0000000001
44
0.0000000001
40
0
40
0
40
0
40
0
40
1
40
1
40
1
40
1
41
1
41
1
41
1
41
1
10
35.437336124174728
20
-7.6753408010362056
30
0
10
35.622544457508056
20
-7.6753408010362056
30
0
10
35.701919457508062
20
-7.7811741343695324
30
0
10
35.622544457508056
20
-7.9399241343695381
30
0
0
SPLINE
5
402
100
AcDbEntity
8
0
100
AcDbSpline
70
4
71
3
72
8
73
4
74
0
42
0.000000001
43
0.0000000001
44
0.0000000001
40
0
40
0
40
0
40
0
40
1
40
1
40
1
40
1
41
1
41
1
41
1
41
1
10
35.622544457508056
20
-7.9399241343695381
30
0
10
35.543169457508057
20
-8.0722158010362044
30
0
10
35.119836124174732
20
-8.1251324677028691
30
0
10
34.696502790841386
20
-8.0192991343695255
30
0
0
SPLINE
5
403
100
AcDbEntity
8
0
100
AcDbSpline
70
4
71
3
72
8
73
4
74
0
42
0.000000001
43
0.0000000001
44
0.0000000001
40
0
40
0
40
0
40
0
40
1
40
1
40
1
40
1
41
1
41
1
41
1
41
1
10
34.696502790841386
20
-8.0192991343695255
30
0
10
34.061502790841388
20
-7.9134658010361996
30
0
10
33.90275279084139
20
-7.9663824677028643
30
0
10
33.90275279084139
20
-8.3367991343695387
30
0
0
SPLINE
5
404
100
AcDbEntity
8
0
100
AcDbSpline
70
4
71
3
72
8
73
4
74
0
42
0.000000001
43
0.0000000001
44
0.0000000001
40
0
40
0
40
0
40
0
40
1
40
1
40
1
40
1
41
1
41
1
41
1
41
1
10
33.90275279084139
20
-8.3367991343695387
30
0
10
33.90275279084139
20
-8.6542991343695359
30
0
10
33.770461124174716
20
-8.7336741343695383
30
0
10
33.45296112417472
20
-8.6278408010361964
30
0
0
SPLINE
5
405
100
AcDbEntity
8
0
100
AcDbSpline
70
4
71
3
72
8
73
4
74
0
42
0.000000001
43
0.0000000001
44
0.0000000001
40
0
40
0
40
0
40
0
40
1
40
1
40
1
40
1
41
1
41
1
41
1
41
1
10
33.45296112417472
20
-8.6278408010361964
30
0
10
33.214836124174724
20
-8.5220074677028705
30
0
10
32.923794457508052
20
-8.6013824677028712
30
0
10
32.791502790841392
20
-8.786590801036203
30
0
0
SPLINE
5
406
100
AcDbEntity
8
0
100
AcDbSpline
70
4
71
3
72
8
73
4
74
0
42
0.000000001
43
0.0000000001
44
0.0000000001
40
0
40
0
40
0
40
0
40
1
40
1
40
1
40
1
41
1
41
1
41
1
41
1
10
32.791502790841392
20
-8.786590801036203
30
0
10
32.632752790841394
20
-9.0511741343695356
30
0
10
32.579836124174726
20
-8.9982574677028726
30
0
10
32.579836124174726
20
-8.6542991343695359
30
0
0
SPLINE
5
407
100
AcDbEntity
8
0
100
AcDbSpline
70
4
71
3
72
8
73
4
74
0
42
0.000000001
43
0.0000000001
44
0.0000000001
40
0
40
0
40
0
40
0
40
1
40
1
40
1
40
1
41
1
41
1
41
1
41
1
10
32.579836124174726
20
-8.6542991343695359
30
0
10
32.579836124174726
20
-8.3897158010362016
30
0
10
32.791502790841392
20
-8.2045074677028733
30
0
10
33.082544457508057
20
-8.2045074677028733
30
0
0
SPLINE
5
408
100
AcDbEntity
8
0
100
AcDbSpline
70
4
71
3
72
8
73
4
74
0
42
0.000000001
43
0.0000000001
44
0.0000000001
40
0
40
0
40
0
40
0
40
1
40
1
40
1
40
1
41
1
41
1
41
1
41
1
10
33.082544457508057
20
-8.2045074677028733
30
0
10
33.347127790841391
20
-8.2045074677028733
30
0
10
33.664627790841394
20
-8.0192991343695255
30
0
10
33.744002790841392
20
-7.7811741343695324
30
0
0
SPLINE
5
409
100
AcDbEntity
8
0
100
AcDbSpline
70
4
71
3
72
8
73
4
74
0
42
0.000000001
43
0.0000000001
44
0.0000000001
40
0
40
0
40
0
40
0
40
1
40
1
40
1
40
1
41
1
41
1
41
1
41
1
10
33.744002790841392
20
-7.7811741343695324
30
0
10
33.849836124174722
20
-7.4901324677028587
30
0
10
34.087961124174726
20
-7.4107574677028705
30
0
10
34.511294457508058
20
-7.5165908010361999
30
0
0
SPLINE
5
410
100
AcDbEntity
8
0
100
AcDbSpline
70
4
71
3
72
8
73
4
74
0
42
0.000000001
43
0.0000000001
44
0.0000000001
40
0
40
0
40
0
40
0
40
1
40
1
40
1
40
1
41
1
41
1
41
1
41
1
10
34.511294457508058
20
-7.5165908010361999
30
0
10
34.828794457508053
20
-7.5959658010362023
30
0
10
35.252127790841392
20
-7.6753408010362056
30
0
10
35.437336124174728
20
-7.6753408010362056
30
0
0
SPLINE
5
411
100
AcDbEntity
8
0
100
AcDbSpline
70
4
71
3
72
8
73
4
74
0
42
0.000000001
43
0.0000000001
44
0.0000000001
40
0
40
0
40
0
40
0
40
1
40
1
40
1
40
1
41
1
41
1
41
1
41
1
10
40.729002790841392
20
-7.8870074677028601
30
0
10
41.046502790841394
20
-7.9134658010361996
30
0
10
41.311086124174722
20
-8.0722158010362044
30
0
10
41.311086124174722
20
-8.2309658010361968
30
0
0
SPLINE
5
412
100
AcDbEntity
8
0
100
AcDbSpline
70
4
71
3
72
8
73
4
74
0
42
0.000000001
43
0.0000000001
44
0.0000000001
40
0
40
0
40
0
40
0
40
1
40
1
40
1
40
1
41
1
41
1
41
1
41
1
10
41.311086124174722
20
-8.2309658010361968
30
0
10
41.311086124174722
20
-8.3897158010362016
30
0
10
40.75546112417473
20
-8.4690908010362058
30
0
10
39.802961124174729
20
-8.3897158010362016
30
0
0
SPLINE
5
413
100
AcDbEntity
8
0
100
AcDbSpline
70
4
71
3
72
8
73
4
74
0
42
0.000000001
43
0.0000000001
44
0.0000000001
40
0
40
0
40
0
40
0
40
1
40
1
40
1
40
1
41
1
41
1
41
1
41
1
10
39.802961124174729
20
-8.3897158010362016
30
0
10
38.189002790841393
20
-8.2574241343695363
30
0
10
35.754836124174723
20
-8.7601324677028636
30
0
10
34.775877790841392
20
-9.3951324677028722
30
0
0
SPLINE
5
414
100
AcDbEntity
8
0
100
AcDbSpline
70
4
71
3
72
8
73
4
74
0
42
0.000000001
43
0.0000000001
44
0.0000000001
40
0
40
0
40
0
40
0
40
1
40
1
40
1
40
1
41
1
41
1
41
1
41
1
10
34.775877790841392
20
-9.3951324677028722
30
0
10
34.035044457508057
20
-9.8978408010361996
30
0
10
33.90275279084139
20
-9.8978408010361996
30
0
10
33.90275279084139
20
-9.4215908010361975
30
0
0
SPLINE
5
415
100
AcDbEntity
8
0
100
AcDbSpline
70
4
71
3
72
8
73
4
74
0
42
0.000000001
43
0.0000000001
44
0.0000000001
40
0
40
0
40
0
40
0
40
1
40
1
40
1
40
1
41
1
41
1
41
1
41
1
10
33.90275279084139
20
-9.4215908010361975
30
0
10
33.90275279084139
20
-9.0511741343695356
30
0
10
36.125252790841387
20
-8.0457574677028649
30
0
10
37.342336124174722
20
-7.8605491343695366
30
0
0
SPLINE
5
416
100
AcDbEntity
8
0
100
AcDbSpline
70
4
71
3
72
8
73
4
74
0
42
0.000000001
43
0.0000000001
44
0.0000000001
40
0
40
0
40
0
40
0
40
1
40
1
40
1
40
1
41
1
41
1
41
1
41
1
10
37.342336124174722
20
-7.8605491343695366
30
0
10
37.977336124174727
20
-7.7811741343695324
30
0
10
39.40608612417472
20
-7.7811741343695324
30
0
10
40.729002790841392
20
-7.8870074677028601
30
0
0
SPLINE
5
417
100
AcDbEntity
8
0
100
AcDbSpline
70
4
71
3
72
8
73
4
74
0
42
0.000000001
43
0.0000000001
44
0.0000000001
40
0
40
0
40
0
40
0
40
1
40
1
40
1
40
1
41
1
41
1
41
1
41
1
10
31.944836124174731
20
-8.5749241343695317
30
0
10
32.02421112417472
20
-8.786590801036203
30
0
10
32.447544457508059
20
-9.0776324677028608
30
0
10
32.870877790841391
20
-9.2363824677028656
30
0
0
SPLINE
5
418
100
AcDbEntity
8
0
100
AcDbSpline
70
4
71
3
72
8
73
4
74
0
42
0.000000001
43
0.0000000001
44
0.0000000001
40
0
40
0
40
0
40
0
40
1
40
1
40
1
40
1
41
1
41
1
41
1
41
1
10
32.870877790841391
20
-9.2363824677028656
30
0
10
33.294211124174723
20
-9.3686741343695328
30
0
10
33.638169457508056
20
-9.6067991343695276
30
0
10
33.638169457508056
20
-9.7126324677028677
30
0
0
SPLINE
5
419
100
AcDbEntity
8
0
100
AcDbSpline
70
4
71
3
72
8
73
4
74
0
42
0.000000001
43
0.0000000001
44
0.0000000001
40
0
40
0
40
0
40
0
40
1
40
1
40
1
40
1
41
1
41
1
41
1
41
1
10
33.638169457508056
20
-9.7126324677028677
30
0
10
33.638169457508056
20
-9.8449241343695366
30
0
10
33.161919457508056
20
-10.427007467702866
30
0
10
32.579836124174726
20
-10.982632467702873
30
0
0
SPLINE
5
420
100
AcDbEntity
8
0
100
AcDbSpline
70
4
71
3
72
8
73
4
74
0
42
0.000000001
43
0.0000000001
44
0.0000000001
40
0
40
0
40
0
40
0
40
1
40
1
40
1
40
1
41
1
41
1
41
1
41
1
10
32.579836124174726
20
-10.982632467702873
30
0
10
31.997752790841389
20
-11.538257467702863
30
0
10
31.521502790841389
20
-12.173257467702873
30
0
10
31.521502790841389
20
-12.358465801036203
30
0
0
SPLINE
5
421
100
AcDbEntity
8
0
100
AcDbSpline
70
4
71
3
72
8
73
4
74
0
42
0.000000001
43
0.0000000001
44
0.0000000001
40
0
40
0
40
0
40
0
40
1
40
1
40
1
40
1
41
1
41
1
41
1
41
1
10
31.521502790841389
20
-12.358465801036203
30
0
10
31.521502790841389
20
-12.543674134369533
30
0
10
31.30983612417473
20
-12.702424134369538
30
0
10
31.018794457508065
20
-12.702424134369538
30
0
0
SPLINE
5
422
100
AcDbEntity
8
0
100
AcDbSpline
70
4
71
3
72
8
73
4
74
0
42
0.000000001
43
0.0000000001
44
0.0000000001
40
0
40
0
40
0
40
0
40
1
40
1
40
1
40
1
41
1
41
1
41
1
41
1
10
31.018794457508065
20
-12.702424134369538
30
0
10
30.436711124174725
20
-12.702424134369538
30
0
10
29.960461124174724
20
-13.205132467702864
30
0
10
29.93400279084139
20
-13.893049134369541
30
0
0
SPLINE
5
423
100
AcDbEntity
8
0
100
AcDbSpline
70
4
71
3
72
8
73
4
74
0
42
0.000000001
43
0.0000000001
44
0.0000000001
40
0
40
0
40
0
40
0
40
1
40
1
40
1
40
1
41
1
41
1
41
1
41
1
10
29.93400279084139
20
-13.893049134369541
30
0
10
29.854627790841395
20
-15.295340801036193
30
0
10
29.881086124174729
20
-17.650132467702871
30
0
10
29.960461124174724
20
-18.099924134369534
30
0
0
SPLINE
5
424
100
AcDbEntity
8
0
100
AcDbSpline
70
4
71
3
72
8
73
4
74
0
42
0.000000001
43
0.0000000001
44
0.0000000001
40
0
40
0
40
0
40
0
40
1
40
1
40
1
40
1
41
1
41
1
41
1
41
1
10
29.960461124174724
20
-18.099924134369534
30
0
10
30.119211124174726
20
-18.867215801036195
30
0
10
29.510669457508058
20
-18.893674134369537
30
0
10
28.796294457508054
20
-18.099924134369534
30
0
0
SPLINE
5
425
100
AcDbEntity
8
0
100
AcDbSpline
70
4
71
3
72
8
73
4
74
0
42
0.000000001
43
0.0000000001
44
0.0000000001
40
0
40
0
40
0
40
0
40
1
40
1
40
1
40
1
41
1
41
1
41
1
41
1
10
28.796294457508054
20
-18.099924134369534
30
0
10
27.499836124174728
20
-16.724090801036201
30
0
10
26.944211124174728
20
-15.189507467702867
30
0
10
27.076502790841388
20
-13.363882467702872
30
0
0
SPLINE
5
426
100
AcDbEntity
8
0
100
AcDbSpline
70
4
71
3
72
8
73
4
74
0
42
0.000000001
43
0.0000000001
44
0.0000000001
40
0
40
0
40
0
40
0
40
1
40
1
40
1
40
1
41
1
41
1
41
1
41
1
10
27.076502790841388
20
-13.363882467702872
30
0
10
27.208794457508063
20
-11.220757467702867
30
0
10
28.108377790841395
20
-9.8184658010361954
30
0
10
30.013377790841389
20
-8.8659658010362072
30
0
0
SPLINE
5
427
100
AcDbEntity
8
0
100
AcDbSpline
70
4
71
3
72
8
73
4
74
0
42
0.000000001
43
0.0000000001
44
0.0000000001
40
0
40
0
40
0
40
0
40
1
40
1
40
1
40
1
41
1
41
1
41
1
41
1
10
30.013377790841389
20
-8.8659658010362072
30
0
10
31.574419457508061
20
-8.0986741343695297
30
0
10
31.759627790841385
20
-8.0722158010362044
30
0
10
31.944836124174731
20
-8.5749241343695317
30
0
0
SPLINE
5
428
100
AcDbEntity
8
0
100
AcDbSpline
70
4
71
3
72
8
73
4
74
0
42
0.000000001
43
0.0000000001
44
0.0000000001
40
0
40
0
40
0
40
0
40
1
40
1
40
1
40
1
41
1
41
1
41
1
41
1
10
38.215461124174723
20
-9.2628408010362051
30
0
10
36.971919457508058
20
-9.8184658010361954
30
0
10
36.654419457508062
20
-10.691590801036199
30
0
10
37.606919457508056
20
-10.929715801036192
30
0
0
SPLINE
5
429
100
AcDbEntity
8
0
100
AcDbSpline
70
4
71
3
72
8
73
4
74
0
42
0.000000001
43
0.0000000001
44
0.0000000001
40
0
40
0
40
0
40
0
40
1
40
1
40
1
40
1
41
1
41
1
41
1
41
1
10
37.606919457508056
20
-10.929715801036192
30
0
10
37.897961124174728
20
-11.009090801036196
30
0
10
38.136086124174724
20
-11.273674134369532
30
0
10
38.136086124174724
20
-11.511799134369539
30
0
0
SPLINE
5
430
100
AcDbEntity
8
0
100
AcDbSpline
70
4
71
3
72
8
73
4
74
0
42
0.000000001
43
0.0000000001
44
0.0000000001
40
0
40
0
40
0
40
0
40
1
40
1
40
1
40
1
41
1
41
1
41
1
41
1
10
38.136086124174724
20
-11.511799134369539
30
0
10
38.136086124174724
20
-11.8822158010362
30
0
10
38.056711124174726
20
-11.908674134369539
30
0
10
37.739211124174723
20
-11.644090801036207
30
0
0
SPLINE
5
431
100
AcDbEntity
8
0
100
AcDbSpline
70
4
71
3
72
8
73
4
74
0
42
0.000000001
43
0.0000000001
44
0.0000000001
40
0
40
0
40
0
40
0
40
1
40
1
40
1
40
1
41
1
41
1
41
1
41
1
10
37.739211124174723
20
-11.644090801036207
30
0
10
37.421711124174728
20
-11.379507467702872
30
0
10
37.342336124174722
20
-11.379507467702872
30
0
10
37.342336124174722
20
-11.67054913436953
30
0
0
SPLINE
5
432
100
AcDbEntity
8
0
100
AcDbSpline
70
4
71
3
72
8
73
4
74
0
42
0.000000001
43
0.0000000001
44
0.0000000001
40
0
40
0
40
0
40
0
40
1
40
1
40
1
40
1
41
1
41
1
41
1
41
1
10
37.342336124174722
20
-11.67054913436953
30
0
10
37.342336124174722
20
-11.935132467702864
30
0
10
37.262961124174723
20
-11.935132467702864
30
0
10
37.024836124174726
20
-11.697007467702869
30
0
0
SPLINE
5
433
100
AcDbEntity
8
0
100
AcDbSpline
70
4
71
3
72
8
73
4
74
0
42
0.000000001
43
0.0000000001
44
0.0000000001
40
0
40
0
40
0
40
0
40
1
40
1
40
1
40
1
41
1
41
1
41
1
41
1
10
37.024836124174726
20
-11.697007467702869
30
0
10
36.601502790841394
20
-11.273674134369532
30
0
10
36.284002790841392
20
-11.30013246770287
30
0
10
36.284002790841392
20
-11.749924134369534
30
0
0
SPLINE
5
434
100
AcDbEntity
8
0
100
AcDbSpline
70
4
71
3
72
8
73
4
74
0
42
0.000000001
43
0.0000000001
44
0.0000000001
40
0
40
0
40
0
40
0
40
1
40
1
40
1
40
1
41
1
41
1
41
1
41
1
10
36.284002790841392
20
-11.749924134369534
30
0
10
36.284002790841392
20
-11.961590801036204
30
0
10
36.151711124174717
20
-12.173257467702873
30
0
10
35.992961124174727
20
-12.226174134369536
30
0
0
SPLINE
5
435
100
AcDbEntity
8
0
100
AcDbSpline
70
4
71
3
72
8
73
4
74
0
42
0.000000001
43
0.0000000001
44
0.0000000001
40
0
40
0
40
0
40
0
40
1
40
1
40
1
40
1
41
1
41
1
41
1
41
1
10
35.992961124174727
20
-12.226174134369536
30
0
10
35.834211124174722
20
-12.279090801036201
30
0
10
35.701919457508062
20
-12.649507467702861
30
0
10
35.701919457508062
20
-13.046382467702863
30
0
0
SPLINE
5
436
100
AcDbEntity
8
0
100
AcDbSpline
70
4
71
3
72
8
73
4
74
0
42
0.000000001
43
0.0000000001
44
0.0000000001
40
0
40
0
40
0
40
0
40
1
40
1
40
1
40
1
41
1
41
1
41
1
41
1
10
35.701919457508062
20
-13.046382467702863
30
0
10
35.701919457508062
20
-13.787215801036199
30
0
10
35.384419457508059
20
-13.998882467702867
30
0
10
35.119836124174732
20
-13.416799134369537
30
0
0
SPLINE
5
437
100
AcDbEntity
8
0
100
AcDbSpline
70
4
71
3
72
8
73
4
74
0
42
0.000000001
43
0.0000000001
44
0.0000000001
40
0
40
0
40
0
40
0
40
1
40
1
40
1
40
1
41
1
41
1
41
1
41
1
10
35.119836124174732
20
-13.416799134369537
30
0
10
34.987544457508058
20
-13.178674134369528
30
0
10
34.93462779084139
20
-13.178674134369528
30
0
10
34.802336124174722
20
-13.416799134369537
30
0
0
SPLINE
5
438
100
AcDbEntity
8
0
100
AcDbSpline
70
4
71
3
72
8
73
4
74
0
42
0.000000001
43
0.0000000001
44
0.0000000001
40
0
40
0
40
0
40
0
40
1
40
1
40
1
40
1
41
1
41
1
41
1
41
1
10
34.802336124174722
20
-13.416799134369537
30
0
10
34.722961124174731
20
-13.602007467702869
30
0
10
34.484836124174727
20
-13.654924134369534
30
0
10
34.273169457508061
20
-13.575549134369528
30
0
0
SPLINE
5
439
100
AcDbEntity
8
0
100
AcDbSpline
70
4
71
3
72
8
73
4
74
0
42
0.000000001
43
0.0000000001
44
0.0000000001
40
0
40
0
40
0
40
0
40
1
40
1
40
1
40
1
41
1
41
1
41
1
41
1
10
34.273169457508061
20
-13.575549134369528
30
0
10
34.061502790841388
20
-13.496174134369539
30
0
10
33.90275279084139
20
-13.602007467702869
30
0
10
33.90275279084139
20
-13.8665908010362
30
0
0
SPLINE
5
440
100
AcDbEntity
8
0
100
AcDbSpline
70
4
71
3
72
8
73
4
74
0
42
0.000000001
43
0.0000000001
44
0.0000000001
40
0
40
0
40
0
40
0
40
1
40
1
40
1
40
1
41
1
41
1
41
1
41
1
10
33.90275279084139
20
-13.8665908010362
30
0
10
33.90275279084139
20
-14.104715801036196
30
0
10
33.796919457508061
20
-14.28992413436954
30
0
10
33.638169457508056
20
-14.28992413436954
30
0
0
SPLINE
5
441
100
AcDbEntity
8
0
100
AcDbSpline
70
4
71
3
72
8
73
4
74
0
42
0.000000001
43
0.0000000001
44
0.0000000001
40
0
40
0
40
0
40
0
40
1
40
1
40
1
40
1
41
1
41
1
41
1
41
1
10
33.638169457508056
20
-14.28992413436954
30
0
10
33.505877790841382
20
-14.28992413436954
30
0
10
33.479419457508051
20
-14.501590801036194
30
0
10
33.558794457508057
20
-14.739715801036205
30
0
0
SPLINE
5
442
100
AcDbEntity
8
0
100
AcDbSpline
70
4
71
3
72
8
73
4
74
0
42
0.000000001
43
0.0000000001
44
0.0000000001
40
0
40
0
40
0
40
0
40
1
40
1
40
1
40
1
41
1
41
1
41
1
41
1
10
33.558794457508057
20
-14.739715801036205
30
0
10
33.717544457508062
20
-15.136590801036203
30
0
10
33.664627790841394
20
-15.163049134369526
30
0
10
33.32066945750806
20
-14.87200746770287
30
0
0
SPLINE
5
443
100
AcDbEntity
8
0
100
AcDbSpline
70
4
71
3
72
8
73
4
74
0
42
0.000000001
43
0.0000000001
44
0.0000000001
40
0
40
0
40
0
40
0
40
1
40
1
40
1
40
1
41
1
41
1
41
1
41
1
10
33.32066945750806
20
-14.87200746770287
30
0
10
33.082544457508057
20
-14.68679913436954
30
0
10
32.81796112417473
20
-14.237007467702863
30
0
10
32.738586124174731
20
-13.893049134369541
30
0
0
SPLINE
5
444
100
AcDbEntity
8
0
100
AcDbSpline
70
4
71
3
72
8
73
4
74
0
42
0.000000001
43
0.0000000001
44
0.0000000001
40
0
40
0
40
0
40
0
40
1
40
1
40
1
40
1
41
1
41
1
41
1
41
1
10
32.738586124174731
20
-13.893049134369541
30
0
10
32.632752790841394
20
-13.522632467702863
30
0
10
32.39462779084139
20
-13.231590801036205
30
0
10
32.182961124174724
20
-13.231590801036205
30
0
0
SPLINE
5
445
100
AcDbEntity
8
0
100
AcDbSpline
70
4
71
3
72
8
73
4
74
0
42
0.000000001
43
0.0000000001
44
0.0000000001
40
0
40
0
40
0
40
0
40
1
40
1
40
1
40
1
41
1
41
1
41
1
41
1
10
32.182961124174724
20
-13.231590801036205
30
0
10
31.653794457508056
20
-13.231590801036205
30
0
10
31.68025279084139
20
-13.072840801036198
30
0
10
32.315252790841384
20
-12.040965801036204
30
0
0
SPLINE
5
446
100
AcDbEntity
8
0
100
AcDbSpline
70
4
71
3
72
8
73
4
74
0
42
0.000000001
43
0.0000000001
44
0.0000000001
40
0
40
0
40
0
40
0
40
1
40
1
40
1
40
1
41
1
41
1
41
1
41
1
10
32.315252790841384
20
-12.040965801036204
30
0
10
33.267752790841392
20
-10.479924134369529
30
0
10
36.548586124174719
20
-8.7601324677028636
30
0
10
38.532961124174719
20
-8.7601324677028636
30
0
0
SPLINE
5
447
100
AcDbEntity
8
0
100
AcDbSpline
70
4
71
3
72
8
73
4
74
0
42
0.000000001
43
0.0000000001
44
0.0000000001
40
0
40
0
40
0
40
0
40
1
40
1
40
1
40
1
41
1
41
1
41
1
41
1
10
38.532961124174719
20
-8.7601324677028636
30
0
10
39.300252790841398
20
-8.7601324677028636
30
0
10
39.27379445750806
20
-8.786590801036203
30
0
10
38.215461124174723
20
-9.2628408010362051
30
0
0
SPLINE
5
448
100
AcDbEntity
8
0
100
AcDbSpline
70
4
71
3
72
8
73
4
74
0
42
0.000000001
43
0.0000000001
44
0.0000000001
40
0
40
0
40
0
40
0
40
1
40
1
40
1
40
1
41
1
41
1
41
1
41
1
10
40.252752790841384
20
-9.6597158010362065
30
0
10
40.570252790841394
20
-10.479924134369529
30
0
10
41.046502790841394
20
-10.532840801036194
30
0
10
41.046502790841394
20
-9.7655491343695324
30
0
0
SPLINE
5
449
100
AcDbEntity
8
0
100
AcDbSpline
70
4
71
3
72
8
73
4
74
0
42
0.000000001
43
0.0000000001
44
0.0000000001
40
0
40
0
40
0
40
0
40
1
40
1
40
1
40
1
41
1
41
1
41
1
41
1
10
41.046502790841394
20
-9.7655491343695324
30
0
10
41.046502790841394
20
-9.2892991343695304
30
0
10
41.099419457508056
20
-9.2363824677028656
30
0
10
41.469836124174726
20
-9.5538824677028629
30
0
0
SPLINE
5
450
100
AcDbEntity
8
0
100
AcDbSpline
70
4
71
3
72
8
73
4
74
0
42
0.000000001
43
0.0000000001
44
0.0000000001
40
0
40
0
40
0
40
0
40
1
40
1
40
1
40
1
41
1
41
1
41
1
41
1
10
41.469836124174726
20
-9.5538824677028629
30
0
10
41.84025279084139
20
-9.8449241343695366
30
0
10
41.81379445750806
20
-9.9507574677028643
30
0
10
41.25816945750806
20
-10.400549134369527
30
0
0
SPLINE
5
451
100
AcDbEntity
8
0
100
AcDbSpline
70
4
71
3
72
8
73
4
74
0
42
0.000000001
43
0.0000000001
44
0.0000000001
40
0
40
0
40
0
40
0
40
1
40
1
40
1
40
1
41
1
41
1
41
1
41
1
10
41.25816945750806
20
-10.400549134369527
30
0
10
40.91421112417472
20
-10.665132467702861
30
0
10
40.78191945750806
20
-10.823882467702866
30
0
10
40.967127790841396
20
-10.744507467702864
30
0
0
SPLINE
5
452
100
AcDbEntity
8
0
100
AcDbSpline
70
4
71
3
72
8
73
4
74
0
42
0.000000001
43
0.0000000001
44
0.0000000001
40
0
40
0
40
0
40
0
40
1
40
1
40
1
40
1
41
1
41
1
41
1
41
1
10
40.967127790841396
20
-10.744507467702864
30
0
10
41.337544457508066
20
-10.532840801036194
30
0
10
41.681502790841385
20
-11.009090801036196
30
0
10
41.337544457508066
20
-11.220757467702867
30
0
0
SPLINE
5
453
100
AcDbEntity
8
0
100
AcDbSpline
70
4
71
3
72
8
73
4
74
0
42
0.000000001
43
0.0000000001
44
0.0000000001
40
0
40
0
40
0
40
0
40
1
40
1
40
1
40
1
41
1
41
1
41
1
41
1
10
41.337544457508066
20
-11.220757467702867
30
0
10
41.205252790841399
20
-11.326590801036193
30
0
10
40.861294457508059
20
-11.0884658010362
30
0
10
40.570252790841394
20
-10.718049134369538
30
0
0
SPLINE
5
454
100
AcDbEntity
8
0
100
AcDbSpline
70
4
71
3
72
8
73
4
74
0
42
0.000000001
43
0.0000000001
44
0.0000000001
40
0
40
0
40
0
40
0
40
1
40
1
40
1
40
1
41
1
41
1
41
1
41
1
10
40.570252790841394
20
-10.718049134369538
30
0
10
40.279211124174729
20
-10.374090801036202
30
0
10
39.98816945750805
20
-10.162424134369532
30
0
10
39.882336124174735
20
-10.241799134369536
30
0
0
SPLINE
5
455
100
AcDbEntity
8
0
100
AcDbSpline
70
4
71
3
72
8
73
4
74
0
42
0.000000001
43
0.0000000001
44
0.0000000001
40
0
40
0
40
0
40
0
40
1
40
1
40
1
40
1
41
1
41
1
41
1
41
1
10
39.882336124174735
20
-10.241799134369536
30
0
10
39.802961124174729
20
-10.321174134369539
30
0
10
39.723586124174723
20
-10.215340801036197
30
0
10
39.723586124174723
20
-9.9507574677028643
30
0
0
SPLINE
5
456
100
AcDbEntity
8
0
100
AcDbSpline
70
4
71
3
72
8
73
4
74
0
42
0.000000001
43
0.0000000001
44
0.0000000001
40
0
40
0
40
0
40
0
40
1
40
1
40
1
40
1
41
1
41
1
41
1
41
1
10
39.723586124174723
20
-9.9507574677028643
30
0
10
39.723586124174723
20
-9.7126324677028677
30
0
10
39.617752790841394
20
-9.5803408010362023
30
0
10
39.459002790841389
20
-9.6597158010362065
30
0
0
SPLINE
5
457
100
AcDbEntity
8
0
100
AcDbSpline
70
4
71
3
72
8
73
4
74
0
42
0.000000001
43
0.0000000001
44
0.0000000001
40
0
40
0
40
0
40
0
40
1
40
1
40
1
40
1
41
1
41
1
41
1
41
1
10
39.459002790841389
20
-9.6597158010362065
30
0
10
39.326711124174729
20
-9.7390908010361947
30
0
10
39.194419457508054
20
-9.7126324677028677
30
0
10
39.194419457508054
20
-9.5538824677028629
30
0
0
SPLINE
5
458
100
AcDbEntity
8
0
100
AcDbSpline
70
4
71
3
72
8
73
4
74
0
42
0.000000001
43
0.0000000001
44
0.0000000001
40
0
40
0
40
0
40
0
40
1
40
1
40
1
40
1
41
1
41
1
41
1
41
1
10
39.194419457508054
20
-9.5538824677028629
30
0
10
39.194419457508054
20
-9.3422158010361933
30
0
10
39.459002790841389
20
-9.1570074677028614
30
0
10
39.935252790841389
20
-9.0247158010361961
30
0
0
SPLINE
5
459
100
AcDbEntity
8
0
100
AcDbSpline
70
4
71
3
72
8
73
4
74
0
42
0.000000001
43
0.0000000001
44
0.0000000001
40
0
40
0
40
0
40
0
40
1
40
1
40
1
40
1
41
1
41
1
41
1
41
1
10
39.935252790841389
20
-9.0247158010361961
30
0
10
39.96171112417472
20
-8.9982574677028726
30
0
10
40.120461124174724
20
-9.2892991343695304
30
0
10
40.252752790841384
20
-9.6597158010362065
30
0
0
SPLINE
5
460
100
AcDbEntity
8
0
100
AcDbSpline
70
4
71
3
72
8
73
4
74
0
42
0.000000001
43
0.0000000001
44
0.0000000001
40
0
40
0
40
0
40
0
40
1
40
1
40
1
40
1
41
1
41
1
41
1
41
1
10
42.89858612417472
20
-9.5274241343695394
30
0
10
42.89858612417472
20
-10.030132467702867
30
0
10
42.607544457508055
20
-10.215340801036197
30
0
10
42.29004445750806
20
-9.8978408010361996
30
0
0
SPLINE
5
461
100
AcDbEntity
8
0
100
AcDbSpline
70
4
71
3
72
8
73
4
74
0
42
0.000000001
43
0.0000000001
44
0.0000000001
40
0
40
0
40
0
40
0
40
1
40
1
40
1
40
1
41
1
41
1
41
1
41
1
10
42.29004445750806
20
-9.8978408010361996
30
0
10
42.078377790841387
20
-9.68617413436953
30
0
10
42.369419457508059
20
-8.9982574677028726
30
0
10
42.660461124174731
20
-8.9982574677028726
30
0
0
SPLINE
5
462
100
AcDbEntity
8
0
100
AcDbSpline
70
4
71
3
72
8
73
4
74
0
42
0.000000001
43
0.0000000001
44
0.0000000001
40
0
40
0
40
0
40
0
40
1
40
1
40
1
40
1
41
1
41
1
41
1
41
1
10
42.660461124174731
20
-8.9982574677028726
30
0
10
42.792752790841398
20
-8.9982574677028726
30
0
10
42.89858612417472
20
-9.2363824677028656
30
0
10
42.89858612417472
20
-9.5274241343695394
30
0
0
SPLINE
5
463
100
AcDbEntity
8
0
100
AcDbSpline
70
4
71
3
72
8
73
4
74
0
42
0.000000001
43
0.0000000001
44
0.0000000001
40
0
40
0
40
0
40
0
40
1
40
1
40
1
40
1
41
1
41
1
41
1
41
1
10
27.870252790841398
20
-9.4215908010361975
30
0
10
27.976086124174728
20
-9.5009658010361981
30
0
10
27.737961124174724
20
-10.003674134369527
30
0
10
27.394002790841387
20
-10.506382467702871
30
0
0
SPLINE
5
464
100
AcDbEntity
8
0
100
AcDbSpline
70
4
71
3
72
8
73
4
74
0
42
0.000000001
43
0.0000000001
44
0.0000000001
40
0
40
0
40
0
40
0
40
1
40
1
40
1
40
1
41
1
41
1
41
1
41
1
10
27.394002790841387
20
-10.506382467702871
30
0
10
27.050044457508058
20
-11.035549134369536
30
0
10
26.759002790841386
20
-11.617632467702867
30
0
10
26.759002790841386
20
-11.802840801036197
30
0
0
SPLINE
5
465
100
AcDbEntity
8
0
100
AcDbSpline
70
4
71
3
72
8
73
4
74
0
42
0.000000001
43
0.0000000001
44
0.0000000001
40
0
40
0
40
0
40
0
40
1
40
1
40
1
40
1
41
1
41
1
41
1
41
1
10
26.759002790841386
20
-11.802840801036197
30
0
10
26.759002790841386
20
-12.226174134369536
30
0
10
26.706086124174728
20
-12.226174134369536
30
0
10
26.124002790841388
20
-12.014507467702867
30
0
0
SPLINE
5
466
100
AcDbEntity
8
0
100
AcDbSpline
70
4
71
3
72
8
73
4
74
0
42
0.000000001
43
0.0000000001
44
0.0000000001
40
0
40
0
40
0
40
0
40
1
40
1
40
1
40
1
41
1
41
1
41
1
41
1
10
26.124002790841388
20
-12.014507467702867
30
0
10
25.647752790841388
20
-11.829299134369535
30
0
10
25.806502790841392
20
-11.30013246770287
30
0
10
26.679627790841394
20
-10.109507467702869
30
0
0
SPLINE
5
467
100
AcDbEntity
8
0
100
AcDbSpline
70
4
71
3
72
8
73
4
74
0
42
0.000000001
43
0.0000000001
44
0.0000000001
40
0
40
0
40
0
40
0
40
1
40
1
40
1
40
1
41
1
41
1
41
1
41
1
10
26.679627790841394
20
-10.109507467702869
30
0
10
27.314627790841392
20
-9.2628408010362051
30
0
10
27.579211124174723
20
-9.1040908010362003
30
0
10
27.870252790841398
20
-9.4215908010361975
30
0
0
SPLINE
5
468
100
AcDbEntity
8
0
100
AcDbSpline
70
4
71
3
72
8
73
4
74
0
42
0.000000001
43
0.0000000001
44
0.0000000001
40
0
40
0
40
0
40
0
40
1
40
1
40
1
40
1
41
1
41
1
41
1
41
1
10
39.194419457508054
20
-10.188882467702873
30
0
10
39.459002790841389
20
-10.532840801036194
30
0
10
39.459002790841389
20
-10.691590801036199
30
0
10
39.088586124174725
20
-11.062007467702861
30
0
0
SPLINE
5
469
100
AcDbEntity
8
0
100
AcDbSpline
70
4
71
3
72
8
73
4
74
0
42
0.000000001
43
0.0000000001
44
0.0000000001
40
0
40
0
40
0
40
0
40
1
40
1
40
1
40
1
41
1
41
1
41
1
41
1
10
39.088586124174725
20
-11.062007467702861
30
0
10
38.532961124174719
20
-11.697007467702869
30
0
10
38.532961124174719
20
-12.596590801036196
30
0
10
39.088586124174725
20
-12.808257467702866
30
0
0
SPLINE
5
470
100
AcDbEntity
8
0
100
AcDbSpline
70
4
71
3
72
8
73
4
74
0
42
0.000000001
43
0.0000000001
44
0.0000000001
40
0
40
0
40
0
40
0
40
1
40
1
40
1
40
1
41
1
41
1
41
1
41
1
10
39.088586124174725
20
-12.808257467702866
30
0
10
39.670669457508055
20
-13.019924134369539
30
0
10
39.96171112417472
20
-12.728882467702864
30
0
10
39.459002790841389
20
-12.437840801036206
30
0
0
SPLINE
5
471
100
AcDbEntity
8
0
100
AcDbSpline
70
4
71
3
72
8
73
4
74
0
42
0.000000001
43
0.0000000001
44
0.0000000001
40
0
40
0
40
0
40
0
40
1
40
1
40
1
40
1
41
1
41
1
41
1
41
1
10
39.459002790841389
20
-12.437840801036206
30
0
10
39.24733612417473
20
-12.30554913436954
30
0
10
39.167961124174724
20
-12.093882467702869
30
0
10
39.300252790841398
20
-11.988049134369527
30
0
0
SPLINE
5
472
100
AcDbEntity
8
0
100
AcDbSpline
70
4
71
3
72
8
73
4
74
0
42
0.000000001
43
0.0000000001
44
0.0000000001
40
0
40
0
40
0
40
0
40
1
40
1
40
1
40
1
41
1
41
1
41
1
41
1
10
39.300252790841398
20
-11.988049134369527
30
0
10
39.432544457508058
20
-11.8822158010362
30
0
10
39.591294457508056
20
-11.935132467702864
30
0
10
39.644211124174724
20
-12.093882467702869
30
0
0
SPLINE
5
473
100
AcDbEntity
8
0
100
AcDbSpline
70
4
71
3
72
8
73
4
74
0
42
0.000000001
43
0.0000000001
44
0.0000000001
40
0
40
0
40
0
40
0
40
1
40
1
40
1
40
1
41
1
41
1
41
1
41
1
10
39.644211124174724
20
-12.093882467702869
30
0
10
39.723586124174723
20
-12.279090801036201
30
0
10
39.935252790841389
20
-12.437840801036206
30
0
10
40.146919457508062
20
-12.437840801036206
30
0
0
SPLINE
5
474
100
AcDbEntity
8
0
100
AcDbSpline
70
4
71
3
72
8
73
4
74
0
42
0.000000001
43
0.0000000001
44
0.0000000001
40
0
40
0
40
0
40
0
40
1
40
1
40
1
40
1
41
1
41
1
41
1
41
1
10
40.146919457508062
20
-12.437840801036206
30
0
10
40.702544457508061
20
-12.437840801036206
30
0
10
40.596711124174725
20
-12.914090801036195
30
0
10
40.014627790841395
20
-13.09929913436954
30
0
0
SPLINE
5
475
100
AcDbEntity
8
0
100
AcDbSpline
70
4
71
3
72
8
73
4
74
0
42
0.000000001
43
0.0000000001
44
0.0000000001
40
0
40
0
40
0
40
0
40
1
40
1
40
1
40
1
41
1
41
1
41
1
41
1
10
40.014627790841395
20
-13.09929913436954
30
0
10
39.40608612417472
20
-13.28450746770287
30
0
10
38.850461124174728
20
-13.178674134369528
30
0
10
38.612336124174725
20
-12.834715801036205
30
0
0
SPLINE
5
476
100
AcDbEntity
8
0
100
AcDbSpline
70
4
71
3
72
8
73
4
74
0
42
0.000000001
43
0.0000000001
44
0.0000000001
40
0
40
0
40
0
40
0
40
1
40
1
40
1
40
1
41
1
41
1
41
1
41
1
10
38.612336124174725
20
-12.834715801036205
30
0
10
38.32129445750806
20
-12.437840801036206
30
0
10
38.347752790841398
20
-11.167840801036203
30
0
10
38.665252790841393
20
-10.982632467702873
30
0
0
SPLINE
5
477
100
AcDbEntity
8
0
100
AcDbSpline
70
4
71
3
72
8
73
4
74
0
42
0.000000001
43
0.0000000001
44
0.0000000001
40
0
40
0
40
0
40
0
40
1
40
1
40
1
40
1
41
1
41
1
41
1
41
1
10
38.665252790841393
20
-10.982632467702873
30
0
10
39.062127790841387
20
-10.744507467702864
30
0
10
38.691711124174731
20
-10.26825746770286
30
0
10
38.241919457508054
20
-10.427007467702866
30
0
0
SPLINE
5
478
100
AcDbEntity
8
0
100
AcDbSpline
70
4
71
3
72
8
73
4
74
0
42
0.000000001
43
0.0000000001
44
0.0000000001
40
0
40
0
40
0
40
0
40
1
40
1
40
1
40
1
41
1
41
1
41
1
41
1
10
38.241919457508054
20
-10.427007467702866
30
0
10
38.030252790841395
20
-10.506382467702871
30
0
10
37.871502790841383
20
-10.400549134369527
30
0
10
37.871502790841383
20
-10.188882467702873
30
0
0
SPLINE
5
479
100
AcDbEntity
8
0
100
AcDbSpline
70
4
71
3
72
8
73
4
74
0
42
0.000000001
43
0.0000000001
44
0.0000000001
40
0
40
0
40
0
40
0
40
1
40
1
40
1
40
1
41
1
41
1
41
1
41
1
10
37.871502790841383
20
-10.188882467702873
30
0
10
37.871502790841383
20
-9.6597158010362065
30
0
10
38.771086124174722
20
-9.68617413436953
30
0
10
39.194419457508054
20
-10.188882467702873
30
0
0
SPLINE
5
480
100
AcDbEntity
8
0
100
AcDbSpline
70
4
71
3
72
8
73
4
74
0
42
0.000000001
43
0.0000000001
44
0.0000000001
40
0
40
0
40
0
40
0
40
1
40
1
40
1
40
1
41
1
41
1
41
1
41
1
10
45.041711124174732
20
-10.400549134369527
30
0
10
44.882961124174727
20
-10.612215801036198
30
0
10
44.830044457508066
20
-10.850340801036207
30
0
10
44.935877790841388
20
-10.929715801036192
30
0
0
SPLINE
5
481
100
AcDbEntity
8
0
100
AcDbSpline
70
4
71
3
72
8
73
4
74
0
42
0.000000001
43
0.0000000001
44
0.0000000001
40
0
40
0
40
0
40
0
40
1
40
1
40
1
40
1
41
1
41
1
41
1
41
1
10
44.935877790841388
20
-10.929715801036192
30
0
10
45.015252790841387
20
-11.035549134369536
30
0
10
44.909419457508058
20
-11.11492413436954
30
0
10
44.671294457508061
20
-11.11492413436954
30
0
0
SPLINE
5
482
100
AcDbEntity
8
0
100
AcDbSpline
70
4
71
3
72
8
73
4
74
0
42
0.000000001
43
0.0000000001
44
0.0000000001
40
0
40
0
40
0
40
0
40
1
40
1
40
1
40
1
41
1
41
1
41
1
41
1
10
44.671294457508061
20
-11.11492413436954
30
0
10
44.274419457508067
20
-11.11492413436954
30
0
10
44.274419457508067
20
-11.035549134369536
30
0
10
44.539002790841394
20
-10.585757467702873
30
0
0
SPLINE
5
483
100
AcDbEntity
8
0
100
AcDbSpline
70
4
71
3
72
8
73
4
74
0
42
0.000000001
43
0.0000000001
44
0.0000000001
40
0
40
0
40
0
40
0
40
1
40
1
40
1
40
1
41
1
41
1
41
1
41
1
10
44.539002790841394
20
-10.585757467702873
30
0
10
44.724211124174722
20
-10.294715801036201
30
0
10
44.988794457508057
20
-10.056590801036204
30
0
10
45.121086124174724
20
-10.056590801036204
30
0
0
SPLINE
5
484
100
AcDbEntity
8
0
100
AcDbSpline
70
4
71
3
72
8
73
4
74
0
42
0.000000001
43
0.0000000001
44
0.0000000001
40
0
40
0
40
0
40
0
40
1
40
1
40
1
40
1
41
1
41
1
41
1
41
1
10
45.121086124174724
20
-10.056590801036204
30
0
10
45.22691945750806
20
-10.056590801036204
30
0
10
45.200461124174723
20
-10.215340801036197
30
0
10
45.041711124174732
20
-10.400549134369527
30
0
0
SPLINE
5
485
100
AcDbEntity
8
0
100
AcDbSpline
70
4
71
3
72
8
73
4
74
0
42
0.000000001
43
0.0000000001
44
0.0000000001
40
0
40
0
40
0
40
0
40
1
40
1
40
1
40
1
41
1
41
1
41
1
41
1
10
42.634002790841386
20
-10.585757467702873
30
0
10
42.634002790841386
20
-10.718049134369538
30
0
10
42.448794457508058
20
-10.850340801036207
30
0
10
42.237127790841392
20
-10.850340801036207
30
0
0
SPLINE
5
486
100
AcDbEntity
8
0
100
AcDbSpline
70
4
71
3
72
8
73
4
74
0
42
0.000000001
43
0.0000000001
44
0.0000000001
40
0
40
0
40
0
40
0
40
1
40
1
40
1
40
1
41
1
41
1
41
1
41
1
10
42.237127790841392
20
-10.850340801036207
30
0
10
42.025461124174726
20
-10.850340801036207
30
0
10
41.84025279084139
20
-10.718049134369538
30
0
10
41.84025279084139
20
-10.585757467702873
30
0
0
SPLINE
5
487
100
AcDbEntity
8
0
100
AcDbSpline
70
4
71
3
72
8
73
4
74
0
42
0.000000001
43
0.0000000001
44
0.0000000001
40
0
40
0
40
0
40
0
40
1
40
1
40
1
40
1
41
1
41
1
41
1
41
1
10
41.84025279084139
20
-10.585757467702873
30
0
10
41.84025279084139
20
-10.427007467702866
30
0
10
42.025461124174726
20
-10.321174134369539
30
0
10
42.237127790841392
20
-10.321174134369539
30
0
0
SPLINE
5
488
100
AcDbEntity
8
0
100
AcDbSpline
70
4
71
3
72
8
73
4
74
0
42
0.000000001
43
0.0000000001
44
0.0000000001
40
0
40
0
40
0
40
0
40
1
40
1
40
1
40
1
41
1
41
1
41
1
41
1
10
42.237127790841392
20
-10.321174134369539
30
0
10
42.448794457508058
20
-10.321174134369539
30
0
10
42.634002790841386
20
-10.427007467702866
30
0
10
42.634002790841386
20
-10.585757467702873
30
0
0
SPLINE
5
489
100
AcDbEntity
8
0
100
AcDbSpline
70
4
71
3
72
8
73
4
74
0
42
0.000000001
43
0.0000000001
44
0.0000000001
40
0
40
0
40
0
40
0
40
1
40
1
40
1
40
1
41
1
41
1
41
1
41
1
10
43.82462779084139
20
-10.585757467702873
30
0
10
43.904002790841396
20
-10.718049134369538
30
0
10
43.798169457508052
20
-10.850340801036207
30
0
10
43.586502790841394
20
-10.850340801036207
30
0
0
SPLINE
5
490
100
AcDbEntity
8
0
100
AcDbSpline
70
4
71
3
72
8
73
4
74
0
42
0.000000001
43
0.0000000001
44
0.0000000001
40
0
40
0
40
0
40
0
40
1
40
1
40
1
40
1
41
1
41
1
41
1
41
1
10
43.586502790841394
20
-10.850340801036207
30
0
10
43.348377790841397
20
-10.850340801036207
30
0
10
43.163169457508054
20
-10.718049134369538
30
0
10
43.163169457508054
20
-10.585757467702873
30
0
0
SPLINE
5
491
100
AcDbEntity
8
0
100
AcDbSpline
70
4
71
3
72
8
73
4
74
0
42
0.000000001
43
0.0000000001
44
0.0000000001
40
0
40
0
40
0
40
0
40
1
40
1
40
1
40
1
41
1
41
1
41
1
41
1
10
43.163169457508054
20
-10.585757467702873
30
0
10
43.163169457508054
20
-10.427007467702866
30
0
10
43.269002790841391
20
-10.321174134369539
30
0
10
43.401294457508058
20
-10.321174134369539
30
0
0
SPLINE
5
492
100
AcDbEntity
8
0
100
AcDbSpline
70
4
71
3
72
8
73
4
74
0
42
0.000000001
43
0.0000000001
44
0.0000000001
40
0
40
0
40
0
40
0
40
1
40
1
40
1
40
1
41
1
41
1
41
1
41
1
10
43.401294457508058
20
-10.321174134369539
30
0
10
43.560044457508056
20
-10.321174134369539
30
0
10
43.745252790841391
20
-10.427007467702866
30
0
10
43.82462779084139
20
-10.585757467702873
30
0
0
SPLINE
5
493
100
AcDbEntity
8
0
100
AcDbSpline
70
4
71
3
72
8
73
4
74
0
42
0.000000001
43
0.0000000001
44
0.0000000001
40
0
40
0
40
0
40
0
40
1
40
1
40
1
40
1
41
1
41
1
41
1
41
1
10
45.80900279084139
20
-11.11492413436954
30
0
10
45.80900279084139
20
-11.247215801036205
30
0
10
45.676711124174723
20
-11.379507467702872
30
0
10
45.517961124174718
20
-11.379507467702872
30
0
0
SPLINE
5
494
100
AcDbEntity
8
0
100
AcDbSpline
70
4
71
3
72
8
73
4
74
0
42
0.000000001
43
0.0000000001
44
0.0000000001
40
0
40
0
40
0
40
0
40
1
40
1
40
1
40
1
41
1
41
1
41
1
41
1
10
45.517961124174718
20
-11.379507467702872
30
0
10
45.385669457508058
20
-11.379507467702872
30
0
10
45.332752790841397
20
-11.247215801036205
30
0
10
45.412127790841396
20
-11.11492413436954
30
0
0
SPLINE
5
495
100
AcDbEntity
8
0
100
AcDbSpline
70
4
71
3
72
8
73
4
74
0
42
0.000000001
43
0.0000000001
44
0.0000000001
40
0
40
0
40
0
40
0
40
1
40
1
40
1
40
1
41
1
41
1
41
1
41
1
10
45.412127790841396
20
-11.11492413436954
30
0
10
45.491502790841388
20
-10.956174134369533
30
0
10
45.623794457508062
20
-10.850340801036207
30
0
10
45.703169457508068
20
-10.850340801036207
30
0
0
SPLINE
5
496
100
AcDbEntity
8
0
100
AcDbSpline
70
4
71
3
72
8
73
4
74
0
42
0.000000001
43
0.0000000001
44
0.0000000001
40
0
40
0
40
0
40
0
40
1
40
1
40
1
40
1
41
1
41
1
41
1
41
1
10
45.703169457508068
20
-10.850340801036207
30
0
10
45.756086124174729
20
-10.850340801036207
30
0
10
45.80900279084139
20
-10.956174134369533
30
0
10
45.80900279084139
20
-11.11492413436954
30
0
0
SPLINE
5
497
100
AcDbEntity
8
0
100
AcDbSpline
70
4
71
3
72
8
73
4
74
0
42
0.000000001
43
0.0000000001
44
0.0000000001
40
0
40
0
40
0
40
0
40
1
40
1
40
1
40
1
41
1
41
1
41
1
41
1
10
40.75546112417473
20
-11.538257467702863
30
0
10
40.834836124174728
20
-11.617632467702867
30
0
10
40.729002790841392
20
-11.802840801036197
30
0
10
40.570252790841394
20
-11.961590801036204
30
0
0
SPLINE
5
498
100
AcDbEntity
8
0
100
AcDbSpline
70
4
71
3
72
8
73
4
74
0
42
0.000000001
43
0.0000000001
44
0.0000000001
40
0
40
0
40
0
40
0
40
1
40
1
40
1
40
1
41
1
41
1
41
1
41
1
10
40.570252790841394
20
-11.961590801036204
30
0
10
40.33212779084139
20
-12.199715801036197
30
0
10
40.252752790841384
20
-12.199715801036197
30
0
10
40.252752790841384
20
-11.961590801036204
30
0
0
SPLINE
5
499
100
AcDbEntity
8
0
100
AcDbSpline
70
4
71
3
72
8
73
4
74
0
42
0.000000001
43
0.0000000001
44
0.0000000001
40
0
40
0
40
0
40
0
40
1
40
1
40
1
40
1
41
1
41
1
41
1
41
1
10
40.252752790841384
20
-11.961590801036204
30
0
10
40.252752790841384
20
-11.776382467702874
30
0
10
40.067544457508063
20
-11.644090801036207
30
0
10
39.85587779084139
20
-11.644090801036207
30
0
0
SPLINE
5
500
100
AcDbEntity
8
0
100
AcDbSpline
70
4
71
3
72
8
73
4
74
0
42
0.000000001
43
0.0000000001
44
0.0000000001
40
0
40
0
40
0
40
0
40
1
40
1
40
1
40
1
41
1
41
1
41
1
41
1
10
39.85587779084139
20
-11.644090801036207
30
0
10
39.644211124174724
20
-11.644090801036207
30
0
10
39.459002790841389
20
-11.511799134369539
30
0
10
39.459002790841389
20
-11.353049134369533
30
0
0
SPLINE
5
501
100
AcDbEntity
8
0
100
AcDbSpline
70
4
71
3
72
8
73
4
74
0
42
0.000000001
43
0.0000000001
44
0.0000000001
40
0
40
0
40
0
40
0
40
1
40
1
40
1
40
1
41
1
41
1
41
1
41
1
10
39.459002790841389
20
-11.353049134369533
30
0
10
39.459002790841389
20
-11.11492413436954
30
0
10
40.437961124174734
20
-11.247215801036205
30
0
10
40.75546112417473
20
-11.538257467702863
30
0
0
SPLINE
5
502
100
AcDbEntity
8
0
100
AcDbSpline
70
4
71
3
72
8
73
4
74
0
42
0.000000001
43
0.0000000001
44
0.0000000001
40
0
40
0
40
0
40
0
40
1
40
1
40
1
40
1
41
1
41
1
41
1
41
1
10
43.82462779084139
20
-11.273674134369532
30
0
10
44.671294457508061
20
-11.617632467702867
30
0
10
44.962336124174726
20
-14.025340801036208
30
0
10
44.168586124174723
20
-14.025340801036208
30
0
0
SPLINE
5
503
100
AcDbEntity
8
0
100
AcDbSpline
70
4
71
3
72
8
73
4
74
0
42
0.000000001
43
0.0000000001
44
0.0000000001
40
0
40
0
40
0
40
0
40
1
40
1
40
1
40
1
41
1
41
1
41
1
41
1
10
44.168586124174723
20
-14.025340801036208
30
0
10
44.009836124174726
20
-14.025340801036208
30
0
10
43.983377790841402
20
-13.840132467702858
30
0
10
44.062752790841387
20
-13.602007467702869
30
0
0
SPLINE
5
504
100
AcDbEntity
8
0
100
AcDbSpline
70
4
71
3
72
8
73
4
74
0
42
0.000000001
43
0.0000000001
44
0.0000000001
40
0
40
0
40
0
40
0
40
1
40
1
40
1
40
1
41
1
41
1
41
1
41
1
10
44.062752790841387
20
-13.602007467702869
30
0
10
44.486086124174726
20
-12.464299134369529
30
0
10
43.348377790841397
20
-11.379507467702872
30
0
10
42.31650279084139
20
-11.935132467702864
30
0
0
SPLINE
5
505
100
AcDbEntity
8
0
100
AcDbSpline
70
4
71
3
72
8
73
4
74
0
42
0.000000001
43
0.0000000001
44
0.0000000001
40
0
40
0
40
0
40
0
40
1
40
1
40
1
40
1
41
1
41
1
41
1
41
1
10
42.31650279084139
20
-11.935132467702864
30
0
10
41.496294457508057
20
-12.358465801036203
30
0
10
41.284627790841391
20
-12.728882467702864
30
0
10
41.443377790841389
20
-13.416799134369537
30
0
0
SPLINE
5
506
100
AcDbEntity
8
0
100
AcDbSpline
70
4
71
3
72
8
73
4
74
0
42
0.000000001
43
0.0000000001
44
0.0000000001
40
0
40
0
40
0
40
0
40
1
40
1
40
1
40
1
41
1
41
1
41
1
41
1
10
41.443377790841389
20
-13.416799134369537
30
0
10
41.628586124174731
20
-14.184090801036199
30
0
10
41.152336124174724
20
-14.210549134369534
30
0
10
40.967127790841396
20
-13.44325746770286
30
0
0
SPLINE
5
507
100
AcDbEntity
8
0
100
AcDbSpline
70
4
71
3
72
8
73
4
74
0
42
0.000000001
43
0.0000000001
44
0.0000000001
40
0
40
0
40
0
40
0
40
1
40
1
40
1
40
1
41
1
41
1
41
1
41
1
10
40.967127790841396
20
-13.44325746770286
30
0
10
40.596711124174725
20
-12.040965801036204
30
0
10
42.342961124174721
20
-10.718049134369538
30
0
10
43.82462779084139
20
-11.273674134369532
30
0
0
SPLINE
5
508
100
AcDbEntity
8
0
100
AcDbSpline
70
4
71
3
72
8
73
4
74
0
42
0.000000001
43
0.0000000001
44
0.0000000001
40
0
40
0
40
0
40
0
40
1
40
1
40
1
40
1
41
1
41
1
41
1
41
1
10
45.544419457508056
20
-11.908674134369539
30
0
10
45.544419457508056
20
-12.040965801036204
30
0
10
45.438586124174734
20
-12.173257467702873
30
0
10
45.279836124174722
20
-12.173257467702873
30
0
0
SPLINE
5
509
100
AcDbEntity
8
0
100
AcDbSpline
70
4
71
3
72
8
73
4
74
0
42
0.000000001
43
0.0000000001
44
0.0000000001
40
0
40
0
40
0
40
0
40
1
40
1
40
1
40
1
41
1
41
1
41
1
41
1
10
45.279836124174722
20
-12.173257467702873
30
0
10
45.147544457508062
20
-12.173257467702873
30
0
10
45.015252790841387
20
-12.040965801036204
30
0
10
45.015252790841387
20
-11.908674134369539
30
0
0
SPLINE
5
510
100
AcDbEntity
8
0
100
AcDbSpline
70
4
71
3
72
8
73
4
74
0
42
0.000000001
43
0.0000000001
44
0.0000000001
40
0
40
0
40
0
40
0
40
1
40
1
40
1
40
1
41
1
41
1
41
1
41
1
10
45.015252790841387
20
-11.908674134369539
30
0
10
45.015252790841387
20
-11.749924134369534
30
0
10
45.147544457508062
20
-11.644090801036207
30
0
10
45.279836124174722
20
-11.644090801036207
30
0
0
SPLINE
5
511
100
AcDbEntity
8
0
100
AcDbSpline
70
4
71
3
72
8
73
4
74
0
42
0.000000001
43
0.0000000001
44
0.0000000001
40
0
40
0
40
0
40
0
40
1
40
1
40
1
40
1
41
1
41
1
41
1
41
1
10
45.279836124174722
20
-11.644090801036207
30
0
10
45.438586124174734
20
-11.644090801036207
30
0
10
45.544419457508056
20
-11.749924134369534
30
0
10
45.544419457508056
20
-11.908674134369539
30
0
0
SPLINE
5
512
100
AcDbEntity
8
0
100
AcDbSpline
70
4
71
3
72
8
73
4
74
0
42
0.000000001
43
0.0000000001
44
0.0000000001
40
0
40
0
40
0
40
0
40
1
40
1
40
1
40
1
41
1
41
1
41
1
41
1
10
26.071086124174727
20
-12.332007467702864
30
0
10
26.573794457508058
20
-12.517215801036194
30
0
10
26.679627790841394
20
-14.68679913436954
30
0
10
26.203377790841387
20
-14.977840801036194
30
0
0
SPLINE
5
513
100
AcDbEntity
8
0
100
AcDbSpline
70
4
71
3
72
8
73
4
74
0
42
0.000000001
43
0.0000000001
44
0.0000000001
40
0
40
0
40
0
40
0
40
1
40
1
40
1
40
1
41
1
41
1
41
1
41
1
10
26.203377790841387
20
-14.977840801036194
30
0
10
25.753586124174728
20
-15.242424134369532
30
0
10
25.436086124174722
20
-14.554507467702873
30
0
10
25.436086124174722
20
-13.28450746770287
30
0
0
SPLINE
5
514
100
AcDbEntity
8
0
100
AcDbSpline
70
4
71
3
72
8
73
4
74
0
42
0.000000001
43
0.0000000001
44
0.0000000001
40
0
40
0
40
0
40
0
40
1
40
1
40
1
40
1
41
1
41
1
41
1
41
1
10
25.436086124174722
20
-13.28450746770287
30
0
10
25.436086124174722
20
-12.093882467702869
30
0
10
25.436086124174722
20
-12.093882467702869
30
0
10
26.071086124174727
20
-12.332007467702864
30
0
0
SPLINE
5
515
100
AcDbEntity
8
0
100
AcDbSpline
70
4
71
3
72
8
73
4
74
0
42
0.000000001
43
0.0000000001
44
0.0000000001
40
0
40
0
40
0
40
0
40
1
40
1
40
1
40
1
41
1
41
1
41
1
41
1
10
45.914836124174727
20
-12.834715801036205
30
0
10
45.332752790841397
20
-13.28450746770287
30
0
10
45.015252790841387
20
-13.337424134369535
30
0
10
45.015252790841387
20
-12.993465801036198
30
0
0
SPLINE
5
516
100
AcDbEntity
8
0
100
AcDbSpline
70
4
71
3
72
8
73
4
74
0
42
0.000000001
43
0.0000000001
44
0.0000000001
40
0
40
0
40
0
40
0
40
1
40
1
40
1
40
1
41
1
41
1
41
1
41
1
10
45.015252790841387
20
-12.993465801036198
30
0
10
45.015252790841387
20
-12.861174134369531
30
0
10
45.22691945750806
20
-12.675965801036199
30
0
10
45.491502790841388
20
-12.623049134369538
30
0
0
SPLINE
5
517
100
AcDbEntity
8
0
100
AcDbSpline
70
4
71
3
72
8
73
4
74
0
42
0.000000001
43
0.0000000001
44
0.0000000001
40
0
40
0
40
0
40
0
40
1
40
1
40
1
40
1
41
1
41
1
41
1
41
1
10
45.491502790841388
20
-12.623049134369538
30
0
10
46.338169457508059
20
-12.384924134369529
30
0
10
46.444002790841388
20
-12.437840801036206
30
0
10
45.914836124174727
20
-12.834715801036205
30
0
0
SPLINE
5
518
100
AcDbEntity
8
0
100
AcDbSpline
70
4
71
3
72
8
73
4
74
0
42
0.000000001
43
0.0000000001
44
0.0000000001
40
0
40
0
40
0
40
0
40
1
40
1
40
1
40
1
41
1
41
1
41
1
41
1
10
37.818586124174729
20
-13.178674134369528
30
0
10
38.347752790841398
20
-13.602007467702869
30
0
10
38.374211124174728
20
-13.707840801036193
30
0
10
38.056711124174726
20
-13.972424134369525
30
0
0
SPLINE
5
519
100
AcDbEntity
8
0
100
AcDbSpline
70
4
71
3
72
8
73
4
74
0
42
0.000000001
43
0.0000000001
44
0.0000000001
40
0
40
0
40
0
40
0
40
1
40
1
40
1
40
1
41
1
41
1
41
1
41
1
10
38.056711124174726
20
-13.972424134369525
30
0
10
37.501086124174734
20
-14.448674134369529
30
0
10
36.813169457508053
20
-14.078257467702869
30
0
10
36.813169457508053
20
-13.337424134369535
30
0
0
SPLINE
5
520
100
AcDbEntity
8
0
100
AcDbSpline
70
4
71
3
72
8
73
4
74
0
42
0.000000001
43
0.0000000001
44
0.0000000001
40
0
40
0
40
0
40
0
40
1
40
1
40
1
40
1
41
1
41
1
41
1
41
1
10
36.813169457508053
20
-13.337424134369535
30
0
10
36.813169457508053
20
-12.570132467702873
30
0
10
36.998377790841388
20
-12.543674134369533
30
0
10
37.818586124174729
20
-13.178674134369528
30
0
0
SPLINE
5
521
100
AcDbEntity
8
0
100
AcDbSpline
70
4
71
3
72
8
73
4
74
0
42
0.000000001
43
0.0000000001
44
0.0000000001
40
0
40
0
40
0
40
0
40
1
40
1
40
1
40
1
41
1
41
1
41
1
41
1
10
43.665877790841392
20
-13.072840801036198
30
0
10
43.877544457508066
20
-13.337424134369535
30
0
10
43.904002790841396
20
-13.496174134369539
30
0
10
43.69233612417473
20
-13.628465801036205
30
0
0
SPLINE
5
522
100
AcDbEntity
8
0
100
AcDbSpline
70
4
71
3
72
8
73
4
74
0
42
0.000000001
43
0.0000000001
44
0.0000000001
40
0
40
0
40
0
40
0
40
1
40
1
40
1
40
1
41
1
41
1
41
1
41
1
10
43.69233612417473
20
-13.628465801036205
30
0
10
43.507127790841395
20
-13.734299134369534
30
0
10
43.507127790841395
20
-13.945965801036202
30
0
10
43.69233612417473
20
-14.316382467702864
30
0
0
SPLINE
5
523
100
AcDbEntity
8
0
100
AcDbSpline
70
4
71
3
72
8
73
4
74
0
42
0.000000001
43
0.0000000001
44
0.0000000001
40
0
40
0
40
0
40
0
40
1
40
1
40
1
40
1
41
1
41
1
41
1
41
1
10
43.69233612417473
20
-14.316382467702864
30
0
10
44.036294457508056
20
-14.951382467702871
30
0
10
43.745252790841391
20
-14.977840801036194
30
0
10
43.269002790841391
20
-14.342840801036205
30
0
0
SPLINE
5
524
100
AcDbEntity
8
0
100
AcDbSpline
70
4
71
3
72
8
73
4
74
0
42
0.000000001
43
0.0000000001
44
0.0000000001
40
0
40
0
40
0
40
0
40
1
40
1
40
1
40
1
41
1
41
1
41
1
41
1
10
43.269002790841391
20
-14.342840801036205
30
0
10
42.925044457508065
20
-13.919507467702864
30
0
10
42.87212779084139
20
-13.919507467702864
30
0
10
42.395877790841396
20
-14.501590801036194
30
0
0
SPLINE
5
525
100
AcDbEntity
8
0
100
AcDbSpline
70
4
71
3
72
8
73
4
74
0
42
0.000000001
43
0.0000000001
44
0.0000000001
40
0
40
0
40
0
40
0
40
1
40
1
40
1
40
1
41
1
41
1
41
1
41
1
10
42.395877790841396
20
-14.501590801036194
30
0
10
42.104836124174724
20
-14.819090801036205
30
0
10
41.81379445750806
20
-14.977840801036194
30
0
10
41.734419457508061
20
-14.87200746770287
30
0
0
SPLINE
5
526
100
AcDbEntity
8
0
100
AcDbSpline
70
4
71
3
72
8
73
4
74
0
42
0.000000001
43
0.0000000001
44
0.0000000001
40
0
40
0
40
0
40
0
40
1
40
1
40
1
40
1
41
1
41
1
41
1
41
1
10
41.734419457508061
20
-14.87200746770287
30
0
10
41.522752790841395
20
-14.528049134369532
30
0
10
42.792752790841398
20
-13.416799134369537
30
0
10
43.136711124174724
20
-13.628465801036205
30
0
0
SPLINE
5
527
100
AcDbEntity
8
0
100
AcDbSpline
70
4
71
3
72
8
73
4
74
0
42
0.000000001
43
0.0000000001
44
0.0000000001
40
0
40
0
40
0
40
0
40
1
40
1
40
1
40
1
41
1
41
1
41
1
41
1
10
43.136711124174724
20
-13.628465801036205
30
0
10
43.295461124174722
20
-13.707840801036193
30
0
10
43.427752790841396
20
-13.654924134369534
30
0
10
43.427752790841396
20
-13.496174134369539
30
0
0
SPLINE
5
528
100
AcDbEntity
8
0
100
AcDbSpline
70
4
71
3
72
8
73
4
74
0
42
0.000000001
43
0.0000000001
44
0.0000000001
40
0
40
0
40
0
40
0
40
1
40
1
40
1
40
1
41
1
41
1
41
1
41
1
10
43.427752790841396
20
-13.496174134369539
30
0
10
43.427752790841396
20
-12.967007467702874
30
0
10
42.581086124174725
20
-12.861174134369531
30
0
10
42.210669457508061
20
-13.363882467702872
30
0
0
SPLINE
5
529
100
AcDbEntity
8
0
100
AcDbSpline
70
4
71
3
72
8
73
4
74
0
42
0.000000001
43
0.0000000001
44
0.0000000001
40
0
40
0
40
0
40
0
40
1
40
1
40
1
40
1
41
1
41
1
41
1
41
1
10
42.210669457508061
20
-13.363882467702872
30
0
10
41.919627790841396
20
-13.76075746770287
30
0
10
41.84025279084139
20
-13.787215801036199
30
0
10
41.84025279084139
20
-13.469715801036202
30
0
0
SPLINE
5
530
100
AcDbEntity
8
0
100
AcDbSpline
70
4
71
3
72
8
73
4
74
0
42
0.000000001
43
0.0000000001
44
0.0000000001
40
0
40
0
40
0
40
0
40
1
40
1
40
1
40
1
41
1
41
1
41
1
41
1
10
41.84025279084139
20
-13.469715801036202
30
0
10
41.84025279084139
20
-13.231590801036205
30
0
10
41.919627790841396
20
-12.967007467702874
30
0
10
42.025461124174726
20
-12.887632467702872
30
0
0
SPLINE
5
531
100
AcDbEntity
8
0
100
AcDbSpline
70
4
71
3
72
8
73
4
74
0
42
0.000000001
43
0.0000000001
44
0.0000000001
40
0
40
0
40
0
40
0
40
1
40
1
40
1
40
1
41
1
41
1
41
1
41
1
10
42.025461124174726
20
-12.887632467702872
30
0
10
42.31650279084139
20
-12.570132467702873
30
0
10
43.348377790841397
20
-12.702424134369538
30
0
10
43.665877790841392
20
-13.072840801036198
30
0
0
SPLINE
5
532
100
AcDbEntity
8
0
100
AcDbSpline
70
4
71
3
72
8
73
4
74
0
42
0.000000001
43
0.0000000001
44
0.0000000001
40
0
40
0
40
0
40
0
40
1
40
1
40
1
40
1
41
1
41
1
41
1
41
1
10
40.517336124174719
20
-13.575549134369528
30
0
10
40.517336124174719
20
-13.76075746770287
30
0
10
40.199836124174723
20
-13.945965801036202
30
0
10
39.802961124174729
20
-13.972424134369525
30
0
0
LINE
5
533
100
AcDbEntity
8
0
100
AcDbLine
10
39.802961124174722
20
-13.972424134369525
30
0
11
39.062127790841387
21
-14.025340801036204
31
0
0
LINE
5
534
100
AcDbEntity
8
0
100
AcDbLine
10
39.062127790841387
20
-14.025340801036204
30
0
11
39.723586124174723
21
-13.654924134369534
31
0
0
SPLINE
5
535
100
AcDbEntity
8
0
100
AcDbSpline
70
4
71
3
72
8
73
4
74
0
42
0.000000001
43
0.0000000001
44
0.0000000001
40
0
40
0
40
0
40
0
40
1
40
1
40
1
40
1
41
1
41
1
41
1
41
1
10
39.723586124174723
20
-13.654924134369534
30
0
10
40.094002790841394
20
-13.44325746770286
30
0
10
40.411502790841396
20
-13.28450746770287
30
0
10
40.464419457508065
20
-13.258049134369529
30
0
0
SPLINE
5
536
100
AcDbEntity
8
0
100
AcDbSpline
70
4
71
3
72
8
73
4
74
0
42
0.000000001
43
0.0000000001
44
0.0000000001
40
0
40
0
40
0
40
0
40
1
40
1
40
1
40
1
41
1
41
1
41
1
41
1
10
40.464419457508065
20
-13.258049134369529
30
0
10
40.490877790841395
20
-13.231590801036205
30
0
10
40.517336124174719
20
-13.390340801036196
30
0
10
40.517336124174719
20
-13.575549134369528
30
0
0
SPLINE
5
537
100
AcDbEntity
8
0
100
AcDbSpline
70
4
71
3
72
8
73
4
74
0
42
0.000000001
43
0.0000000001
44
0.0000000001
40
0
40
0
40
0
40
0
40
1
40
1
40
1
40
1
41
1
41
1
41
1
41
1
10
46.338169457508059
20
-13.337424134369535
30
0
10
46.338169457508059
20
-13.416799134369537
30
0
10
46.232336124174729
20
-13.549090801036204
30
0
10
46.073586124174724
20
-13.628465801036205
30
0
0
SPLINE
5
538
100
AcDbEntity
8
0
100
AcDbSpline
70
4
71
3
72
8
73
4
74
0
42
0.000000001
43
0.0000000001
44
0.0000000001
40
0
40
0
40
0
40
0
40
1
40
1
40
1
40
1
41
1
41
1
41
1
41
1
10
46.073586124174724
20
-13.628465801036205
30
0
10
45.941294457508057
20
-13.707840801036193
30
0
10
45.80900279084139
20
-13.654924134369534
30
0
10
45.80900279084139
20
-13.522632467702863
30
0
0
SPLINE
5
539
100
AcDbEntity
8
0
100
AcDbSpline
70
4
71
3
72
8
73
4
74
0
42
0.000000001
43
0.0000000001
44
0.0000000001
40
0
40
0
40
0
40
0
40
1
40
1
40
1
40
1
41
1
41
1
41
1
41
1
10
45.80900279084139
20
-13.522632467702863
30
0
10
45.80900279084139
20
-13.363882467702872
30
0
10
45.941294457508057
20
-13.231590801036205
30
0
10
46.073586124174724
20
-13.231590801036205
30
0
0
SPLINE
5
540
100
AcDbEntity
8
0
100
AcDbSpline
70
4
71
3
72
8
73
4
74
0
42
0.000000001
43
0.0000000001
44
0.0000000001
40
0
40
0
40
0
40
0
40
1
40
1
40
1
40
1
41
1
41
1
41
1
41
1
10
46.073586124174724
20
-13.231590801036205
30
0
10
46.232336124174729
20
-13.231590801036205
30
0
10
46.338169457508059
20
-13.28450746770287
30
0
10
46.338169457508059
20
-13.337424134369535
30
0
0
SPLINE
5
541
100
AcDbEntity
8
0
100
AcDbSpline
70
4
71
3
72
8
73
4
74
0
42
0.000000001
43
0.0000000001
44
0.0000000001
40
0
40
0
40
0
40
0
40
1
40
1
40
1
40
1
41
1
41
1
41
1
41
1
10
47.131919457508062
20
-13.893049134369541
30
0
10
47.131919457508062
20
-14.316382467702864
30
0
10
46.973169457508057
20
-14.554507467702873
30
0
10
46.735044457508053
20
-14.554507467702873
30
0
0
SPLINE
5
542
100
AcDbEntity
8
0
100
AcDbSpline
70
4
71
3
72
8
73
4
74
0
42
0.000000001
43
0.0000000001
44
0.0000000001
40
0
40
0
40
0
40
0
40
1
40
1
40
1
40
1
41
1
41
1
41
1
41
1
10
46.735044457508053
20
-14.554507467702873
30
0
10
46.25879445750806
20
-14.554507467702873
30
0
10
46.205877790841392
20
-13.998882467702867
30
0
10
46.655669457508054
20
-13.549090801036204
30
0
0
SPLINE
5
543
100
AcDbEntity
8
0
100
AcDbSpline
70
4
71
3
72
8
73
4
74
0
42
0.000000001
43
0.0000000001
44
0.0000000001
40
0
40
0
40
0
40
0
40
1
40
1
40
1
40
1
41
1
41
1
41
1
41
1
10
46.655669457508054
20
-13.549090801036204
30
0
10
47.105461124174724
20
-13.09929913436954
30
0
10
47.131919457508062
20
-13.125757467702863
30
0
10
47.131919457508062
20
-13.893049134369541
30
0
0
SPLINE
5
544
100
AcDbEntity
8
0
100
AcDbSpline
70
4
71
3
72
8
73
4
74
0
42
0.000000001
43
0.0000000001
44
0.0000000001
40
0
40
0
40
0
40
0
40
1
40
1
40
1
40
1
41
1
41
1
41
1
41
1
10
32.26233612417473
20
-14.104715801036196
30
0
10
32.315252790841384
20
-14.422215801036206
30
0
10
32.182961124174724
20
-14.554507467702873
30
0
10
31.786086124174719
20
-14.554507467702873
30
0
0
SPLINE
5
545
100
AcDbEntity
8
0
100
AcDbSpline
70
4
71
3
72
8
73
4
74
0
42
0.000000001
43
0.0000000001
44
0.0000000001
40
0
40
0
40
0
40
0
40
1
40
1
40
1
40
1
41
1
41
1
41
1
41
1
10
31.786086124174719
20
-14.554507467702873
30
0
10
31.283377790841396
20
-14.554507467702873
30
0
10
31.230461124174724
20
-14.660340801036202
30
0
10
31.389211124174725
20
-15.26888246770287
30
0
0
SPLINE
5
546
100
AcDbEntity
8
0
100
AcDbSpline
70
4
71
3
72
8
73
4
74
0
42
0.000000001
43
0.0000000001
44
0.0000000001
40
0
40
0
40
0
40
0
40
1
40
1
40
1
40
1
41
1
41
1
41
1
41
1
10
31.389211124174725
20
-15.26888246770287
30
0
10
31.521502790841389
20
-15.877424134369541
30
0
10
31.495044457508055
20
-15.930340801036206
30
0
10
31.151086124174725
20
-15.63929913436953
30
0
0
SPLINE
5
547
100
AcDbEntity
8
0
100
AcDbSpline
70
4
71
3
72
8
73
4
74
0
42
0.000000001
43
0.0000000001
44
0.0000000001
40
0
40
0
40
0
40
0
40
1
40
1
40
1
40
1
41
1
41
1
41
1
41
1
10
31.151086124174725
20
-15.63929913436953
30
0
10
30.542544457508054
20
-15.136590801036203
30
0
10
30.62191945750806
20
-14.263465801036199
30
0
10
31.283377790841396
20
-14.104715801036196
30
0
0
SPLINE
5
548
100
AcDbEntity
8
0
100
AcDbSpline
70
4
71
3
72
8
73
4
74
0
42
0.000000001
43
0.0000000001
44
0.0000000001
40
0
40
0
40
0
40
0
40
1
40
1
40
1
40
1
41
1
41
1
41
1
41
1
10
31.283377790841396
20
-14.104715801036196
30
0
10
31.706711124174724
20
-13.972424134369525
30
0
10
31.759627790841385
20
-13.893049134369541
30
0
10
31.46858612417472
20
-13.707840801036193
30
0
0
SPLINE
5
549
100
AcDbEntity
8
0
100
AcDbSpline
70
4
71
3
72
8
73
4
74
0
42
0.000000001
43
0.0000000001
44
0.0000000001
40
0
40
0
40
0
40
0
40
1
40
1
40
1
40
1
41
1
41
1
41
1
41
1
10
31.46858612417472
20
-13.707840801036193
30
0
10
31.230461124174724
20
-13.522632467702863
30
0
10
31.256919457508054
20
-13.496174134369539
30
0
10
31.653794457508056
20
-13.549090801036204
30
0
0
SPLINE
5
550
100
AcDbEntity
8
0
100
AcDbSpline
70
4
71
3
72
8
73
4
74
0
42
0.000000001
43
0.0000000001
44
0.0000000001
40
0
40
0
40
0
40
0
40
1
40
1
40
1
40
1
41
1
41
1
41
1
41
1
10
31.653794457508056
20
-13.549090801036204
30
0
10
31.944836124174731
20
-13.602007467702869
30
0
10
32.209419457508062
20
-13.840132467702858
30
0
10
32.26233612417473
20
-14.104715801036196
30
0
0
SPLINE
5
551
100
AcDbEntity
8
0
100
AcDbSpline
70
4
71
3
72
8
73
4
74
0
42
0.000000001
43
0.0000000001
44
0.0000000001
40
0
40
0
40
0
40
0
40
1
40
1
40
1
40
1
41
1
41
1
41
1
41
1
10
36.469211124174727
20
-13.998882467702867
30
0
10
36.495669457508058
20
-14.369299134369529
30
0
10
36.389836124174728
20
-14.475132467702871
30
0
10
36.125252790841387
20
-14.369299134369529
30
0
0
SPLINE
5
552
100
AcDbEntity
8
0
100
AcDbSpline
70
4
71
3
72
8
73
4
74
0
42
0.000000001
43
0.0000000001
44
0.0000000001
40
0
40
0
40
0
40
0
40
1
40
1
40
1
40
1
41
1
41
1
41
1
41
1
10
36.125252790841387
20
-14.369299134369529
30
0
10
35.834211124174722
20
-14.263465801036199
30
0
10
35.807752790841391
20
-14.131174134369534
30
0
10
36.045877790841402
20
-13.8665908010362
30
0
0
SPLINE
5
553
100
AcDbEntity
8
0
100
AcDbSpline
70
4
71
3
72
8
73
4
74
0
42
0.000000001
43
0.0000000001
44
0.0000000001
40
0
40
0
40
0
40
0
40
1
40
1
40
1
40
1
41
1
41
1
41
1
41
1
10
36.045877790841402
20
-13.8665908010362
30
0
10
36.442752790841396
20
-13.390340801036196
30
0
10
36.416294457508052
20
-13.390340801036196
30
0
10
36.469211124174727
20
-13.998882467702867
30
0
0
SPLINE
5
554
100
AcDbEntity
8
0
100
AcDbSpline
70
4
71
3
72
8
73
4
74
0
42
0.000000001
43
0.0000000001
44
0.0000000001
40
0
40
0
40
0
40
0
40
1
40
1
40
1
40
1
41
1
41
1
41
1
41
1
10
45.279836124174722
20
-13.76075746770287
30
0
10
45.279836124174722
20
-13.893049134369541
30
0
10
45.174002790841392
20
-14.025340801036208
30
0
10
45.015252790841387
20
-14.025340801036208
30
0
0
SPLINE
5
555
100
AcDbEntity
8
0
100
AcDbSpline
70
4
71
3
72
8
73
4
74
0
42
0.000000001
43
0.0000000001
44
0.0000000001
40
0
40
0
40
0
40
0
40
1
40
1
40
1
40
1
41
1
41
1
41
1
41
1
10
45.015252790841387
20
-14.025340801036208
30
0
10
44.882961124174727
20
-14.025340801036208
30
0
10
44.750669457508053
20
-13.893049134369541
30
0
10
44.750669457508053
20
-13.76075746770287
30
0
0
SPLINE
5
556
100
AcDbEntity
8
0
100
AcDbSpline
70
4
71
3
72
8
73
4
74
0
42
0.000000001
43
0.0000000001
44
0.0000000001
40
0
40
0
40
0
40
0
40
1
40
1
40
1
40
1
41
1
41
1
41
1
41
1
10
44.750669457508053
20
-13.76075746770287
30
0
10
44.750669457508053
20
-13.602007467702869
30
0
10
44.882961124174727
20
-13.496174134369539
30
0
10
45.015252790841387
20
-13.496174134369539
30
0
0
SPLINE
5
557
100
AcDbEntity
8
0
100
AcDbSpline
70
4
71
3
72
8
73
4
74
0
42
0.000000001
43
0.0000000001
44
0.0000000001
40
0
40
0
40
0
40
0
40
1
40
1
40
1
40
1
41
1
41
1
41
1
41
1
10
45.015252790841387
20
-13.496174134369539
30
0
10
45.174002790841392
20
-13.496174134369539
30
0
10
45.279836124174722
20
-13.602007467702869
30
0
10
45.279836124174722
20
-13.76075746770287
30
0
0
SPLINE
5
558
100
AcDbEntity
8
0
100
AcDbSpline
70
4
71
3
72
8
73
4
74
0
42
0.000000001
43
0.0000000001
44
0.0000000001
40
0
40
0
40
0
40
0
40
1
40
1
40
1
40
1
41
1
41
1
41
1
41
1
10
41.311086124174722
20
-14.554507467702873
30
0
10
41.311086124174722
20
-14.68679913436954
30
0
10
41.125877790841386
20
-14.819090801036205
30
0
10
40.91421112417472
20
-14.819090801036205
30
0
0
SPLINE
5
559
100
AcDbEntity
8
0
100
AcDbSpline
70
4
71
3
72
8
73
4
74
0
42
0.000000001
43
0.0000000001
44
0.0000000001
40
0
40
0
40
0
40
0
40
1
40
1
40
1
40
1
41
1
41
1
41
1
41
1
10
40.91421112417472
20
-14.819090801036205
30
0
10
40.702544457508061
20
-14.819090801036205
30
0
10
40.517336124174719
20
-14.68679913436954
30
0
10
40.517336124174719
20
-14.554507467702873
30
0
0
SPLINE
5
560
100
AcDbEntity
8
0
100
AcDbSpline
70
4
71
3
72
8
73
4
74
0
42
0.000000001
43
0.0000000001
44
0.0000000001
40
0
40
0
40
0
40
0
40
1
40
1
40
1
40
1
41
1
41
1
41
1
41
1
10
40.517336124174719
20
-14.554507467702873
30
0
10
40.517336124174719
20
-14.395757467702865
30
0
10
40.702544457508061
20
-14.28992413436954
30
0
10
40.91421112417472
20
-14.28992413436954
30
0
0
SPLINE
5
561
100
AcDbEntity
8
0
100
AcDbSpline
70
4
71
3
72
8
73
4
74
0
42
0.000000001
43
0.0000000001
44
0.0000000001
40
0
40
0
40
0
40
0
40
1
40
1
40
1
40
1
41
1
41
1
41
1
41
1
10
40.91421112417472
20
-14.28992413436954
30
0
10
41.125877790841386
20
-14.28992413436954
30
0
10
41.311086124174722
20
-14.395757467702865
30
0
10
41.311086124174722
20
-14.554507467702873
30
0
0
SPLINE
5
562
100
AcDbEntity
8
0
100
AcDbSpline
70
4
71
3
72
8
73
4
74
0
42
0.000000001
43
0.0000000001
44
0.0000000001
40
0
40
0
40
0
40
0
40
1
40
1
40
1
40
1
41
1
41
1
41
1
41
1
10
43.216086124174723
20
-15.401174134369535
30
0
10
43.004419457508057
20
-15.612840801036207
30
0
10
42.819211124174728
20
-15.63929913436953
30
0
10
42.634002790841386
20
-15.4540908010362
30
0
0
SPLINE
5
563
100
AcDbEntity
8
0
100
AcDbSpline
70
4
71
3
72
8
73
4
74
0
42
0.000000001
43
0.0000000001
44
0.0000000001
40
0
40
0
40
0
40
0
40
1
40
1
40
1
40
1
41
1
41
1
41
1
41
1
10
42.634002790841386
20
-15.4540908010362
30
0
10
42.475252790841395
20
-15.295340801036193
30
0
10
42.422336124174727
20
-14.951382467702871
30
0
10
42.528169457508056
20
-14.713257467702864
30
0
0
SPLINE
5
564
100
AcDbEntity
8
0
100
AcDbSpline
70
4
71
3
72
8
73
4
74
0
42
0.000000001
43
0.0000000001
44
0.0000000001
40
0
40
0
40
0
40
0
40
1
40
1
40
1
40
1
41
1
41
1
41
1
41
1
10
42.528169457508056
20
-14.713257467702864
30
0
10
42.686919457508061
20
-14.28992413436954
30
0
10
42.73983612417473
20
-14.28992413436954
30
0
10
43.1102527908414
20
-14.660340801036202
30
0
0
SPLINE
5
565
100
AcDbEntity
8
0
100
AcDbSpline
70
4
71
3
72
8
73
4
74
0
42
0.000000001
43
0.0000000001
44
0.0000000001
40
0
40
0
40
0
40
0
40
1
40
1
40
1
40
1
41
1
41
1
41
1
41
1
10
43.1102527908414
20
-14.660340801036202
30
0
10
43.454211124174726
20
-14.977840801036194
30
0
10
43.480669457508057
20
-15.136590801036203
30
0
10
43.216086124174723
20
-15.401174134369535
30
0
0
SPLINE
5
566
100
AcDbEntity
8
0
100
AcDbSpline
70
4
71
3
72
8
73
4
74
0
42
0.000000001
43
0.0000000001
44
0.0000000001
40
0
40
0
40
0
40
0
40
1
40
1
40
1
40
1
41
1
41
1
41
1
41
1
10
44.671294457508061
20
-14.660340801036202
30
0
10
44.591919457508062
20
-14.87200746770287
30
0
10
44.882961124174727
20
-15.215965801036209
30
0
10
45.491502790841388
20
-15.507007467702865
30
0
0
SPLINE
5
567
100
AcDbEntity
8
0
100
AcDbSpline
70
4
71
3
72
8
73
4
74
0
42
0.000000001
43
0.0000000001
44
0.0000000001
40
0
40
0
40
0
40
0
40
1
40
1
40
1
40
1
41
1
41
1
41
1
41
1
10
45.491502790841388
20
-15.507007467702865
30
0
10
46.629211124174724
20
-16.115549134369537
30
0
10
47.052544457508063
20
-16.856382467702868
30
0
10
45.967752790841402
20
-16.380132467702868
30
0
0
SPLINE
5
568
100
AcDbEntity
8
0
100
AcDbSpline
70
4
71
3
72
8
73
4
74
0
42
0.000000001
43
0.0000000001
44
0.0000000001
40
0
40
0
40
0
40
0
40
1
40
1
40
1
40
1
41
1
41
1
41
1
41
1
10
45.967752790841402
20
-16.380132467702868
30
0
10
45.597336124174731
20
-16.194924134369536
30
0
10
45.279836124174722
20
-15.956799134369529
30
0
10
45.279836124174722
20
-15.824507467702862
30
0
0
SPLINE
5
569
100
AcDbEntity
8
0
100
AcDbSpline
70
4
71
3
72
8
73
4
74
0
42
0.000000001
43
0.0000000001
44
0.0000000001
40
0
40
0
40
0
40
0
40
1
40
1
40
1
40
1
41
1
41
1
41
1
41
1
10
45.279836124174722
20
-15.824507467702862
30
0
10
45.279836124174722
20
-15.718674134369532
30
0
10
45.094627790841393
20
-15.612840801036207
30
0
10
44.882961124174727
20
-15.612840801036207
30
0
0
SPLINE
5
570
100
AcDbEntity
8
0
100
AcDbSpline
70
4
71
3
72
8
73
4
74
0
42
0.000000001
43
0.0000000001
44
0.0000000001
40
0
40
0
40
0
40
0
40
1
40
1
40
1
40
1
41
1
41
1
41
1
41
1
10
44.882961124174727
20
-15.612840801036207
30
0
10
44.168586124174723
20
-15.612840801036207
30
0
10
44.459627790841395
20
-16.115549134369537
30
0
10
45.412127790841396
20
-16.512424134369535
30
0
0
SPLINE
5
571
100
AcDbEntity
8
0
100
AcDbSpline
70
4
71
3
72
8
73
4
74
0
42
0.000000001
43
0.0000000001
44
0.0000000001
40
0
40
0
40
0
40
0
40
1
40
1
40
1
40
1
41
1
41
1
41
1
41
1
10
45.412127790841396
20
-16.512424134369535
30
0
10
46.338169457508059
20
-16.909299134369533
30
0
10
46.338169457508059
20
-16.909299134369533
30
0
10
46.338169457508059
20
-18.602632467702861
30
0
0
LINE
5
572
100
AcDbEntity
8
0
100
AcDbLine
10
46.338169457508059
20
-18.602632467702861
30
0
11
46.338169457508059
21
-20.269507467702866
31
0
0
LINE
5
573
100
AcDbEntity
8
0
100
AcDbLine
10
46.338169457508059
20
-20.269507467702866
30
0
11
45.226919457508068
21
-20.216590801036197
31
0
0
LINE
5
574
100
AcDbEntity
8
0
100
AcDbLine
10
45.226919457508068
20
-20.216590801036197
30
0
11
44.089211124174724
21
-20.163674134369536
31
0
0
LINE
5
575
100
AcDbEntity
8
0
100
AcDbLine
10
44.089211124174724
20
-20.163674134369536
30
0
11
44.089211124174724
21
-19.0259658010362
31
0
0
SPLINE
5
576
100
AcDbEntity
8
0
100
AcDbSpline
70
4
71
3
72
8
73
4
74
0
42
0.000000001
43
0.0000000001
44
0.0000000001
40
0
40
0
40
0
40
0
40
1
40
1
40
1
40
1
41
1
41
1
41
1
41
1
10
44.089211124174724
20
-19.0259658010362
30
0
10
44.089211124174724
20
-18.390965801036209
30
0
10
44.195044457508061
20
-17.464924134369539
30
0
10
44.327336124174721
20
-16.988674134369539
30
0
0
SPLINE
5
577
100
AcDbEntity
8
0
100
AcDbSpline
70
4
71
3
72
8
73
4
74
0
42
0.000000001
43
0.0000000001
44
0.0000000001
40
0
40
0
40
0
40
0
40
1
40
1
40
1
40
1
41
1
41
1
41
1
41
1
10
44.327336124174721
20
-16.988674134369539
30
0
10
44.512544457508064
20
-16.247840801036201
30
0
10
44.459627790841395
20
-16.142007467702872
30
0
10
43.983377790841402
20
-16.142007467702872
30
0
0
SPLINE
5
578
100
AcDbEntity
8
0
100
AcDbSpline
70
4
71
3
72
8
73
4
74
0
42
0.000000001
43
0.0000000001
44
0.0000000001
40
0
40
0
40
0
40
0
40
1
40
1
40
1
40
1
41
1
41
1
41
1
41
1
10
43.983377790841402
20
-16.142007467702872
30
0
10
43.507127790841395
20
-16.142007467702872
30
0
10
43.427752790841396
20
-16.327215801036203
30
0
10
43.374836124174728
20
-17.517840801036204
30
0
0
SPLINE
5
579
100
AcDbEntity
8
0
100
AcDbSpline
70
4
71
3
72
8
73
4
74
0
42
0.000000001
43
0.0000000001
44
0.0000000001
40
0
40
0
40
0
40
0
40
1
40
1
40
1
40
1
41
1
41
1
41
1
41
1
10
43.374836124174728
20
-17.517840801036204
30
0
10
43.374836124174728
20
-18.285132467702866
30
0
10
43.348377790841397
20
-19.105340801036203
30
0
10
43.374836124174728
20
-19.369924134369537
30
0
0
SPLINE
5
580
100
AcDbEntity
8
0
100
AcDbSpline
70
4
71
3
72
8
73
4
74
0
42
0.000000001
43
0.0000000001
44
0.0000000001
40
0
40
0
40
0
40
0
40
1
40
1
40
1
40
1
41
1
41
1
41
1
41
1
10
43.374836124174728
20
-19.369924134369537
30
0
10
43.427752790841396
20
-19.952007467702867
30
0
10
42.686919457508061
20
-20.5340908010362
30
0
10
42.342961124174721
20
-20.190132467702874
30
0
0
SPLINE
5
581
100
AcDbEntity
8
0
100
AcDbSpline
70
4
71
3
72
8
73
4
74
0
42
0.000000001
43
0.0000000001
44
0.0000000001
40
0
40
0
40
0
40
0
40
1
40
1
40
1
40
1
41
1
41
1
41
1
41
1
10
42.342961124174721
20
-20.190132467702874
30
0
10
42.210669457508061
20
-20.057840801036207
30
0
10
42.025461124174726
20
-19.131799134369526
30
0
10
41.97254445750805
20
-18.152840801036199
30
0
0
SPLINE
5
582
100
AcDbEntity
8
0
100
AcDbSpline
70
4
71
3
72
8
73
4
74
0
42
0.000000001
43
0.0000000001
44
0.0000000001
40
0
40
0
40
0
40
0
40
1
40
1
40
1
40
1
41
1
41
1
41
1
41
1
10
41.97254445750805
20
-18.152840801036199
30
0
10
41.893169457508066
20
-16.803465801036207
30
0
10
41.734419457508061
20
-16.247840801036201
30
0
10
41.39046112417472
20
-16.009715801036208
30
0
0
SPLINE
5
583
100
AcDbEntity
8
0
100
AcDbSpline
70
4
71
3
72
8
73
4
74
0
42
0.000000001
43
0.0000000001
44
0.0000000001
40
0
40
0
40
0
40
0
40
1
40
1
40
1
40
1
41
1
41
1
41
1
41
1
10
41.39046112417472
20
-16.009715801036208
30
0
10
41.125877790841386
20
-15.824507467702862
30
0
10
40.834836124174728
20
-15.718674134369532
30
0
10
40.729002790841392
20
-15.771590801036197
30
0
0
SPLINE
5
584
100
AcDbEntity
8
0
100
AcDbSpline
70
4
71
3
72
8
73
4
74
0
42
0.000000001
43
0.0000000001
44
0.0000000001
40
0
40
0
40
0
40
0
40
1
40
1
40
1
40
1
41
1
41
1
41
1
41
1
10
40.729002790841392
20
-15.771590801036197
30
0
10
40.596711124174725
20
-15.8509658010362
30
0
10
40.517336124174719
20
-15.718674134369532
30
0
10
40.517336124174719
20
-15.507007467702865
30
0
0
SPLINE
5
585
100
AcDbEntity
8
0
100
AcDbSpline
70
4
71
3
72
8
73
4
74
0
42
0.000000001
43
0.0000000001
44
0.0000000001
40
0
40
0
40
0
40
0
40
1
40
1
40
1
40
1
41
1
41
1
41
1
41
1
10
40.517336124174719
20
-15.507007467702865
30
0
10
40.517336124174719
20
-14.951382467702871
30
0
10
40.75546112417473
20
-14.977840801036194
30
0
10
41.39046112417472
20
-15.533465801036201
30
0
0
SPLINE
5
586
100
AcDbEntity
8
0
100
AcDbSpline
70
4
71
3
72
8
73
4
74
0
42
0.000000001
43
0.0000000001
44
0.0000000001
40
0
40
0
40
0
40
0
40
1
40
1
40
1
40
1
41
1
41
1
41
1
41
1
10
41.39046112417472
20
-15.533465801036201
30
0
10
41.707961124174716
20
-15.798049134369538
30
0
10
41.84025279084139
20
-15.8509658010362
30
0
10
41.707961124174716
20
-15.63929913436953
30
0
0
SPLINE
5
587
100
AcDbEntity
8
0
100
AcDbSpline
70
4
71
3
72
8
73
4
74
0
42
0.000000001
43
0.0000000001
44
0.0000000001
40
0
40
0
40
0
40
0
40
1
40
1
40
1
40
1
41
1
41
1
41
1
41
1
10
41.707961124174716
20
-15.63929913436953
30
0
10
41.575669457508056
20
-15.401174134369535
30
0
10
41.628586124174731
20
-15.321799134369535
30
0
10
41.866711124174728
20
-15.401174134369535
30
0
0
SPLINE
5
588
100
AcDbEntity
8
0
100
AcDbSpline
70
4
71
3
72
8
73
4
74
0
42
0.000000001
43
0.0000000001
44
0.0000000001
40
0
40
0
40
0
40
0
40
1
40
1
40
1
40
1
41
1
41
1
41
1
41
1
10
41.866711124174728
20
-15.401174134369535
30
0
10
42.131294457508062
20
-15.480549134369541
30
0
10
42.263586124174722
20
-16.115549134369537
30
0
10
42.31650279084139
20
-17.491382467702863
30
0
0
SPLINE
5
589
100
AcDbEntity
8
0
100
AcDbSpline
70
4
71
3
72
8
73
4
74
0
42
0.000000001
43
0.0000000001
44
0.0000000001
40
0
40
0
40
0
40
0
40
1
40
1
40
1
40
1
41
1
41
1
41
1
41
1
10
42.31650279084139
20
-17.491382467702863
30
0
10
42.422336124174727
20
-20.110757467702875
30
0
10
42.89858612417472
20
-20.560549134369538
30
0
10
42.89858612417472
20
-18.047007467702869
30
0
0
SPLINE
5
590
100
AcDbEntity
8
0
100
AcDbSpline
70
4
71
3
72
8
73
4
74
0
42
0.000000001
43
0.0000000001
44
0.0000000001
40
0
40
0
40
0
40
0
40
1
40
1
40
1
40
1
41
1
41
1
41
1
41
1
10
42.89858612417472
20
-18.047007467702869
30
0
10
42.89858612417472
20
-16.988674134369539
30
0
10
43.004419457508057
20
-16.142007467702872
30
0
10
43.1102527908414
20
-16.142007467702872
30
0
0
SPLINE
5
591
100
AcDbEntity
8
0
100
AcDbSpline
70
4
71
3
72
8
73
4
74
0
42
0.000000001
43
0.0000000001
44
0.0000000001
40
0
40
0
40
0
40
0
40
1
40
1
40
1
40
1
41
1
41
1
41
1
41
1
10
43.1102527908414
20
-16.142007467702872
30
0
10
43.24254445750806
20
-16.142007467702872
30
0
10
43.480669457508057
20
-15.877424134369541
30
0
10
43.639419457508062
20
-15.533465801036201
30
0
0
SPLINE
5
592
100
AcDbEntity
8
0
100
AcDbSpline
70
4
71
3
72
8
73
4
74
0
42
0.000000001
43
0.0000000001
44
0.0000000001
40
0
40
0
40
0
40
0
40
1
40
1
40
1
40
1
41
1
41
1
41
1
41
1
10
43.639419457508062
20
-15.533465801036201
30
0
10
43.798169457508052
20
-15.215965801036209
30
0
10
43.930461124174727
20
-15.110132467702865
30
0
10
43.930461124174727
20
-15.26888246770287
30
0
0
SPLINE
5
593
100
AcDbEntity
8
0
100
AcDbSpline
70
4
71
3
72
8
73
4
74
0
42
0.000000001
43
0.0000000001
44
0.0000000001
40
0
40
0
40
0
40
0
40
1
40
1
40
1
40
1
41
1
41
1
41
1
41
1
10
43.930461124174727
20
-15.26888246770287
30
0
10
43.956919457508057
20
-15.4540908010362
30
0
10
44.089211124174724
20
-15.612840801036207
30
0
10
44.221502790841392
20
-15.612840801036207
30
0
0
SPLINE
5
594
100
AcDbEntity
8
0
100
AcDbSpline
70
4
71
3
72
8
73
4
74
0
42
0.000000001
43
0.0000000001
44
0.0000000001
40
0
40
0
40
0
40
0
40
1
40
1
40
1
40
1
41
1
41
1
41
1
41
1
10
44.221502790841392
20
-15.612840801036207
30
0
10
44.380252790841396
20
-15.612840801036207
30
0
10
44.433169457508058
20
-15.321799134369535
30
0
10
44.327336124174721
20
-14.951382467702871
30
0
0
SPLINE
5
595
100
AcDbEntity
8
0
100
AcDbSpline
70
4
71
3
72
8
73
4
74
0
42
0.000000001
43
0.0000000001
44
0.0000000001
40
0
40
0
40
0
40
0
40
1
40
1
40
1
40
1
41
1
41
1
41
1
41
1
10
44.327336124174721
20
-14.951382467702871
30
0
10
44.221502790841392
20
-14.528049134369532
30
0
10
44.274419457508067
20
-14.28992413436954
30
0
10
44.486086124174726
20
-14.28992413436954
30
0
0
SPLINE
5
596
100
AcDbEntity
8
0
100
AcDbSpline
70
4
71
3
72
8
73
4
74
0
42
0.000000001
43
0.0000000001
44
0.0000000001
40
0
40
0
40
0
40
0
40
1
40
1
40
1
40
1
41
1
41
1
41
1
41
1
10
44.486086124174726
20
-14.28992413436954
30
0
10
44.671294457508061
20
-14.28992413436954
30
0
10
44.750669457508053
20
-14.448674134369529
30
0
10
44.671294457508061
20
-14.660340801036202
30
0
0
SPLINE
5
597
100
AcDbEntity
8
0
100
AcDbSpline
70
4
71
3
72
8
73
4
74
0
42
0.000000001
43
0.0000000001
44
0.0000000001
40
0
40
0
40
0
40
0
40
1
40
1
40
1
40
1
41
1
41
1
41
1
41
1
10
35.781294457508054
20
-14.819090801036205
30
0
10
36.416294457508052
20
-15.163049134369526
30
0
10
36.416294457508052
20
-15.507007467702865
30
0
10
35.834211124174722
20
-15.718674134369532
30
0
0
SPLINE
5
598
100
AcDbEntity
8
0
100
AcDbSpline
70
4
71
3
72
8
73
4
74
0
42
0.000000001
43
0.0000000001
44
0.0000000001
40
0
40
0
40
0
40
0
40
1
40
1
40
1
40
1
41
1
41
1
41
1
41
1
10
35.834211124174722
20
-15.718674134369532
30
0
10
35.543169457508057
20
-15.8509658010362
30
0
10
35.252127790841392
20
-15.745132467702874
30
0
10
35.040461124174726
20
-15.4540908010362
30
0
0
SPLINE
5
599
100
AcDbEntity
8
0
100
AcDbSpline
70
4
71
3
72
8
73
4
74
0
42
0.000000001
43
0.0000000001
44
0.0000000001
40
0
40
0
40
0
40
0
40
1
40
1
40
1
40
1
41
1
41
1
41
1
41
1
10
35.040461124174726
20
-15.4540908010362
30
0
10
34.405461124174721
20
-14.580965801036196
30
0
10
34.749419457508061
20
-14.28992413436954
30
0
10
35.781294457508054
20
-14.819090801036205
30
0
0
SPLINE
5
600
100
AcDbEntity
8
0
100
AcDbSpline
70
4
71
3
72
8
73
4
74
0
42
0.000000001
43
0.0000000001
44
0.0000000001
40
0
40
0
40
0
40
0
40
1
40
1
40
1
40
1
41
1
41
1
41
1
41
1
10
39.03566945750805
20
-15.110132467702865
30
0
10
38.824002790841391
20
-15.480549134369541
30
0
10
38.400669457508059
20
-15.374715801036199
30
0
10
38.400669457508059
20
-14.951382467702871
30
0
0
SPLINE
5
601
100
AcDbEntity
8
0
100
AcDbSpline
70
4
71
3
72
8
73
4
74
0
42
0.000000001
43
0.0000000001
44
0.0000000001
40
0
40
0
40
0
40
0
40
1
40
1
40
1
40
1
41
1
41
1
41
1
41
1
10
38.400669457508059
20
-14.951382467702871
30
0
10
38.400669457508059
20
-14.713257467702864
30
0
10
38.559419457508064
20
-14.633882467702861
30
0
10
38.797544457508053
20
-14.713257467702864
30
0
0
SPLINE
5
602
100
AcDbEntity
8
0
100
AcDbSpline
70
4
71
3
72
8
73
4
74
0
42
0.000000001
43
0.0000000001
44
0.0000000001
40
0
40
0
40
0
40
0
40
1
40
1
40
1
40
1
41
1
41
1
41
1
41
1
10
38.797544457508053
20
-14.713257467702864
30
0
10
39.009211124174726
20
-14.819090801036205
30
0
10
39.115044457508063
20
-14.977840801036194
30
0
10
39.03566945750805
20
-15.110132467702865
30
0
0
SPLINE
5
603
100
AcDbEntity
8
0
100
AcDbSpline
70
4
71
3
72
8
73
4
74
0
42
0.000000001
43
0.0000000001
44
0.0000000001
40
0
40
0
40
0
40
0
40
1
40
1
40
1
40
1
41
1
41
1
41
1
41
1
10
40.120461124174724
20
-14.819090801036205
30
0
10
40.041086124174726
20
-14.951382467702871
30
0
10
39.85587779084139
20
-15.083674134369538
30
0
10
39.697127790841392
20
-15.083674134369538
30
0
0
SPLINE
5
604
100
AcDbEntity
8
0
100
AcDbSpline
70
4
71
3
72
8
73
4
74
0
42
0.000000001
43
0.0000000001
44
0.0000000001
40
0
40
0
40
0
40
0
40
1
40
1
40
1
40
1
41
1
41
1
41
1
41
1
10
39.697127790841392
20
-15.083674134369538
30
0
10
39.564836124174725
20
-15.083674134369538
30
0
10
39.459002790841389
20
-14.951382467702871
30
0
10
39.459002790841389
20
-14.819090801036205
30
0
0
SPLINE
5
605
100
AcDbEntity
8
0
100
AcDbSpline
70
4
71
3
72
8
73
4
74
0
42
0.000000001
43
0.0000000001
44
0.0000000001
40
0
40
0
40
0
40
0
40
1
40
1
40
1
40
1
41
1
41
1
41
1
41
1
10
39.459002790841389
20
-14.819090801036205
30
0
10
39.459002790841389
20
-14.660340801036202
30
0
10
39.644211124174724
20
-14.554507467702873
30
0
10
39.882336124174735
20
-14.554507467702873
30
0
0
SPLINE
5
606
100
AcDbEntity
8
0
100
AcDbSpline
70
4
71
3
72
8
73
4
74
0
42
0.000000001
43
0.0000000001
44
0.0000000001
40
0
40
0
40
0
40
0
40
1
40
1
40
1
40
1
41
1
41
1
41
1
41
1
10
39.882336124174735
20
-14.554507467702873
30
0
10
40.094002790841394
20
-14.554507467702873
30
0
10
40.199836124174723
20
-14.660340801036202
30
0
10
40.120461124174724
20
-14.819090801036205
30
0
0
SPLINE
5
607
100
AcDbEntity
8
0
100
AcDbSpline
70
4
71
3
72
8
73
4
74
0
42
0.000000001
43
0.0000000001
44
0.0000000001
40
0
40
0
40
0
40
0
40
1
40
1
40
1
40
1
41
1
41
1
41
1
41
1
10
45.80900279084139
20
-14.819090801036205
30
0
10
45.80900279084139
20
-14.951382467702871
30
0
10
45.703169457508068
20
-15.083674134369538
30
0
10
45.544419457508056
20
-15.083674134369538
30
0
0
SPLINE
5
608
100
AcDbEntity
8
0
100
AcDbSpline
70
4
71
3
72
8
73
4
74
0
42
0.000000001
43
0.0000000001
44
0.0000000001
40
0
40
0
40
0
40
0
40
1
40
1
40
1
40
1
41
1
41
1
41
1
41
1
10
45.544419457508056
20
-15.083674134369538
30
0
10
45.412127790841396
20
-15.083674134369538
30
0
10
45.279836124174722
20
-14.951382467702871
30
0
10
45.279836124174722
20
-14.819090801036205
30
0
0
SPLINE
5
609
100
AcDbEntity
8
0
100
AcDbSpline
70
4
71
3
72
8
73
4
74
0
42
0.000000001
43
0.0000000001
44
0.0000000001
40
0
40
0
40
0
40
0
40
1
40
1
40
1
40
1
41
1
41
1
41
1
41
1
10
45.279836124174722
20
-14.819090801036205
30
0
10
45.279836124174722
20
-14.660340801036202
30
0
10
45.412127790841396
20
-14.554507467702873
30
0
10
45.544419457508056
20
-14.554507467702873
30
0
0
SPLINE
5
610
100
AcDbEntity
8
0
100
AcDbSpline
70
4
71
3
72
8
73
4
74
0
42
0.000000001
43
0.0000000001
44
0.0000000001
40
0
40
0
40
0
40
0
40
1
40
1
40
1
40
1
41
1
41
1
41
1
41
1
10
45.544419457508056
20
-14.554507467702873
30
0
10
45.703169457508068
20
-14.554507467702873
30
0
10
45.80900279084139
20
-14.660340801036202
30
0
10
45.80900279084139
20
-14.819090801036205
30
0
0
SPLINE
5
611
100
AcDbEntity
8
0
100
AcDbSpline
70
4
71
3
72
8
73
4
74
0
42
0.000000001
43
0.0000000001
44
0.0000000001
40
0
40
0
40
0
40
0
40
1
40
1
40
1
40
1
41
1
41
1
41
1
41
1
10
33.109002790841387
20
-15.612840801036207
30
0
10
33.109002790841387
20
-15.877424134369541
30
0
10
33.373586124174722
20
-16.142007467702872
30
0
10
33.744002790841392
20
-16.247840801036201
30
0
0
SPLINE
5
612
100
AcDbEntity
8
0
100
AcDbSpline
70
4
71
3
72
8
73
4
74
0
42
0.000000001
43
0.0000000001
44
0.0000000001
40
0
40
0
40
0
40
0
40
1
40
1
40
1
40
1
41
1
41
1
41
1
41
1
10
33.744002790841392
20
-16.247840801036201
30
0
10
34.564211124174726
20
-16.459507467702871
30
0
10
34.775877790841392
20
-17.0415908010362
30
0
10
34.193794457508062
20
-17.570757467702869
30
0
0
SPLINE
5
613
100
AcDbEntity
8
0
100
AcDbSpline
70
4
71
3
72
8
73
4
74
0
42
0.000000001
43
0.0000000001
44
0.0000000001
40
0
40
0
40
0
40
0
40
1
40
1
40
1
40
1
41
1
41
1
41
1
41
1
10
34.193794457508062
20
-17.570757467702869
30
0
10
33.770461124174716
20
-17.967632467702867
30
0
10
33.691086124174731
20
-17.967632467702867
30
0
10
33.373586124174722
20
-17.597215801036207
30
0
0
SPLINE
5
614
100
AcDbEntity
8
0
100
AcDbSpline
70
4
71
3
72
8
73
4
74
0
42
0.000000001
43
0.0000000001
44
0.0000000001
40
0
40
0
40
0
40
0
40
1
40
1
40
1
40
1
41
1
41
1
41
1
41
1
10
33.373586124174722
20
-17.597215801036207
30
0
10
33.109002790841387
20
-17.279715801036197
30
0
10
33.109002790841387
20
-17.200340801036205
30
0
10
33.479419457508051
20
-17.200340801036205
30
0
0
SPLINE
5
615
100
AcDbEntity
8
0
100
AcDbSpline
70
4
71
3
72
8
73
4
74
0
42
0.000000001
43
0.0000000001
44
0.0000000001
40
0
40
0
40
0
40
0
40
1
40
1
40
1
40
1
41
1
41
1
41
1
41
1
10
33.479419457508051
20
-17.200340801036205
30
0
10
33.717544457508062
20
-17.200340801036205
30
0
10
33.90275279084139
20
-17.068049134369542
30
0
10
33.90275279084139
20
-16.935757467702874
30
0
0
SPLINE
5
616
100
AcDbEntity
8
0
100
AcDbSpline
70
4
71
3
72
8
73
4
74
0
42
0.000000001
43
0.0000000001
44
0.0000000001
40
0
40
0
40
0
40
0
40
1
40
1
40
1
40
1
41
1
41
1
41
1
41
1
10
33.90275279084139
20
-16.935757467702874
30
0
10
33.90275279084139
20
-16.512424134369535
30
0
10
33.109002790841387
20
-16.618257467702861
30
0
10
32.95025279084139
20
-17.068049134369542
30
0
0
SPLINE
5
617
100
AcDbEntity
8
0
100
AcDbSpline
70
4
71
3
72
8
73
4
74
0
42
0.000000001
43
0.0000000001
44
0.0000000001
40
0
40
0
40
0
40
0
40
1
40
1
40
1
40
1
41
1
41
1
41
1
41
1
10
32.95025279084139
20
-17.068049134369542
30
0
10
32.84441945750806
20
-17.279715801036197
30
0
10
32.95025279084139
20
-17.676590801036195
30
0
10
33.135461124174732
20
-17.914715801036202
30
0
0
SPLINE
5
618
100
AcDbEntity
8
0
100
AcDbSpline
70
4
71
3
72
8
73
4
74
0
42
0.000000001
43
0.0000000001
44
0.0000000001
40
0
40
0
40
0
40
0
40
1
40
1
40
1
40
1
41
1
41
1
41
1
41
1
10
33.135461124174732
20
-17.914715801036202
30
0
10
33.45296112417472
20
-18.285132467702866
30
0
10
33.45296112417472
20
-18.33804913436953
30
0
10
33.109002790841387
20
-18.205757467702863
30
0
0
SPLINE
5
619
100
AcDbEntity
8
0
100
AcDbSpline
70
4
71
3
72
8
73
4
74
0
42
0.000000001
43
0.0000000001
44
0.0000000001
40
0
40
0
40
0
40
0
40
1
40
1
40
1
40
1
41
1
41
1
41
1
41
1
10
33.109002790841387
20
-18.205757467702863
30
0
10
32.606294457508056
20
-18.047007467702869
30
0
10
32.447544457508059
20
-17.015132467702863
30
0
10
32.84441945750806
20
-16.512424134369535
30
0
0
SPLINE
5
620
100
AcDbEntity
8
0
100
AcDbSpline
70
4
71
3
72
8
73
4
74
0
42
0.000000001
43
0.0000000001
44
0.0000000001
40
0
40
0
40
0
40
0
40
1
40
1
40
1
40
1
41
1
41
1
41
1
41
1
10
32.84441945750806
20
-16.512424134369535
30
0
10
33.082544457508057
20
-16.274299134369539
30
0
10
33.082544457508057
20
-16.142007467702872
30
0
10
32.897336124174721
20
-16.142007467702872
30
0
0
SPLINE
5
621
100
AcDbEntity
8
0
100
AcDbSpline
70
4
71
3
72
8
73
4
74
0
42
0.000000001
43
0.0000000001
44
0.0000000001
40
0
40
0
40
0
40
0
40
1
40
1
40
1
40
1
41
1
41
1
41
1
41
1
10
32.897336124174721
20
-16.142007467702872
30
0
10
32.738586124174731
20
-16.142007467702872
30
0
10
32.659211124174725
20
-15.956799134369529
30
0
10
32.738586124174731
20
-15.745132467702874
30
0
0
SPLINE
5
622
100
AcDbEntity
8
0
100
AcDbSpline
70
4
71
3
72
8
73
4
74
0
42
0.000000001
43
0.0000000001
44
0.0000000001
40
0
40
0
40
0
40
0
40
1
40
1
40
1
40
1
41
1
41
1
41
1
41
1
10
32.738586124174731
20
-15.745132467702874
30
0
10
32.84441945750806
20
-15.507007467702865
30
0
10
32.738586124174731
20
-15.348257467702876
30
0
10
32.500461124174727
20
-15.348257467702876
30
0
0
SPLINE
5
623
100
AcDbEntity
8
0
100
AcDbSpline
70
4
71
3
72
8
73
4
74
0
42
0.000000001
43
0.0000000001
44
0.0000000001
40
0
40
0
40
0
40
0
40
1
40
1
40
1
40
1
41
1
41
1
41
1
41
1
10
32.500461124174727
20
-15.348257467702876
30
0
10
32.26233612417473
20
-15.348257467702876
30
0
10
32.156502790841387
20
-15.533465801036201
30
0
10
32.2358777908414
20
-15.956799134369529
30
0
0
SPLINE
5
624
100
AcDbEntity
8
0
100
AcDbSpline
70
4
71
3
72
8
73
4
74
0
42
0.000000001
43
0.0000000001
44
0.0000000001
40
0
40
0
40
0
40
0
40
1
40
1
40
1
40
1
41
1
41
1
41
1
41
1
10
32.2358777908414
20
-15.956799134369529
30
0
10
32.36816945750806
20
-16.644715801036199
30
0
10
31.91837779084139
20
-17.994090801036208
30
0
10
31.521502790841389
20
-17.994090801036208
30
0
0
SPLINE
5
625
100
AcDbEntity
8
0
100
AcDbSpline
70
4
71
3
72
8
73
4
74
0
42
0.000000001
43
0.0000000001
44
0.0000000001
40
0
40
0
40
0
40
0
40
1
40
1
40
1
40
1
41
1
41
1
41
1
41
1
10
31.521502790841389
20
-17.994090801036208
30
0
10
31.389211124174725
20
-17.994090801036208
30
0
10
31.256919457508054
20
-17.755965801036201
30
0
10
31.256919457508054
20
-17.438465801036202
30
0
0
SPLINE
5
626
100
AcDbEntity
8
0
100
AcDbSpline
70
4
71
3
72
8
73
4
74
0
42
0.000000001
43
0.0000000001
44
0.0000000001
40
0
40
0
40
0
40
0
40
1
40
1
40
1
40
1
41
1
41
1
41
1
41
1
10
31.256919457508054
20
-17.438465801036202
30
0
10
31.256919457508054
20
-17.015132467702863
30
0
10
31.151086124174725
20
-16.935757467702874
30
0
10
30.727752790841389
20
-17.068049134369542
30
0
0
SPLINE
5
627
100
AcDbEntity
8
0
100
AcDbSpline
70
4
71
3
72
8
73
4
74
0
42
0.000000001
43
0.0000000001
44
0.0000000001
40
0
40
0
40
0
40
0
40
1
40
1
40
1
40
1
41
1
41
1
41
1
41
1
10
30.727752790841389
20
-17.068049134369542
30
0
10
30.357336124174729
20
-17.200340801036205
30
0
10
30.198586124174724
20
-17.120965801036206
30
0
10
30.198586124174724
20
-16.829924134369531
30
0
0
SPLINE
5
628
100
AcDbEntity
8
0
100
AcDbSpline
70
4
71
3
72
8
73
4
74
0
42
0.000000001
43
0.0000000001
44
0.0000000001
40
0
40
0
40
0
40
0
40
1
40
1
40
1
40
1
41
1
41
1
41
1
41
1
10
30.198586124174724
20
-16.829924134369531
30
0
10
30.198586124174724
20
-16.5653408010362
30
0
10
30.436711124174725
20
-16.406590801036206
30
0
10
30.860044457508053
20
-16.406590801036206
30
0
0
SPLINE
5
629
100
AcDbEntity
8
0
100
AcDbSpline
70
4
71
3
72
8
73
4
74
0
42
0.000000001
43
0.0000000001
44
0.0000000001
40
0
40
0
40
0
40
0
40
1
40
1
40
1
40
1
41
1
41
1
41
1
41
1
10
30.860044457508053
20
-16.406590801036206
30
0
10
31.230461124174724
20
-16.406590801036206
30
0
10
31.521502790841389
20
-16.538882467702869
30
0
10
31.521502790841389
20
-16.697632467702867
30
0
0
SPLINE
5
630
100
AcDbEntity
8
0
100
AcDbSpline
70
4
71
3
72
8
73
4
74
0
42
0.000000001
43
0.0000000001
44
0.0000000001
40
0
40
0
40
0
40
0
40
1
40
1
40
1
40
1
41
1
41
1
41
1
41
1
10
31.521502790841389
20
-16.697632467702867
30
0
10
31.521502790841389
20
-16.829924134369531
30
0
10
31.653794457508056
20
-16.882840801036195
30
0
10
31.786086124174719
20
-16.803465801036207
30
0
0
SPLINE
5
631
100
AcDbEntity
8
0
100
AcDbSpline
70
4
71
3
72
8
73
4
74
0
42
0.000000001
43
0.0000000001
44
0.0000000001
40
0
40
0
40
0
40
0
40
1
40
1
40
1
40
1
41
1
41
1
41
1
41
1
10
31.786086124174719
20
-16.803465801036207
30
0
10
31.944836124174731
20
-16.724090801036201
30
0
10
31.971294457508066
20
-16.327215801036203
30
0
10
31.89191945750806
20
-15.956799134369529
30
0
0
SPLINE
5
632
100
AcDbEntity
8
0
100
AcDbSpline
70
4
71
3
72
8
73
4
74
0
42
0.000000001
43
0.0000000001
44
0.0000000001
40
0
40
0
40
0
40
0
40
1
40
1
40
1
40
1
41
1
41
1
41
1
41
1
10
31.89191945750806
20
-15.956799134369529
30
0
10
31.786086124174719
20
-15.533465801036201
30
0
10
31.839002790841391
20
-15.215965801036209
30
0
10
32.05066945750805
20
-15.083674134369538
30
0
0
SPLINE
5
633
100
AcDbEntity
8
0
100
AcDbSpline
70
4
71
3
72
8
73
4
74
0
42
0.000000001
43
0.0000000001
44
0.0000000001
40
0
40
0
40
0
40
0
40
1
40
1
40
1
40
1
41
1
41
1
41
1
41
1
10
32.05066945750805
20
-15.083674134369538
30
0
10
32.553377790841395
20
-14.766174134369528
30
0
10
33.109002790841387
20
-15.0572158010362
30
0
10
33.109002790841387
20
-15.612840801036207
30
0
0
SPLINE
5
634
100
AcDbEntity
8
0
100
AcDbSpline
70
4
71
3
72
8
73
4
74
0
42
0.000000001
43
0.0000000001
44
0.0000000001
40
0
40
0
40
0
40
0
40
1
40
1
40
1
40
1
41
1
41
1
41
1
41
1
10
34.458377790841396
20
-15.533465801036201
30
0
10
34.775877790841392
20
-15.956799134369529
30
0
10
34.775877790841392
20
-15.98325746770287
30
0
10
34.405461124174721
20
-15.692215801036195
30
0
0
SPLINE
5
635
100
AcDbEntity
8
0
100
AcDbSpline
70
4
71
3
72
8
73
4
74
0
42
0.000000001
43
0.0000000001
44
0.0000000001
40
0
40
0
40
0
40
0
40
1
40
1
40
1
40
1
41
1
41
1
41
1
41
1
10
34.405461124174721
20
-15.692215801036195
30
0
10
34.167336124174724
20
-15.507007467702865
30
0
10
33.876294457508052
20
-15.4540908010362
30
0
10
33.770461124174716
20
-15.559924134369529
30
0
0
SPLINE
5
636
100
AcDbEntity
8
0
100
AcDbSpline
70
4
71
3
72
8
73
4
74
0
42
0.000000001
43
0.0000000001
44
0.0000000001
40
0
40
0
40
0
40
0
40
1
40
1
40
1
40
1
41
1
41
1
41
1
41
1
10
33.770461124174716
20
-15.559924134369529
30
0
10
33.638169457508056
20
-15.665757467702871
30
0
10
33.638169457508056
20
-15.586382467702865
30
0
10
33.744002790841392
20
-15.401174134369535
30
0
0
SPLINE
5
637
100
AcDbEntity
8
0
100
AcDbSpline
70
4
71
3
72
8
73
4
74
0
42
0.000000001
43
0.0000000001
44
0.0000000001
40
0
40
0
40
0
40
0
40
1
40
1
40
1
40
1
41
1
41
1
41
1
41
1
10
33.744002790841392
20
-15.401174134369535
30
0
10
33.982127790841396
20
-14.977840801036194
30
0
10
34.035044457508057
20
-15.004299134369536
30
0
10
34.458377790841396
20
-15.533465801036201
30
0
0
SPLINE
5
638
100
AcDbEntity
8
0
100
AcDbSpline
70
4
71
3
72
8
73
4
74
0
42
0.000000001
43
0.0000000001
44
0.0000000001
40
0
40
0
40
0
40
0
40
1
40
1
40
1
40
1
41
1
41
1
41
1
41
1
10
37.897961124174728
20
-15.427632467702864
30
0
10
37.871502790841383
20
-15.745132467702874
30
0
10
37.501086124174734
20
-15.665757467702871
30
0
10
37.395252790841397
20
-15.321799134369535
30
0
0
SPLINE
5
639
100
AcDbEntity
8
0
100
AcDbSpline
70
4
71
3
72
8
73
4
74
0
42
0.000000001
43
0.0000000001
44
0.0000000001
40
0
40
0
40
0
40
0
40
1
40
1
40
1
40
1
41
1
41
1
41
1
41
1
10
37.395252790841397
20
-15.321799134369535
30
0
10
37.315877790841384
20
-15.163049134369526
30
0
10
37.421711124174728
20
-15.0572158010362
30
0
10
37.606919457508056
20
-15.110132467702865
30
0
0
SPLINE
5
640
100
AcDbEntity
8
0
100
AcDbSpline
70
4
71
3
72
8
73
4
74
0
42
0.000000001
43
0.0000000001
44
0.0000000001
40
0
40
0
40
0
40
0
40
1
40
1
40
1
40
1
41
1
41
1
41
1
41
1
10
37.606919457508056
20
-15.110132467702865
30
0
10
37.765669457508068
20
-15.189507467702867
30
0
10
37.897961124174728
20
-15.321799134369535
30
0
10
37.897961124174728
20
-15.427632467702864
30
0
0
SPLINE
5
641
100
AcDbEntity
8
0
100
AcDbSpline
70
4
71
3
72
8
73
4
74
0
42
0.000000001
43
0.0000000001
44
0.0000000001
40
0
40
0
40
0
40
0
40
1
40
1
40
1
40
1
41
1
41
1
41
1
41
1
10
46.867336124174727
20
-15.348257467702876
30
0
10
46.867336124174727
20
-15.480549134369541
30
0
10
46.682127790841392
20
-15.612840801036207
30
0
10
46.470461124174719
20
-15.612840801036207
30
0
0
SPLINE
5
642
100
AcDbEntity
8
0
100
AcDbSpline
70
4
71
3
72
8
73
4
74
0
42
0.000000001
43
0.0000000001
44
0.0000000001
40
0
40
0
40
0
40
0
40
1
40
1
40
1
40
1
41
1
41
1
41
1
41
1
10
46.470461124174719
20
-15.612840801036207
30
0
10
46.25879445750806
20
-15.612840801036207
30
0
10
46.073586124174724
20
-15.480549134369541
30
0
10
46.073586124174724
20
-15.348257467702876
30
0
0
SPLINE
5
643
100
AcDbEntity
8
0
100
AcDbSpline
70
4
71
3
72
8
73
4
74
0
42
0.000000001
43
0.0000000001
44
0.0000000001
40
0
40
0
40
0
40
0
40
1
40
1
40
1
40
1
41
1
41
1
41
1
41
1
10
46.073586124174724
20
-15.348257467702876
30
0
10
46.073586124174724
20
-15.189507467702867
30
0
10
46.25879445750806
20
-15.083674134369538
30
0
10
46.470461124174719
20
-15.083674134369538
30
0
0
SPLINE
5
644
100
AcDbEntity
8
0
100
AcDbSpline
70
4
71
3
72
8
73
4
74
0
42
0.000000001
43
0.0000000001
44
0.0000000001
40
0
40
0
40
0
40
0
40
1
40
1
40
1
40
1
41
1
41
1
41
1
41
1
10
46.470461124174719
20
-15.083674134369538
30
0
10
46.682127790841392
20
-15.083674134369538
30
0
10
46.867336124174727
20
-15.189507467702867
30
0
10
46.867336124174727
20
-15.348257467702876
30
0
0
SPLINE
5
645
100
AcDbEntity
8
0
100
AcDbSpline
70
4
71
3
72
8
73
4
74
0
42
0.000000001
43
0.0000000001
44
0.0000000001
40
0
40
0
40
0
40
0
40
1
40
1
40
1
40
1
41
1
41
1
41
1
41
1
10
26.970669457508059
20
-16.142007467702872
30
0
10
27.314627790841392
20
-16.882840801036195
30
0
10
27.235252790841393
20
-17.464924134369539
30
0
10
26.785461124174724
20
-17.464924134369539
30
0
0
SPLINE
5
646
100
AcDbEntity
8
0
100
AcDbSpline
70
4
71
3
72
8
73
4
74
0
42
0.000000001
43
0.0000000001
44
0.0000000001
40
0
40
0
40
0
40
0
40
1
40
1
40
1
40
1
41
1
41
1
41
1
41
1
10
26.785461124174724
20
-17.464924134369539
30
0
10
26.626711124174722
20
-17.464924134369539
30
0
10
25.965252790841387
20
-15.956799134369529
30
0
10
25.965252790841387
20
-15.533465801036201
30
0
0
SPLINE
5
647
100
AcDbEntity
8
0
100
AcDbSpline
70
4
71
3
72
8
73
4
74
0
42
0.000000001
43
0.0000000001
44
0.0000000001
40
0
40
0
40
0
40
0
40
1
40
1
40
1
40
1
41
1
41
1
41
1
41
1
10
25.965252790841387
20
-15.533465801036201
30
0
10
25.965252790841387
20
-15.030757467702859
30
0
10
26.679627790841394
20
-15.4540908010362
30
0
10
26.970669457508059
20
-16.142007467702872
30
0
0
SPLINE
5
648
100
AcDbEntity
8
0
100
AcDbSpline
70
4
71
3
72
8
73
4
74
0
42
0.000000001
43
0.0000000001
44
0.0000000001
40
0
40
0
40
0
40
0
40
1
40
1
40
1
40
1
41
1
41
1
41
1
41
1
10
39.98816945750805
20
-15.586382467702865
30
0
10
39.98816945750805
20
-15.718674134369532
30
0
10
39.538377790841395
20
-15.98325746770287
30
0
10
39.009211124174726
20
-16.168465801036195
30
0
0
SPLINE
5
649
100
AcDbEntity
8
0
100
AcDbSpline
70
4
71
3
72
8
73
4
74
0
42
0.000000001
43
0.0000000001
44
0.0000000001
40
0
40
0
40
0
40
0
40
1
40
1
40
1
40
1
41
1
41
1
41
1
41
1
10
39.009211124174726
20
-16.168465801036195
30
0
10
38.45358612417472
20
-16.327215801036203
30
0
10
37.84504445750806
20
-16.644715801036199
30
0
10
37.659836124174724
20
-16.856382467702868
30
0
0
SPLINE
5
650
100
AcDbEntity
8
0
100
AcDbSpline
70
4
71
3
72
8
73
4
74
0
42
0.000000001
43
0.0000000001
44
0.0000000001
40
0
40
0
40
0
40
0
40
1
40
1
40
1
40
1
41
1
41
1
41
1
41
1
10
37.659836124174724
20
-16.856382467702868
30
0
10
37.262961124174723
20
-17.226799134369529
30
0
10
36.813169457508053
20
-17.306174134369531
30
0
10
36.813169457508053
20
-16.988674134369539
30
0
0
SPLINE
5
651
100
AcDbEntity
8
0
100
AcDbSpline
70
4
71
3
72
8
73
4
74
0
42
0.000000001
43
0.0000000001
44
0.0000000001
40
0
40
0
40
0
40
0
40
1
40
1
40
1
40
1
41
1
41
1
41
1
41
1
10
36.813169457508053
20
-16.988674134369539
30
0
10
36.813169457508053
20
-16.803465801036207
30
0
10
38.665252790841393
20
-15.771590801036197
30
0
10
39.459002790841389
20
-15.507007467702865
30
0
0
SPLINE
5
652
100
AcDbEntity
8
0
100
AcDbSpline
70
4
71
3
72
8
73
4
74
0
42
0.000000001
43
0.0000000001
44
0.0000000001
40
0
40
0
40
0
40
0
40
1
40
1
40
1
40
1
41
1
41
1
41
1
41
1
10
39.459002790841389
20
-15.507007467702865
30
0
10
39.670669457508055
20
-15.4540908010362
30
0
10
39.882336124174735
20
-15.374715801036199
30
0
10
39.935252790841389
20
-15.374715801036199
30
0
0
SPLINE
5
653
100
AcDbEntity
8
0
100
AcDbSpline
70
4
71
3
72
8
73
4
74
0
42
0.000000001
43
0.0000000001
44
0.0000000001
40
0
40
0
40
0
40
0
40
1
40
1
40
1
40
1
41
1
41
1
41
1
41
1
10
39.935252790841389
20
-15.374715801036199
30
0
10
39.96171112417472
20
-15.348257467702876
30
0
10
39.98816945750805
20
-15.4540908010362
30
0
10
39.98816945750805
20
-15.586382467702865
30
0
0
SPLINE
5
654
100
AcDbEntity
8
0
100
AcDbSpline
70
4
71
3
72
8
73
4
74
0
42
0.000000001
43
0.0000000001
44
0.0000000001
40
0
40
0
40
0
40
0
40
1
40
1
40
1
40
1
41
1
41
1
41
1
41
1
10
37.104211124174725
20
-16.22138246770286
30
0
10
36.760252790841392
20
-16.5653408010362
30
0
10
36.416294457508052
20
-16.300757467702862
30
0
10
36.680877790841393
20
-15.903882467702864
30
0
0
SPLINE
5
655
100
AcDbEntity
8
0
100
AcDbSpline
70
4
71
3
72
8
73
4
74
0
42
0.000000001
43
0.0000000001
44
0.0000000001
40
0
40
0
40
0
40
0
40
1
40
1
40
1
40
1
41
1
41
1
41
1
41
1
10
36.680877790841393
20
-15.903882467702864
30
0
10
36.760252790841392
20
-15.745132467702874
30
0
10
36.971919457508058
20
-15.692215801036195
30
0
10
37.130669457508063
20
-15.771590801036197
30
0
0
SPLINE
5
656
100
AcDbEntity
8
0
100
AcDbSpline
70
4
71
3
72
8
73
4
74
0
42
0.000000001
43
0.0000000001
44
0.0000000001
40
0
40
0
40
0
40
0
40
1
40
1
40
1
40
1
41
1
41
1
41
1
41
1
10
37.130669457508063
20
-15.771590801036197
30
0
10
37.289419457508053
20
-15.877424134369541
30
0
10
37.289419457508053
20
-16.036174134369531
30
0
10
37.104211124174725
20
-16.22138246770286
30
0
0
SPLINE
5
657
100
AcDbEntity
8
0
100
AcDbSpline
70
4
71
3
72
8
73
4
74
0
42
0.000000001
43
0.0000000001
44
0.0000000001
40
0
40
0
40
0
40
0
40
1
40
1
40
1
40
1
41
1
41
1
41
1
41
1
10
40.91421112417472
20
-17.253257467702873
30
0
10
40.993586124174726
20
-17.888257467702864
30
0
10
41.152336124174724
20
-18.76138246770287
30
0
10
41.23171112417473
20
-19.211174134369532
30
0
0
LINE
5
658
100
AcDbEntity
8
0
100
AcDbLine
10
41.23171112417473
20
-19.211174134369532
30
0
11
41.364002790841397
21
-20.031382467702873
31
0
0
LINE
5
659
100
AcDbEntity
8
0
100
AcDbLine
10
41.364002790841397
20
-20.031382467702873
30
0
11
40.094002790841387
21
-19.713882467702874
31
0
0
SPLINE
5
660
100
AcDbEntity
8
0
100
AcDbSpline
70
4
71
3
72
8
73
4
74
0
42
0.000000001
43
0.0000000001
44
0.0000000001
40
0
40
0
40
0
40
0
40
1
40
1
40
1
40
1
41
1
41
1
41
1
41
1
10
40.094002790841394
20
-19.713882467702874
30
0
10
38.691711124174731
20
-19.369924134369537
30
0
10
37.104211124174725
20
-19.581590801036207
30
0
10
36.178169457508062
20
-20.295965801036203
30
0
0
SPLINE
5
661
100
AcDbEntity
8
0
100
AcDbSpline
70
4
71
3
72
8
73
4
74
0
42
0.000000001
43
0.0000000001
44
0.0000000001
40
0
40
0
40
0
40
0
40
1
40
1
40
1
40
1
41
1
41
1
41
1
41
1
10
36.178169457508062
20
-20.295965801036203
30
0
10
35.649002790841394
20
-20.666382467702867
30
0
10
35.649002790841394
20
-20.692840801036205
30
0
10
36.151711124174717
20
-20.507632467702873
30
0
0
SPLINE
5
662
100
AcDbEntity
8
0
100
AcDbSpline
70
4
71
3
72
8
73
4
74
0
42
0.000000001
43
0.0000000001
44
0.0000000001
40
0
40
0
40
0
40
0
40
1
40
1
40
1
40
1
41
1
41
1
41
1
41
1
10
36.151711124174717
20
-20.507632467702873
30
0
10
36.442752790841396
20
-20.401799134369533
30
0
10
37.448169457508058
20
-20.269507467702862
30
0
10
38.400669457508059
20
-20.190132467702874
30
0
0
SPLINE
5
663
100
AcDbEntity
8
0
100
AcDbSpline
70
4
71
3
72
8
73
4
74
0
42
0.000000001
43
0.0000000001
44
0.0000000001
40
0
40
0
40
0
40
0
40
1
40
1
40
1
40
1
41
1
41
1
41
1
41
1
10
38.400669457508059
20
-20.190132467702874
30
0
10
39.750044457508061
20
-20.084299134369537
30
0
10
40.226294457508054
20
-20.163674134369536
30
0
10
40.649627790841393
20
-20.507632467702873
30
0
0
SPLINE
5
664
100
AcDbEntity
8
0
100
AcDbSpline
70
4
71
3
72
8
73
4
74
0
42
0.000000001
43
0.0000000001
44
0.0000000001
40
0
40
0
40
0
40
0
40
1
40
1
40
1
40
1
41
1
41
1
41
1
41
1
10
40.649627790841393
20
-20.507632467702873
30
0
10
41.178794457508054
20
-20.930965801036198
30
0
10
41.152336124174724
20
-20.930965801036198
30
0
10
40.517336124174719
20
-20.772215801036211
30
0
0
SPLINE
5
665
100
AcDbEntity
8
0
100
AcDbSpline
70
4
71
3
72
8
73
4
74
0
42
0.000000001
43
0.0000000001
44
0.0000000001
40
0
40
0
40
0
40
0
40
1
40
1
40
1
40
1
41
1
41
1
41
1
41
1
10
40.517336124174719
20
-20.772215801036211
30
0
10
38.744627790841392
20
-20.269507467702862
30
0
10
37.950877790841389
20
-20.322424134369545
30
0
10
37.368794457508059
20
-20.930965801036198
30
0
0
SPLINE
5
666
100
AcDbEntity
8
0
100
AcDbSpline
70
4
71
3
72
8
73
4
74
0
42
0.000000001
43
0.0000000001
44
0.0000000001
40
0
40
0
40
0
40
0
40
1
40
1
40
1
40
1
41
1
41
1
41
1
41
1
10
37.368794457508059
20
-20.930965801036198
30
0
10
36.892544457508059
20
-21.433674134369539
30
0
10
36.522127790841388
20
-22.333257467702868
30
0
10
36.971919457508058
20
-21.883465801036202
30
0
0
SPLINE
5
667
100
AcDbEntity
8
0
100
AcDbSpline
70
4
71
3
72
8
73
4
74
0
42
0.000000001
43
0.0000000001
44
0.0000000001
40
0
40
0
40
0
40
0
40
1
40
1
40
1
40
1
41
1
41
1
41
1
41
1
10
36.971919457508058
20
-21.883465801036202
30
0
10
37.051294457508057
20
-21.804090801036203
30
0
10
37.686294457508055
20
-21.93638246770287
30
0
10
38.374211124174728
20
-22.200965801036201
30
0
0
SPLINE
5
668
100
AcDbEntity
8
0
100
AcDbSpline
70
4
71
3
72
8
73
4
74
0
42
0.000000001
43
0.0000000001
44
0.0000000001
40
0
40
0
40
0
40
0
40
1
40
1
40
1
40
1
41
1
41
1
41
1
41
1
10
38.374211124174728
20
-22.200965801036201
30
0
10
39.115044457508063
20
-22.492007467702877
30
0
10
39.802961124174729
20
-22.597840801036199
30
0
10
40.120461124174724
20
-22.492007467702877
30
0
0
SPLINE
5
669
100
AcDbEntity
8
0
100
AcDbSpline
70
4
71
3
72
8
73
4
74
0
42
0.000000001
43
0.0000000001
44
0.0000000001
40
0
40
0
40
0
40
0
40
1
40
1
40
1
40
1
41
1
41
1
41
1
41
1
10
40.120461124174724
20
-22.492007467702877
30
0
10
40.411502790841396
20
-22.386174134369533
30
0
10
40.75546112417473
20
-22.359715801036209
30
0
10
40.861294457508059
20
-22.412632467702874
30
0
0
SPLINE
5
670
100
AcDbEntity
8
0
100
AcDbSpline
70
4
71
3
72
8
73
4
74
0
42
0.000000001
43
0.0000000001
44
0.0000000001
40
0
40
0
40
0
40
0
40
1
40
1
40
1
40
1
41
1
41
1
41
1
41
1
10
40.861294457508059
20
-22.412632467702874
30
0
10
40.967127790841396
20
-22.492007467702877
30
0
10
40.993586124174726
20
-22.227424134369542
30
0
10
40.88775279084139
20
-21.857007467702868
30
0
0
SPLINE
5
671
100
AcDbEntity
8
0
100
AcDbSpline
70
4
71
3
72
8
73
4
74
0
42
0.000000001
43
0.0000000001
44
0.0000000001
40
0
40
0
40
0
40
0
40
1
40
1
40
1
40
1
41
1
41
1
41
1
41
1
10
40.88775279084139
20
-21.857007467702868
30
0
10
40.570252790841394
20
-20.507632467702873
30
0
10
41.205252790841399
20
-21.195549134369532
30
0
10
41.655044457508062
20
-22.677215801036205
30
0
0
SPLINE
5
672
100
AcDbEntity
8
0
100
AcDbSpline
70
4
71
3
72
8
73
4
74
0
42
0.000000001
43
0.0000000001
44
0.0000000001
40
0
40
0
40
0
40
0
40
1
40
1
40
1
40
1
41
1
41
1
41
1
41
1
10
41.655044457508062
20
-22.677215801036205
30
0
10
42.131294457508062
20
-24.185340801036205
30
0
10
42.078377790841387
20
-24.370549134369529
30
0
10
41.205252790841399
20
-24.688049134369546
30
0
0
SPLINE
5
673
100
AcDbEntity
8
0
100
AcDbSpline
70
4
71
3
72
8
73
4
74
0
42
0.000000001
43
0.0000000001
44
0.0000000001
40
0
40
0
40
0
40
0
40
1
40
1
40
1
40
1
41
1
41
1
41
1
41
1
10
41.205252790841399
20
-24.688049134369546
30
0
10
40.834836124174728
20
-24.82034080103621
30
0
10
41.23171112417473
20
-25.640549134369536
30
0
10
41.734419457508061
20
-25.852215801036206
30
0
0
SPLINE
5
674
100
AcDbEntity
8
0
100
AcDbSpline
70
4
71
3
72
8
73
4
74
0
42
0.000000001
43
0.0000000001
44
0.0000000001
40
0
40
0
40
0
40
0
40
1
40
1
40
1
40
1
41
1
41
1
41
1
41
1
10
41.734419457508061
20
-25.852215801036206
30
0
10
41.97254445750805
20
-25.931590801036208
30
0
10
42.263586124174722
20
-25.852215801036206
30
0
10
42.369419457508059
20
-25.667007467702874
30
0
0
SPLINE
5
675
100
AcDbEntity
8
0
100
AcDbSpline
70
4
71
3
72
8
73
4
74
0
42
0.000000001
43
0.0000000001
44
0.0000000001
40
0
40
0
40
0
40
0
40
1
40
1
40
1
40
1
41
1
41
1
41
1
41
1
10
42.369419457508059
20
-25.667007467702874
30
0
10
42.554627790841394
20
-25.375965801036202
30
0
10
42.660461124174731
20
-25.375965801036202
30
0
10
43.004419457508057
20
-25.640549134369536
30
0
0
SPLINE
5
676
100
AcDbEntity
8
0
100
AcDbSpline
70
4
71
3
72
8
73
4
74
0
42
0.000000001
43
0.0000000001
44
0.0000000001
40
0
40
0
40
0
40
0
40
1
40
1
40
1
40
1
41
1
41
1
41
1
41
1
10
43.004419457508057
20
-25.640549134369536
30
0
10
43.533586124174725
20
-26.090340801036199
30
0
10
43.560044457508056
20
-27.360340801036202
30
0
10
43.030877790841387
20
-27.783674134369541
30
0
0
SPLINE
5
677
100
AcDbEntity
8
0
100
AcDbSpline
70
4
71
3
72
8
73
4
74
0
42
0.000000001
43
0.0000000001
44
0.0000000001
40
0
40
0
40
0
40
0
40
1
40
1
40
1
40
1
41
1
41
1
41
1
41
1
10
43.030877790841387
20
-27.783674134369541
30
0
10
42.395877790841396
20
-28.312840801036209
30
0
10
38.90337779084139
20
-28.365757467702871
30
0
10
38.347752790841398
20
-27.863049134369543
30
0
0
SPLINE
5
678
100
AcDbEntity
8
0
100
AcDbSpline
70
4
71
3
72
8
73
4
74
0
42
0.000000001
43
0.0000000001
44
0.0000000001
40
0
40
0
40
0
40
0
40
1
40
1
40
1
40
1
41
1
41
1
41
1
41
1
10
38.347752790841398
20
-27.863049134369543
30
0
10
38.056711124174726
20
-27.598465801036212
30
0
10
37.871502790841383
20
-27.572007467702871
30
0
10
37.871502790841383
20
-27.73075746770288
30
0
0
SPLINE
5
679
100
AcDbEntity
8
0
100
AcDbSpline
70
4
71
3
72
8
73
4
74
0
42
0.000000001
43
0.0000000001
44
0.0000000001
40
0
40
0
40
0
40
0
40
1
40
1
40
1
40
1
41
1
41
1
41
1
41
1
10
37.871502790841383
20
-27.73075746770288
30
0
10
37.871502790841383
20
-28.286382467702872
30
0
10
39.564836124174725
20
-28.9478408010362
30
0
10
41.311086124174722
20
-29.106590801036209
30
0
0
SPLINE
5
680
100
AcDbEntity
8
0
100
AcDbSpline
70
4
71
3
72
8
73
4
74
0
42
0.000000001
43
0.0000000001
44
0.0000000001
40
0
40
0
40
0
40
0
40
1
40
1
40
1
40
1
41
1
41
1
41
1
41
1
10
41.311086124174722
20
-29.106590801036209
30
0
10
42.845669457508052
20
-29.238882467702876
30
0
10
42.951502790841396
20
-29.291799134369541
30
0
10
42.369419457508059
20
-29.556382467702875
30
0
0
SPLINE
5
681
100
AcDbEntity
8
0
100
AcDbSpline
70
4
71
3
72
8
73
4
74
0
42
0.000000001
43
0.0000000001
44
0.0000000001
40
0
40
0
40
0
40
0
40
1
40
1
40
1
40
1
41
1
41
1
41
1
41
1
10
42.369419457508059
20
-29.556382467702875
30
0
10
41.946086124174727
20
-29.741590801036203
30
0
10
41.655044457508062
20
-29.741590801036203
30
0
10
41.549211124174725
20
-29.582840801036209
30
0
0
SPLINE
5
682
100
AcDbEntity
8
0
100
AcDbSpline
70
4
71
3
72
8
73
4
74
0
42
0.000000001
43
0.0000000001
44
0.0000000001
40
0
40
0
40
0
40
0
40
1
40
1
40
1
40
1
41
1
41
1
41
1
41
1
10
41.549211124174725
20
-29.582840801036209
30
0
10
41.443377790841389
20
-29.397632467702866
30
0
10
41.311086124174722
20
-29.397632467702866
30
0
10
41.205252790841399
20
-29.582840801036209
30
0
0
SPLINE
5
683
100
AcDbEntity
8
0
100
AcDbSpline
70
4
71
3
72
8
73
4
74
0
42
0.000000001
43
0.0000000001
44
0.0000000001
40
0
40
0
40
0
40
0
40
1
40
1
40
1
40
1
41
1
41
1
41
1
41
1
10
41.205252790841399
20
-29.582840801036209
30
0
10
41.020044457508064
20
-29.900340801036208
30
0
10
39.723586124174723
20
-29.926799134369535
30
0
10
39.723586124174723
20
-29.609299134369536
30
0
0
SPLINE
5
684
100
AcDbEntity
8
0
100
AcDbSpline
70
4
71
3
72
8
73
4
74
0
42
0.000000001
43
0.0000000001
44
0.0000000001
40
0
40
0
40
0
40
0
40
1
40
1
40
1
40
1
41
1
41
1
41
1
41
1
10
39.723586124174723
20
-29.609299134369536
30
0
10
39.723586124174723
20
-29.477007467702869
30
0
10
39.300252790841398
20
-29.424090801036208
30
0
10
38.797544457508053
20
-29.503465801036207
30
0
0
SPLINE
5
685
100
AcDbEntity
8
0
100
AcDbSpline
70
4
71
3
72
8
73
4
74
0
42
0.000000001
43
0.0000000001
44
0.0000000001
40
0
40
0
40
0
40
0
40
1
40
1
40
1
40
1
41
1
41
1
41
1
41
1
10
38.797544457508053
20
-29.503465801036207
30
0
10
38.268377790841384
20
-29.556382467702875
30
0
10
37.924419457508058
20
-29.503465801036207
30
0
10
38.003794457508057
20
-29.397632467702866
30
0
0
SPLINE
5
686
100
AcDbEntity
8
0
100
AcDbSpline
70
4
71
3
72
8
73
4
74
0
42
0.000000001
43
0.0000000001
44
0.0000000001
40
0
40
0
40
0
40
0
40
1
40
1
40
1
40
1
41
1
41
1
41
1
41
1
10
38.003794457508057
20
-29.397632467702866
30
0
10
38.056711124174726
20
-29.265340801036199
30
0
10
37.84504445750806
20
-29.080132467702867
30
0
10
37.474627790841389
20
-29.000757467702869
30
0
0
SPLINE
5
687
100
AcDbEntity
8
0
100
AcDbSpline
70
4
71
3
72
8
73
4
74
0
42
0.000000001
43
0.0000000001
44
0.0000000001
40
0
40
0
40
0
40
0
40
1
40
1
40
1
40
1
41
1
41
1
41
1
41
1
10
37.474627790841389
20
-29.000757467702869
30
0
10
37.051294457508057
20
-28.894924134369539
30
0
10
36.813169457508053
20
-28.656799134369546
30
0
10
36.813169457508053
20
-28.312840801036209
30
0
0
SPLINE
5
688
100
AcDbEntity
8
0
100
AcDbSpline
70
4
71
3
72
8
73
4
74
0
42
0.000000001
43
0.0000000001
44
0.0000000001
40
0
40
0
40
0
40
0
40
1
40
1
40
1
40
1
41
1
41
1
41
1
41
1
10
36.813169457508053
20
-28.312840801036209
30
0
10
36.813169457508053
20
-28.048257467702875
30
0
10
36.575044457508064
20
-27.73075746770288
30
0
10
36.284002790841392
20
-27.651382467702877
30
0
0
SPLINE
5
689
100
AcDbEntity
8
0
100
AcDbSpline
70
4
71
3
72
8
73
4
74
0
42
0.000000001
43
0.0000000001
44
0.0000000001
40
0
40
0
40
0
40
0
40
1
40
1
40
1
40
1
41
1
41
1
41
1
41
1
10
36.284002790841392
20
-27.651382467702877
30
0
10
35.992961124174727
20
-27.545549134369534
30
0
10
35.807752790841391
20
-27.360340801036202
30
0
10
35.88712779084139
20
-27.228049134369535
30
0
0
SPLINE
5
690
100
AcDbEntity
8
0
100
AcDbSpline
70
4
71
3
72
8
73
4
74
0
42
0.000000001
43
0.0000000001
44
0.0000000001
40
0
40
0
40
0
40
0
40
1
40
1
40
1
40
1
41
1
41
1
41
1
41
1
10
35.88712779084139
20
-27.228049134369535
30
0
10
35.992961124174727
20
-27.095757467702871
30
0
10
35.913586124174728
20
-26.989924134369542
30
0
10
35.781294457508054
20
-26.989924134369542
30
0
0
SPLINE
5
691
100
AcDbEntity
8
0
100
AcDbSpline
70
4
71
3
72
8
73
4
74
0
42
0.000000001
43
0.0000000001
44
0.0000000001
40
0
40
0
40
0
40
0
40
1
40
1
40
1
40
1
41
1
41
1
41
1
41
1
10
35.781294457508054
20
-26.989924134369542
30
0
10
35.622544457508056
20
-26.989924134369542
30
0
10
35.516711124174726
20
-26.910549134369539
30
0
10
35.516711124174726
20
-26.778257467702872
30
0
0
SPLINE
5
692
100
AcDbEntity
8
0
100
AcDbSpline
70
4
71
3
72
8
73
4
74
0
42
0.000000001
43
0.0000000001
44
0.0000000001
40
0
40
0
40
0
40
0
40
1
40
1
40
1
40
1
41
1
41
1
41
1
41
1
10
35.516711124174726
20
-26.778257467702872
30
0
10
35.596086124174718
20
-26.249090801036203
30
0
10
35.463794457508058
20
-25.90513246770287
30
0
10
35.225669457508062
20
-26.063882467702875
30
0
0
SPLINE
5
693
100
AcDbEntity
8
0
100
AcDbSpline
70
4
71
3
72
8
73
4
74
0
42
0.000000001
43
0.0000000001
44
0.0000000001
40
0
40
0
40
0
40
0
40
1
40
1
40
1
40
1
41
1
41
1
41
1
41
1
10
35.225669457508062
20
-26.063882467702875
30
0
10
34.881711124174728
20
-26.275549134369545
30
0
10
35.014002790841388
20
-25.587632467702871
30
0
10
35.357961124174722
20
-25.349507467702878
30
0
0
SPLINE
5
694
100
AcDbEntity
8
0
100
AcDbSpline
70
4
71
3
72
8
73
4
74
0
42
0.000000001
43
0.0000000001
44
0.0000000001
40
0
40
0
40
0
40
0
40
1
40
1
40
1
40
1
41
1
41
1
41
1
41
1
10
35.357961124174722
20
-25.349507467702878
30
0
10
35.516711124174726
20
-25.243674134369535
30
0
10
35.410877790841397
20
-25.137840801036209
30
0
10
35.119836124174732
20
-25.137840801036209
30
0
0
SPLINE
5
695
100
AcDbEntity
8
0
100
AcDbSpline
70
4
71
3
72
8
73
4
74
0
42
0.000000001
43
0.0000000001
44
0.0000000001
40
0
40
0
40
0
40
0
40
1
40
1
40
1
40
1
41
1
41
1
41
1
41
1
10
35.119836124174732
20
-25.137840801036209
30
0
10
34.696502790841386
20
-25.137840801036209
30
0
10
34.670044457508055
20
-25.084924134369544
30
0
10
34.987544457508058
20
-24.688049134369546
30
0
0
SPLINE
5
696
100
AcDbEntity
8
0
100
AcDbSpline
70
4
71
3
72
8
73
4
74
0
42
0.000000001
43
0.0000000001
44
0.0000000001
40
0
40
0
40
0
40
0
40
1
40
1
40
1
40
1
41
1
41
1
41
1
41
1
10
34.987544457508058
20
-24.688049134369546
30
0
10
35.30504445750806
20
-24.291174134369541
30
0
10
35.30504445750806
20
-24.264715801036203
30
0
10
34.908169457508066
20
-24.423465801036212
30
0
0
SPLINE
5
697
100
AcDbEntity
8
0
100
AcDbSpline
70
4
71
3
72
8
73
4
74
0
42
0.000000001
43
0.0000000001
44
0.0000000001
40
0
40
0
40
0
40
0
40
1
40
1
40
1
40
1
41
1
41
1
41
1
41
1
10
34.908169457508066
20
-24.423465801036212
30
0
10
34.37900279084139
20
-24.60867413436954
30
0
10
34.246711124174723
20
-24.211799134369542
30
0
10
34.722961124174731
20
-23.920757467702867
30
0
0
SPLINE
5
698
100
AcDbEntity
8
0
100
AcDbSpline
70
4
71
3
72
8
73
4
74
0
42
0.000000001
43
0.0000000001
44
0.0000000001
40
0
40
0
40
0
40
0
40
1
40
1
40
1
40
1
41
1
41
1
41
1
41
1
10
34.722961124174731
20
-23.920757467702867
30
0
10
34.93462779084139
20
-23.7884658010362
30
0
10
34.881711124174728
20
-23.656174134369536
30
0
10
34.590669457508064
20
-23.497424134369545
30
0
0
SPLINE
5
699
100
AcDbEntity
8
0
100
AcDbSpline
70
4
71
3
72
8
73
4
74
0
42
0.000000001
43
0.0000000001
44
0.0000000001
40
0
40
0
40
0
40
0
40
1
40
1
40
1
40
1
41
1
41
1
41
1
41
1
10
34.590669457508064
20
-23.497424134369545
30
0
10
34.299627790841392
20
-23.338674134369537
30
0
10
34.220252790841393
20
-23.127007467702867
30
0
10
34.405461124174721
20
-22.809507467702872
30
0
0
SPLINE
5
700
100
AcDbEntity
8
0
100
AcDbSpline
70
4
71
3
72
8
73
4
74
0
42
0.000000001
43
0.0000000001
44
0.0000000001
40
0
40
0
40
0
40
0
40
1
40
1
40
1
40
1
41
1
41
1
41
1
41
1
10
34.405461124174721
20
-22.809507467702872
30
0
10
34.511294457508058
20
-22.571382467702875
30
0
10
34.564211124174726
20
-22.200965801036201
30
0
10
34.511294457508058
20
-22.015757467702869
30
0
0
SPLINE
5
701
100
AcDbEntity
8
0
100
AcDbSpline
70
4
71
3
72
8
73
4
74
0
42
0.000000001
43
0.0000000001
44
0.0000000001
40
0
40
0
40
0
40
0
40
1
40
1
40
1
40
1
41
1
41
1
41
1
41
1
10
34.511294457508058
20
-22.015757467702869
30
0
10
34.431919457508052
20
-21.857007467702868
30
0
10
34.537752790841395
20
-21.698257467702874
30
0
10
34.749419457508061
20
-21.698257467702874
30
0
0
SPLINE
5
702
100
AcDbEntity
8
0
100
AcDbSpline
70
4
71
3
72
8
73
4
74
0
42
0.000000001
43
0.0000000001
44
0.0000000001
40
0
40
0
40
0
40
0
40
1
40
1
40
1
40
1
41
1
41
1
41
1
41
1
10
34.749419457508061
20
-21.698257467702874
30
0
10
35.014002790841388
20
-21.698257467702874
30
0
10
35.014002790841388
20
-21.618882467702871
30
0
10
34.696502790841386
20
-21.433674134369539
30
0
0
SPLINE
5
703
100
AcDbEntity
8
0
100
AcDbSpline
70
4
71
3
72
8
73
4
74
0
42
0.000000001
43
0.0000000001
44
0.0000000001
40
0
40
0
40
0
40
0
40
1
40
1
40
1
40
1
41
1
41
1
41
1
41
1
10
34.696502790841386
20
-21.433674134369539
30
0
10
34.37900279084139
20
-21.248465801036211
30
0
10
34.431919457508052
20
-21.116174134369544
30
0
10
34.93462779084139
20
-20.666382467702867
30
0
0
SPLINE
5
704
100
AcDbEntity
8
0
100
AcDbSpline
70
4
71
3
72
8
73
4
74
0
42
0.000000001
43
0.0000000001
44
0.0000000001
40
0
40
0
40
0
40
0
40
1
40
1
40
1
40
1
41
1
41
1
41
1
41
1
10
34.93462779084139
20
-20.666382467702867
30
0
10
35.278586124174723
20
-20.348882467702868
30
0
10
35.410877790841397
20
-20.110757467702875
30
0
10
35.225669457508062
20
-20.110757467702875
30
0
0
SPLINE
5
705
100
AcDbEntity
8
0
100
AcDbSpline
70
4
71
3
72
8
73
4
74
0
42
0.000000001
43
0.0000000001
44
0.0000000001
40
0
40
0
40
0
40
0
40
1
40
1
40
1
40
1
41
1
41
1
41
1
41
1
10
35.225669457508062
20
-20.110757467702875
30
0
10
35.040461124174726
20
-20.110757467702875
30
0
10
35.331502790841391
20
-19.740340801036197
30
0
10
35.88712779084139
20
-19.317007467702876
30
0
0
SPLINE
5
706
100
AcDbEntity
8
0
100
AcDbSpline
70
4
71
3
72
8
73
4
74
0
42
0.000000001
43
0.0000000001
44
0.0000000001
40
0
40
0
40
0
40
0
40
1
40
1
40
1
40
1
41
1
41
1
41
1
41
1
10
35.88712779084139
20
-19.317007467702876
30
0
10
36.442752790841396
20
-18.867215801036195
30
0
10
37.024836124174726
20
-18.364507467702865
30
0
10
37.183586124174724
20
-18.179299134369536
30
0
0
SPLINE
5
707
100
AcDbEntity
8
0
100
AcDbSpline
70
4
71
3
72
8
73
4
74
0
42
0.000000001
43
0.0000000001
44
0.0000000001
40
0
40
0
40
0
40
0
40
1
40
1
40
1
40
1
41
1
41
1
41
1
41
1
10
37.183586124174724
20
-18.179299134369536
30
0
10
37.712752790841392
20
-17.544299134369528
30
0
10
39.935252790841389
20
-16.142007467702872
30
0
10
40.437961124174734
20
-16.142007467702872
30
0
0
SPLINE
5
708
100
AcDbEntity
8
0
100
AcDbSpline
70
4
71
3
72
8
73
4
74
0
42
0.000000001
43
0.0000000001
44
0.0000000001
40
0
40
0
40
0
40
0
40
1
40
1
40
1
40
1
41
1
41
1
41
1
41
1
10
40.437961124174734
20
-16.142007467702872
30
0
10
40.596711124174725
20
-16.142007467702872
30
0
10
40.808377790841391
20
-16.644715801036199
30
0
10
40.91421112417472
20
-17.253257467702873
30
0
0
SPLINE
5
709
100
AcDbEntity
8
0
100
AcDbSpline
70
4
71
3
72
8
73
4
74
0
42
0.000000001
43
0.0000000001
44
0.0000000001
40
0
40
0
40
0
40
0
40
1
40
1
40
1
40
1
41
1
41
1
41
1
41
1
10
36.469211124174727
20
-16.935757467702874
30
0
10
36.575044457508064
20
-17.279715801036197
30
0
10
36.548586124174719
20
-17.279715801036197
30
0
10
36.310461124174729
20
-16.935757467702874
30
0
0
SPLINE
5
710
100
AcDbEntity
8
0
100
AcDbSpline
70
4
71
3
72
8
73
4
74
0
42
0.000000001
43
0.0000000001
44
0.0000000001
40
0
40
0
40
0
40
0
40
1
40
1
40
1
40
1
41
1
41
1
41
1
41
1
10
36.310461124174729
20
-16.935757467702874
30
0
10
36.072336124174733
20
-16.591799134369538
30
0
10
36.019419457508057
20
-16.591799134369538
30
0
10
36.019419457508057
20
-16.988674134369539
30
0
0
SPLINE
5
711
100
AcDbEntity
8
0
100
AcDbSpline
70
4
71
3
72
8
73
4
74
0
42
0.000000001
43
0.0000000001
44
0.0000000001
40
0
40
0
40
0
40
0
40
1
40
1
40
1
40
1
41
1
41
1
41
1
41
1
10
36.019419457508057
20
-16.988674134369539
30
0
10
36.019419457508057
20
-17.279715801036197
30
0
10
35.807752790841391
20
-17.464924134369539
30
0
10
35.490252790841396
20
-17.464924134369539
30
0
0
SPLINE
5
712
100
AcDbEntity
8
0
100
AcDbSpline
70
4
71
3
72
8
73
4
74
0
42
0.000000001
43
0.0000000001
44
0.0000000001
40
0
40
0
40
0
40
0
40
1
40
1
40
1
40
1
41
1
41
1
41
1
41
1
10
35.490252790841396
20
-17.464924134369539
30
0
10
35.199211124174724
20
-17.464924134369539
30
0
10
34.96108612417472
20
-17.332632467702872
30
0
10
34.96108612417472
20
-17.173882467702867
30
0
0
SPLINE
5
713
100
AcDbEntity
8
0
100
AcDbSpline
70
4
71
3
72
8
73
4
74
0
42
0.000000001
43
0.0000000001
44
0.0000000001
40
0
40
0
40
0
40
0
40
1
40
1
40
1
40
1
41
1
41
1
41
1
41
1
10
34.96108612417472
20
-17.173882467702867
30
0
10
34.96108612417472
20
-17.015132467702863
30
0
10
35.146294457508063
20
-16.962215801036198
30
0
10
35.384419457508059
20
-17.0415908010362
30
0
0
SPLINE
5
714
100
AcDbEntity
8
0
100
AcDbSpline
70
4
71
3
72
8
73
4
74
0
42
0.000000001
43
0.0000000001
44
0.0000000001
40
0
40
0
40
0
40
0
40
1
40
1
40
1
40
1
41
1
41
1
41
1
41
1
10
35.384419457508059
20
-17.0415908010362
30
0
10
35.781294457508054
20
-17.200340801036205
30
0
10
35.781294457508054
20
-17.14742413436953
30
0
10
35.463794457508058
20
-16.777007467702866
30
0
0
SPLINE
5
715
100
AcDbEntity
8
0
100
AcDbSpline
70
4
71
3
72
8
73
4
74
0
42
0.000000001
43
0.0000000001
44
0.0000000001
40
0
40
0
40
0
40
0
40
1
40
1
40
1
40
1
41
1
41
1
41
1
41
1
10
35.463794457508058
20
-16.777007467702866
30
0
10
35.172752790841393
20
-16.406590801036206
30
0
10
35.199211124174724
20
-16.353674134369527
30
0
10
35.754836124174723
20
-16.459507467702871
30
0
0
SPLINE
5
716
100
AcDbEntity
8
0
100
AcDbSpline
70
4
71
3
72
8
73
4
74
0
42
0.000000001
43
0.0000000001
44
0.0000000001
40
0
40
0
40
0
40
0
40
1
40
1
40
1
40
1
41
1
41
1
41
1
41
1
10
35.754836124174723
20
-16.459507467702871
30
0
10
36.098794457508056
20
-16.485965801036194
30
0
10
36.416294457508052
20
-16.724090801036201
30
0
10
36.469211124174727
20
-16.935757467702874
30
0
0
SPLINE
5
717
100
AcDbEntity
8
0
100
AcDbSpline
70
4
71
3
72
8
73
4
74
0
42
0.000000001
43
0.0000000001
44
0.0000000001
40
0
40
0
40
0
40
0
40
1
40
1
40
1
40
1
41
1
41
1
41
1
41
1
10
28.214211124174717
20
-18.179299134369536
30
0
10
28.558169457508058
20
-18.602632467702861
30
0
10
28.849211124174722
20
-19.211174134369532
30
0
10
28.849211124174722
20
-19.581590801036207
30
0
0
SPLINE
5
718
100
AcDbEntity
8
0
100
AcDbSpline
70
4
71
3
72
8
73
4
74
0
42
0.000000001
43
0.0000000001
44
0.0000000001
40
0
40
0
40
0
40
0
40
1
40
1
40
1
40
1
41
1
41
1
41
1
41
1
10
28.849211124174722
20
-19.581590801036207
30
0
10
28.849211124174722
20
-20.216590801036205
30
0
10
28.822752790841388
20
-20.190132467702874
30
0
10
27.976086124174728
20
-19.211174134369532
30
0
0
SPLINE
5
719
100
AcDbEntity
8
0
100
AcDbSpline
70
4
71
3
72
8
73
4
74
0
42
0.000000001
43
0.0000000001
44
0.0000000001
40
0
40
0
40
0
40
0
40
1
40
1
40
1
40
1
41
1
41
1
41
1
41
1
10
27.976086124174728
20
-19.211174134369532
30
0
10
27.473377790841393
20
-18.629090801036199
30
0
10
27.129419457508057
20
-17.994090801036208
30
0
10
27.208794457508063
20
-17.808882467702858
30
0
0
SPLINE
5
720
100
AcDbEntity
8
0
100
AcDbSpline
70
4
71
3
72
8
73
4
74
0
42
0.000000001
43
0.0000000001
44
0.0000000001
40
0
40
0
40
0
40
0
40
1
40
1
40
1
40
1
41
1
41
1
41
1
41
1
10
27.208794457508063
20
-17.808882467702858
30
0
10
27.394002790841387
20
-17.332632467702872
30
0
10
27.499836124174728
20
-17.359090801036196
30
0
10
28.214211124174717
20
-18.179299134369536
30
0
0
SPLINE
5
721
100
AcDbEntity
8
0
100
AcDbSpline
70
4
71
3
72
8
73
4
74
0
42
0.000000001
43
0.0000000001
44
0.0000000001
40
0
40
0
40
0
40
0
40
1
40
1
40
1
40
1
41
1
41
1
41
1
41
1
10
36.548586124174719
20
-17.729507467702874
30
0
10
36.548586124174719
20
-18.126382467702875
30
0
10
35.490252790841396
20
-18.576174134369538
30
0
10
35.014002790841388
20
-18.390965801036209
30
0
0
SPLINE
5
722
100
AcDbEntity
8
0
100
AcDbSpline
70
4
71
3
72
8
73
4
74
0
42
0.000000001
43
0.0000000001
44
0.0000000001
40
0
40
0
40
0
40
0
40
1
40
1
40
1
40
1
41
1
41
1
41
1
41
1
10
35.014002790841388
20
-18.390965801036209
30
0
10
34.670044457508055
20
-18.258674134369542
30
0
10
34.775877790841392
20
-18.126382467702875
30
0
10
35.490252790841396
20
-17.861799134369537
30
0
0
SPLINE
5
723
100
AcDbEntity
8
0
100
AcDbSpline
70
4
71
3
72
8
73
4
74
0
42
0.000000001
43
0.0000000001
44
0.0000000001
40
0
40
0
40
0
40
0
40
1
40
1
40
1
40
1
41
1
41
1
41
1
41
1
10
35.490252790841396
20
-17.861799134369537
30
0
10
35.992961124174727
20
-17.676590801036195
30
0
10
36.442752790841396
20
-17.517840801036204
30
0
10
36.495669457508058
20
-17.491382467702863
30
0
0
SPLINE
5
724
100
AcDbEntity
8
0
100
AcDbSpline
70
4
71
3
72
8
73
4
74
0
42
0.000000001
43
0.0000000001
44
0.0000000001
40
0
40
0
40
0
40
0
40
1
40
1
40
1
40
1
41
1
41
1
41
1
41
1
10
36.495669457508058
20
-17.491382467702863
30
0
10
36.522127790841388
20
-17.491382467702863
30
0
10
36.548586124174719
20
-17.570757467702869
30
0
10
36.548586124174719
20
-17.729507467702874
30
0
0
SPLINE
5
725
100
AcDbEntity
8
0
100
AcDbSpline
70
4
71
3
72
8
73
4
74
0
42
0.000000001
43
0.0000000001
44
0.0000000001
40
0
40
0
40
0
40
0
40
1
40
1
40
1
40
1
41
1
41
1
41
1
41
1
10
32.95025279084139
20
-18.76138246770287
30
0
10
32.685669457508055
20
-19.0259658010362
30
0
10
33.479419457508051
20
-19.872632467702864
30
0
10
33.876294457508052
20
-19.766799134369538
30
0
0
SPLINE
5
726
100
AcDbEntity
8
0
100
AcDbSpline
70
4
71
3
72
8
73
4
74
0
42
0.000000001
43
0.0000000001
44
0.0000000001
40
0
40
0
40
0
40
0
40
1
40
1
40
1
40
1
41
1
41
1
41
1
41
1
10
33.876294457508052
20
-19.766799134369538
30
0
10
34.405461124174721
20
-19.634507467702868
30
0
10
34.537752790841395
20
-20.295965801036203
30
0
10
34.114419457508056
20
-20.825132467702868
30
0
0
SPLINE
5
727
100
AcDbEntity
8
0
100
AcDbSpline
70
4
71
3
72
8
73
4
74
0
42
0.000000001
43
0.0000000001
44
0.0000000001
40
0
40
0
40
0
40
0
40
1
40
1
40
1
40
1
41
1
41
1
41
1
41
1
10
34.114419457508056
20
-20.825132467702868
30
0
10
33.982127790841396
20
-21.0103408010362
30
0
10
33.929211124174728
20
-21.274924134369535
30
0
10
34.008586124174727
20
-21.407215801036202
30
0
0
SPLINE
5
728
100
AcDbEntity
8
0
100
AcDbSpline
70
4
71
3
72
8
73
4
74
0
42
0.000000001
43
0.0000000001
44
0.0000000001
40
0
40
0
40
0
40
0
40
1
40
1
40
1
40
1
41
1
41
1
41
1
41
1
10
34.008586124174727
20
-21.407215801036202
30
0
10
34.114419457508056
20
-21.539507467702869
30
0
10
34.061502790841388
20
-21.724715801036197
30
0
10
33.90275279084139
20
-21.830549134369541
30
0
0
SPLINE
5
729
100
AcDbEntity
8
0
100
AcDbSpline
70
4
71
3
72
8
73
4
74
0
42
0.000000001
43
0.0000000001
44
0.0000000001
40
0
40
0
40
0
40
0
40
1
40
1
40
1
40
1
41
1
41
1
41
1
41
1
10
33.90275279084139
20
-21.830549134369541
30
0
10
33.744002790841392
20
-21.909924134369547
30
0
10
33.691086124174731
20
-22.280340801036203
30
0
10
33.744002790841392
20
-22.62429913436954
30
0
0
SPLINE
5
730
100
AcDbEntity
8
0
100
AcDbSpline
70
4
71
3
72
8
73
4
74
0
42
0.000000001
43
0.0000000001
44
0.0000000001
40
0
40
0
40
0
40
0
40
1
40
1
40
1
40
1
41
1
41
1
41
1
41
1
10
33.744002790841392
20
-22.62429913436954
30
0
10
33.876294457508052
20
-23.391590801036202
30
0
10
33.214836124174724
20
-23.735549134369542
30
0
10
32.97671112417472
20
-22.994715801036204
30
0
0
SPLINE
5
731
100
AcDbEntity
8
0
100
AcDbSpline
70
4
71
3
72
8
73
4
74
0
42
0.000000001
43
0.0000000001
44
0.0000000001
40
0
40
0
40
0
40
0
40
1
40
1
40
1
40
1
41
1
41
1
41
1
41
1
10
32.97671112417472
20
-22.994715801036204
30
0
10
32.870877790841391
20
-22.730132467702866
30
0
10
32.685669457508055
20
-22.492007467702877
30
0
10
32.526919457508058
20
-22.492007467702877
30
0
0
SPLINE
5
732
100
AcDbEntity
8
0
100
AcDbSpline
70
4
71
3
72
8
73
4
74
0
42
0.000000001
43
0.0000000001
44
0.0000000001
40
0
40
0
40
0
40
0
40
1
40
1
40
1
40
1
41
1
41
1
41
1
41
1
10
32.526919457508058
20
-22.492007467702877
30
0
10
32.36816945750806
20
-22.492007467702877
30
0
10
32.447544457508059
20
-22.253882467702866
30
0
10
32.685669457508055
20
-21.989299134369531
30
0
0
SPLINE
5
733
100
AcDbEntity
8
0
100
AcDbSpline
70
4
71
3
72
8
73
4
74
0
42
0.000000001
43
0.0000000001
44
0.0000000001
40
0
40
0
40
0
40
0
40
1
40
1
40
1
40
1
41
1
41
1
41
1
41
1
10
32.685669457508055
20
-21.989299134369531
30
0
10
32.97671112417472
20
-21.671799134369536
30
0
10
33.082544457508057
20
-21.274924134369535
30
0
10
33.003169457508065
20
-20.957424134369536
30
0
0
SPLINE
5
734
100
AcDbEntity
8
0
100
AcDbSpline
70
4
71
3
72
8
73
4
74
0
42
0.000000001
43
0.0000000001
44
0.0000000001
40
0
40
0
40
0
40
0
40
1
40
1
40
1
40
1
41
1
41
1
41
1
41
1
10
33.003169457508065
20
-20.957424134369536
30
0
10
32.84441945750806
20
-20.5340908010362
30
0
10
32.923794457508052
20
-20.454715801036212
30
0
10
33.505877790841382
20
-20.587007467702879
30
0
0
SPLINE
5
735
100
AcDbEntity
8
0
100
AcDbSpline
70
4
71
3
72
8
73
4
74
0
42
0.000000001
43
0.0000000001
44
0.0000000001
40
0
40
0
40
0
40
0
40
1
40
1
40
1
40
1
41
1
41
1
41
1
41
1
10
33.505877790841382
20
-20.587007467702879
30
0
10
33.90275279084139
20
-20.639924134369544
30
0
10
34.167336124174724
20
-20.587007467702879
30
0
10
34.167336124174724
20
-20.401799134369533
30
0
0
SPLINE
5
736
100
AcDbEntity
8
0
100
AcDbSpline
70
4
71
3
72
8
73
4
74
0
42
0.000000001
43
0.0000000001
44
0.0000000001
40
0
40
0
40
0
40
0
40
1
40
1
40
1
40
1
41
1
41
1
41
1
41
1
10
34.167336124174724
20
-20.401799134369533
30
0
10
34.167336124174724
20
-20.243049134369539
30
0
10
33.929211124174728
20
-20.110757467702875
30
0
10
33.638169457508056
20
-20.110757467702875
30
0
0
SPLINE
5
737
100
AcDbEntity
8
0
100
AcDbSpline
70
4
71
3
72
8
73
4
74
0
42
0.000000001
43
0.0000000001
44
0.0000000001
40
0
40
0
40
0
40
0
40
1
40
1
40
1
40
1
41
1
41
1
41
1
41
1
10
33.638169457508056
20
-20.110757467702875
30
0
10
33.347127790841391
20
-20.110757467702875
30
0
10
33.029627790841396
20
-19.925549134369543
30
0
10
32.95025279084139
20
-19.713882467702874
30
0
0
SPLINE
5
738
100
AcDbEntity
8
0
100
AcDbSpline
70
4
71
3
72
8
73
4
74
0
42
0.000000001
43
0.0000000001
44
0.0000000001
40
0
40
0
40
0
40
0
40
1
40
1
40
1
40
1
41
1
41
1
41
1
41
1
10
32.95025279084139
20
-19.713882467702874
30
0
10
32.84441945750806
20
-19.502215801036201
30
0
10
32.526919457508058
20
-19.317007467702876
30
0
10
32.209419457508062
20
-19.317007467702876
30
0
0
SPLINE
5
739
100
AcDbEntity
8
0
100
AcDbSpline
70
4
71
3
72
8
73
4
74
0
42
0.000000001
43
0.0000000001
44
0.0000000001
40
0
40
0
40
0
40
0
40
1
40
1
40
1
40
1
41
1
41
1
41
1
41
1
10
32.209419457508062
20
-19.317007467702876
30
0
10
31.91837779084139
20
-19.317007467702876
30
0
10
31.46858612417472
20
-19.158257467702867
30
0
10
31.230461124174724
20
-18.973049134369539
30
0
0
SPLINE
5
740
100
AcDbEntity
8
0
100
AcDbSpline
70
4
71
3
72
8
73
4
74
0
42
0.000000001
43
0.0000000001
44
0.0000000001
40
0
40
0
40
0
40
0
40
1
40
1
40
1
40
1
41
1
41
1
41
1
41
1
10
31.230461124174724
20
-18.973049134369539
30
0
10
30.860044457508053
20
-18.682007467702864
30
0
10
30.96587779084139
20
-18.65554913436954
30
0
10
31.91837779084139
20
-18.65554913436954
30
0
0
SPLINE
5
741
100
AcDbEntity
8
0
100
AcDbSpline
70
4
71
3
72
8
73
4
74
0
42
0.000000001
43
0.0000000001
44
0.0000000001
40
0
40
0
40
0
40
0
40
1
40
1
40
1
40
1
41
1
41
1
41
1
41
1
10
31.91837779084139
20
-18.65554913436954
30
0
10
32.553377790841395
20
-18.65554913436954
30
0
10
33.029627790841396
20
-18.708465801036205
30
0
10
32.95025279084139
20
-18.76138246770287
30
0
0
SPLINE
5
742
100
AcDbEntity
8
0
100
AcDbSpline
70
4
71
3
72
8
73
4
74
0
42
0.000000001
43
0.0000000001
44
0.0000000001
40
0
40
0
40
0
40
0
40
1
40
1
40
1
40
1
41
1
41
1
41
1
41
1
10
35.30504445750806
20
-18.787840801036207
30
0
10
35.569627790841388
20
-18.787840801036207
30
0
10
35.701919457508062
20
-18.893674134369537
30
0
10
35.622544457508056
20
-19.052424134369538
30
0
0
SPLINE
5
743
100
AcDbEntity
8
0
100
AcDbSpline
70
4
71
3
72
8
73
4
74
0
42
0.000000001
43
0.0000000001
44
0.0000000001
40
0
40
0
40
0
40
0
40
1
40
1
40
1
40
1
41
1
41
1
41
1
41
1
10
35.622544457508056
20
-19.052424134369538
30
0
10
35.384419457508059
20
-19.449299134369543
30
0
10
34.590669457508064
20
-19.369924134369537
30
0
10
34.008586124174727
20
-18.893674134369537
30
0
0
SPLINE
5
744
100
AcDbEntity
8
0
100
AcDbSpline
70
4
71
3
72
8
73
4
74
0
42
0.000000001
43
0.0000000001
44
0.0000000001
40
0
40
0
40
0
40
0
40
1
40
1
40
1
40
1
41
1
41
1
41
1
41
1
10
34.008586124174727
20
-18.893674134369537
30
0
10
33.532336124174726
20
-18.496799134369532
30
0
10
33.532336124174726
20
-18.496799134369532
30
0
10
34.167336124174724
20
-18.629090801036199
30
0
0
SPLINE
5
745
100
AcDbEntity
8
0
100
AcDbSpline
70
4
71
3
72
8
73
4
74
0
42
0.000000001
43
0.0000000001
44
0.0000000001
40
0
40
0
40
0
40
0
40
1
40
1
40
1
40
1
41
1
41
1
41
1
41
1
10
34.167336124174724
20
-18.629090801036199
30
0
10
34.537752790841395
20
-18.708465801036205
30
0
10
35.040461124174726
20
-18.787840801036207
30
0
10
35.30504445750806
20
-18.787840801036207
30
0
0
SPLINE
5
746
100
AcDbEntity
8
0
100
AcDbSpline
70
4
71
3
72
8
73
4
74
0
42
0.000000001
43
0.0000000001
44
0.0000000001
40
0
40
0
40
0
40
0
40
1
40
1
40
1
40
1
41
1
41
1
41
1
41
1
10
30.51608612417472
20
-19.475757467702866
30
0
10
30.198586124174724
20
-19.687424134369532
30
0
10
29.93400279084139
20
-20.110757467702875
30
0
10
29.93400279084139
20
-20.375340801036206
30
0
0
SPLINE
5
747
100
AcDbEntity
8
0
100
AcDbSpline
70
4
71
3
72
8
73
4
74
0
42
0.000000001
43
0.0000000001
44
0.0000000001
40
0
40
0
40
0
40
0
40
1
40
1
40
1
40
1
41
1
41
1
41
1
41
1
10
29.93400279084139
20
-20.375340801036206
30
0
10
29.93400279084139
20
-20.639924134369544
30
0
10
29.828169457508061
20
-20.957424134369536
30
0
10
29.669419457508049
20
-21.036799134369542
30
0
0
SPLINE
5
748
100
AcDbEntity
8
0
100
AcDbSpline
70
4
71
3
72
8
73
4
74
0
42
0.000000001
43
0.0000000001
44
0.0000000001
40
0
40
0
40
0
40
0
40
1
40
1
40
1
40
1
41
1
41
1
41
1
41
1
10
29.669419457508049
20
-21.036799134369542
30
0
10
29.510669457508058
20
-21.116174134369544
30
0
10
29.404836124174718
20
-20.930965801036198
30
0
10
29.404836124174718
20
-20.613465801036202
30
0
0
SPLINE
5
749
100
AcDbEntity
8
0
100
AcDbSpline
70
4
71
3
72
8
73
4
74
0
42
0.000000001
43
0.0000000001
44
0.0000000001
40
0
40
0
40
0
40
0
40
1
40
1
40
1
40
1
41
1
41
1
41
1
41
1
10
29.404836124174718
20
-20.613465801036202
30
0
10
29.404836124174718
20
-19.899090801036206
30
0
10
30.119211124174726
20
-19.052424134369538
30
0
10
30.701294457508055
20
-19.052424134369538
30
0
0
SPLINE
5
750
100
AcDbEntity
8
0
100
AcDbSpline
70
4
71
3
72
8
73
4
74
0
42
0.000000001
43
0.0000000001
44
0.0000000001
40
0
40
0
40
0
40
0
40
1
40
1
40
1
40
1
41
1
41
1
41
1
41
1
10
30.701294457508055
20
-19.052424134369538
30
0
10
30.99233612417472
20
-19.052424134369538
30
0
10
30.939419457508059
20
-19.158257467702867
30
0
10
30.51608612417472
20
-19.475757467702866
30
0
0
SPLINE
5
751
100
AcDbEntity
8
0
100
AcDbSpline
70
4
71
3
72
8
73
4
74
0
42
0.000000001
43
0.0000000001
44
0.0000000001
40
0
40
0
40
0
40
0
40
1
40
1
40
1
40
1
41
1
41
1
41
1
41
1
10
32.209419457508062
20
-20.004924134369531
30
0
10
32.712127790841386
20
-20.401799134369533
30
0
10
32.685669457508055
20
-20.401799134369533
30
0
10
32.130044457508056
20
-20.243049134369539
30
0
0
SPLINE
5
752
100
AcDbEntity
8
0
100
AcDbSpline
70
4
71
3
72
8
73
4
74
0
42
0.000000001
43
0.0000000001
44
0.0000000001
40
0
40
0
40
0
40
0
40
1
40
1
40
1
40
1
41
1
41
1
41
1
41
1
10
32.130044457508056
20
-20.243049134369539
30
0
10
31.733169457508055
20
-20.137215801036199
30
0
10
31.362752790841391
20
-20.269507467702862
30
0
10
31.018794457508065
20
-20.613465801036202
30
0
0
SPLINE
5
753
100
AcDbEntity
8
0
100
AcDbSpline
70
4
71
3
72
8
73
4
74
0
42
0.000000001
43
0.0000000001
44
0.0000000001
40
0
40
0
40
0
40
0
40
1
40
1
40
1
40
1
41
1
41
1
41
1
41
1
10
31.018794457508065
20
-20.613465801036202
30
0
10
30.41025279084139
20
-21.222007467702873
30
0
10
30.38379445750806
20
-21.539507467702869
30
0
10
30.727752790841389
20
-22.359715801036209
30
0
0
SPLINE
5
754
100
AcDbEntity
8
0
100
AcDbSpline
70
4
71
3
72
8
73
4
74
0
42
0.000000001
43
0.0000000001
44
0.0000000001
40
0
40
0
40
0
40
0
40
1
40
1
40
1
40
1
41
1
41
1
41
1
41
1
10
30.727752790841389
20
-22.359715801036209
30
0
10
30.912961124174725
20
-22.809507467702872
30
0
10
30.96587779084139
20
-22.756590801036207
30
0
10
30.96587779084139
20
-22.068674134369534
30
0
0
SPLINE
5
755
100
AcDbEntity
8
0
100
AcDbSpline
70
4
71
3
72
8
73
4
74
0
42
0.000000001
43
0.0000000001
44
0.0000000001
40
0
40
0
40
0
40
0
40
1
40
1
40
1
40
1
41
1
41
1
41
1
41
1
10
30.96587779084139
20
-22.068674134369534
30
0
10
30.99233612417472
20
-21.089715801036206
30
0
10
31.574419457508061
20
-20.507632467702873
30
0
10
32.2358777908414
20
-20.772215801036211
30
0
0
SPLINE
5
756
100
AcDbEntity
8
0
100
AcDbSpline
70
4
71
3
72
8
73
4
74
0
42
0.000000001
43
0.0000000001
44
0.0000000001
40
0
40
0
40
0
40
0
40
1
40
1
40
1
40
1
41
1
41
1
41
1
41
1
10
32.2358777908414
20
-20.772215801036211
30
0
10
32.553377790841395
20
-20.904507467702874
30
0
10
32.606294457508056
20
-21.0103408010362
30
0
10
32.36816945750806
20
-21.089715801036206
30
0
0
SPLINE
5
757
100
AcDbEntity
8
0
100
AcDbSpline
70
4
71
3
72
8
73
4
74
0
42
0.000000001
43
0.0000000001
44
0.0000000001
40
0
40
0
40
0
40
0
40
1
40
1
40
1
40
1
41
1
41
1
41
1
41
1
10
32.36816945750806
20
-21.089715801036206
30
0
10
32.209419457508062
20
-21.169090801036209
30
0
10
32.103586124174726
20
-21.327840801036196
30
0
10
32.182961124174724
20
-21.460132467702863
30
0
0
SPLINE
5
758
100
AcDbEntity
8
0
100
AcDbSpline
70
4
71
3
72
8
73
4
74
0
42
0.000000001
43
0.0000000001
44
0.0000000001
40
0
40
0
40
0
40
0
40
1
40
1
40
1
40
1
41
1
41
1
41
1
41
1
10
32.182961124174724
20
-21.460132467702863
30
0
10
32.288794457508054
20
-21.59242413436953
30
0
10
32.156502790841387
20
-21.618882467702871
30
0
10
31.944836124174731
20
-21.539507467702869
30
0
0
SPLINE
5
759
100
AcDbEntity
8
0
100
AcDbSpline
70
4
71
3
72
8
73
4
74
0
42
0.000000001
43
0.0000000001
44
0.0000000001
40
0
40
0
40
0
40
0
40
1
40
1
40
1
40
1
41
1
41
1
41
1
41
1
10
31.944836124174731
20
-21.539507467702869
30
0
10
31.389211124174725
20
-21.327840801036196
30
0
10
31.415669457508059
20
-21.804090801036203
30
0
10
31.944836124174731
20
-22.650757467702864
30
0
0
SPLINE
5
760
100
AcDbEntity
8
0
100
AcDbSpline
70
4
71
3
72
8
73
4
74
0
42
0.000000001
43
0.0000000001
44
0.0000000001
40
0
40
0
40
0
40
0
40
1
40
1
40
1
40
1
41
1
41
1
41
1
41
1
10
31.944836124174731
20
-22.650757467702864
30
0
10
32.182961124174724
20
-22.994715801036204
30
0
10
32.315252790841384
20
-23.365132467702878
30
0
10
32.2358777908414
20
-23.470965801036204
30
0
0
SPLINE
5
761
100
AcDbEntity
8
0
100
AcDbSpline
70
4
71
3
72
8
73
4
74
0
42
0.000000001
43
0.0000000001
44
0.0000000001
40
0
40
0
40
0
40
0
40
1
40
1
40
1
40
1
41
1
41
1
41
1
41
1
10
32.2358777908414
20
-23.470965801036204
30
0
10
32.130044457508056
20
-23.55034080103621
30
0
10
31.997752790841389
20
-23.418049134369543
30
0
10
31.89191945750806
20
-23.179924134369536
30
0
0
SPLINE
5
762
100
AcDbEntity
8
0
100
AcDbSpline
70
4
71
3
72
8
73
4
74
0
42
0.000000001
43
0.0000000001
44
0.0000000001
40
0
40
0
40
0
40
0
40
1
40
1
40
1
40
1
41
1
41
1
41
1
41
1
10
31.89191945750806
20
-23.179924134369536
30
0
10
31.627336124174725
20
-22.492007467702877
30
0
10
31.230461124174724
20
-22.677215801036205
30
0
10
31.415669457508059
20
-23.418049134369543
30
0
0
SPLINE
5
763
100
AcDbEntity
8
0
100
AcDbSpline
70
4
71
3
72
8
73
4
74
0
42
0.000000001
43
0.0000000001
44
0.0000000001
40
0
40
0
40
0
40
0
40
1
40
1
40
1
40
1
41
1
41
1
41
1
41
1
10
31.415669457508059
20
-23.418049134369543
30
0
10
31.68025279084139
20
-24.5028408010362
30
0
10
31.09816945750806
20
-24.185340801036205
30
0
10
30.463169457508059
20
-22.915340801036198
30
0
0
SPLINE
5
764
100
AcDbEntity
8
0
100
AcDbSpline
70
4
71
3
72
8
73
4
74
0
42
0.000000001
43
0.0000000001
44
0.0000000001
40
0
40
0
40
0
40
0
40
1
40
1
40
1
40
1
41
1
41
1
41
1
41
1
10
30.463169457508059
20
-22.915340801036198
30
0
10
29.828169457508061
20
-21.59242413436953
30
0
10
29.93400279084139
20
-20.587007467702879
30
0
10
30.807127790841395
20
-19.978465801036208
30
0
0
SPLINE
5
765
100
AcDbEntity
8
0
100
AcDbSpline
70
4
71
3
72
8
73
4
74
0
42
0.000000001
43
0.0000000001
44
0.0000000001
40
0
40
0
40
0
40
0
40
1
40
1
40
1
40
1
41
1
41
1
41
1
41
1
10
30.807127790841395
20
-19.978465801036208
30
0
10
31.521502790841389
20
-19.475757467702866
30
0
10
31.574419457508061
20
-19.475757467702866
30
0
10
32.209419457508062
20
-20.004924134369531
30
0
0
SPLINE
5
766
100
AcDbEntity
8
0
100
AcDbSpline
70
4
71
3
72
8
73
4
74
0
42
0.000000001
43
0.0000000001
44
0.0000000001
40
0
40
0
40
0
40
0
40
1
40
1
40
1
40
1
41
1
41
1
41
1
41
1
10
42.263586124174722
20
-20.825132467702868
30
0
10
42.581086124174725
20
-21.248465801036211
30
0
10
42.660461124174731
20
-21.248465801036211
30
0
10
42.87212779084139
20
-20.904507467702874
30
0
0
SPLINE
5
767
100
AcDbEntity
8
0
100
AcDbSpline
70
4
71
3
72
8
73
4
74
0
42
0.000000001
43
0.0000000001
44
0.0000000001
40
0
40
0
40
0
40
0
40
1
40
1
40
1
40
1
41
1
41
1
41
1
41
1
10
42.87212779084139
20
-20.904507467702874
30
0
10
43.030877790841387
20
-20.692840801036205
30
0
10
43.216086124174723
20
-20.613465801036202
30
0
10
43.321919457508066
20
-20.719299134369543
30
0
0
SPLINE
5
768
100
AcDbEntity
8
0
100
AcDbSpline
70
4
71
3
72
8
73
4
74
0
42
0.000000001
43
0.0000000001
44
0.0000000001
40
0
40
0
40
0
40
0
40
1
40
1
40
1
40
1
41
1
41
1
41
1
41
1
10
43.321919457508066
20
-20.719299134369543
30
0
10
43.427752790841396
20
-20.825132467702868
30
0
10
43.374836124174728
20
-21.063257467702865
30
0
10
43.216086124174723
20
-21.222007467702873
30
0
0
SPLINE
5
769
100
AcDbEntity
8
0
100
AcDbSpline
70
4
71
3
72
8
73
4
74
0
42
0.000000001
43
0.0000000001
44
0.0000000001
40
0
40
0
40
0
40
0
40
1
40
1
40
1
40
1
41
1
41
1
41
1
41
1
10
43.216086124174723
20
-21.222007467702873
30
0
10
42.819211124174728
20
-21.618882467702871
30
0
10
42.792752790841398
20
-22.915340801036198
30
0
10
43.163169457508054
20
-23.153465801036205
30
0
0
SPLINE
5
770
100
AcDbEntity
8
0
100
AcDbSpline
70
4
71
3
72
8
73
4
74
0
42
0.000000001
43
0.0000000001
44
0.0000000001
40
0
40
0
40
0
40
0
40
1
40
1
40
1
40
1
41
1
41
1
41
1
41
1
10
43.163169457508054
20
-23.153465801036205
30
0
10
43.321919457508066
20
-23.232840801036211
30
0
10
43.427752790841396
20
-23.232840801036211
30
0
10
43.427752790841396
20
-23.100549134369544
30
0
0
SPLINE
5
771
100
AcDbEntity
8
0
100
AcDbSpline
70
4
71
3
72
8
73
4
74
0
42
0.000000001
43
0.0000000001
44
0.0000000001
40
0
40
0
40
0
40
0
40
1
40
1
40
1
40
1
41
1
41
1
41
1
41
1
10
43.427752790841396
20
-23.100549134369544
30
0
10
43.427752790841396
20
-22.994715801036204
30
0
10
43.798169457508052
20
-22.888882467702874
30
0
10
44.221502790841392
20
-22.888882467702874
30
0
0
SPLINE
5
772
100
AcDbEntity
8
0
100
AcDbSpline
70
4
71
3
72
8
73
4
74
0
42
0.000000001
43
0.0000000001
44
0.0000000001
40
0
40
0
40
0
40
0
40
1
40
1
40
1
40
1
41
1
41
1
41
1
41
1
10
44.221502790841392
20
-22.888882467702874
30
0
10
44.935877790841388
20
-22.888882467702874
30
0
10
45.015252790841387
20
-22.96825746770288
30
0
10
45.015252790841387
20
-23.682632467702874
30
0
0
SPLINE
5
773
100
AcDbEntity
8
0
100
AcDbSpline
70
4
71
3
72
8
73
4
74
0
42
0.000000001
43
0.0000000001
44
0.0000000001
40
0
40
0
40
0
40
0
40
1
40
1
40
1
40
1
41
1
41
1
41
1
41
1
10
45.015252790841387
20
-23.682632467702874
30
0
10
45.015252790841387
20
-24.13242413436954
30
0
10
45.22691945750806
20
-24.767424134369534
30
0
10
45.465044457508057
20
-25.137840801036209
30
0
0
SPLINE
5
774
100
AcDbEntity
8
0
100
AcDbSpline
70
4
71
3
72
8
73
4
74
0
42
0.000000001
43
0.0000000001
44
0.0000000001
40
0
40
0
40
0
40
0
40
1
40
1
40
1
40
1
41
1
41
1
41
1
41
1
10
45.465044457508057
20
-25.137840801036209
30
0
10
45.888377790841389
20
-25.719924134369538
30
0
10
45.888377790841389
20
-25.74638246770288
30
0
10
45.465044457508057
20
-25.587632467702871
30
0
0
SPLINE
5
775
100
AcDbEntity
8
0
100
AcDbSpline
70
4
71
3
72
8
73
4
74
0
42
0.000000001
43
0.0000000001
44
0.0000000001
40
0
40
0
40
0
40
0
40
1
40
1
40
1
40
1
41
1
41
1
41
1
41
1
10
45.465044457508057
20
-25.587632467702871
30
0
10
44.882961124174727
20
-25.375965801036202
30
0
10
44.882961124174727
20
-25.640549134369536
30
0
10
45.438586124174734
20
-26.063882467702875
30
0
0
SPLINE
5
776
100
AcDbEntity
8
0
100
AcDbSpline
70
4
71
3
72
8
73
4
74
0
42
0.000000001
43
0.0000000001
44
0.0000000001
40
0
40
0
40
0
40
0
40
1
40
1
40
1
40
1
41
1
41
1
41
1
41
1
10
45.438586124174734
20
-26.063882467702875
30
0
10
45.861919457508058
20
-26.354924134369533
30
0
10
45.861919457508058
20
-26.434299134369535
30
0
10
45.385669457508058
20
-27.228049134369535
30
0
0
SPLINE
5
777
100
AcDbEntity
8
0
100
AcDbSpline
70
4
71
3
72
8
73
4
74
0
42
0.000000001
43
0.0000000001
44
0.0000000001
40
0
40
0
40
0
40
0
40
1
40
1
40
1
40
1
41
1
41
1
41
1
41
1
10
45.385669457508058
20
-27.228049134369535
30
0
10
45.068169457508063
20
-27.757215801036203
30
0
10
44.591919457508062
20
-28.154090801036205
30
0
10
44.168586124174723
20
-28.233465801036207
30
0
0
SPLINE
5
778
100
AcDbEntity
8
0
100
AcDbSpline
70
4
71
3
72
8
73
4
74
0
42
0.000000001
43
0.0000000001
44
0.0000000001
40
0
40
0
40
0
40
0
40
1
40
1
40
1
40
1
41
1
41
1
41
1
41
1
10
44.168586124174723
20
-28.233465801036207
30
0
10
43.771711124174722
20
-28.312840801036209
30
0
10
43.507127790841395
20
-28.471590801036196
30
0
10
43.586502790841394
20
-28.603882467702867
30
0
0
SPLINE
5
779
100
AcDbEntity
8
0
100
AcDbSpline
70
4
71
3
72
8
73
4
74
0
42
0.000000001
43
0.0000000001
44
0.0000000001
40
0
40
0
40
0
40
0
40
1
40
1
40
1
40
1
41
1
41
1
41
1
41
1
10
43.586502790841394
20
-28.603882467702867
30
0
10
43.665877790841392
20
-28.736174134369534
30
0
10
42.845669457508052
20
-28.815549134369537
30
0
10
41.787336124174729
20
-28.789090801036213
30
0
0
LINE
5
780
100
AcDbEntity
8
0
100
AcDbLine
10
41.787336124174729
20
-28.789090801036213
30
0
11
39.85587779084139
21
-28.736174134369534
31
0
0
LINE
5
781
100
AcDbEntity
8
0
100
AcDbLine
10
39.85587779084139
20
-28.736174134369534
30
0
11
41.496294457508057
21
-28.656799134369546
31
0
0
SPLINE
5
782
100
AcDbEntity
8
0
100
AcDbSpline
70
4
71
3
72
8
73
4
74
0
42
0.000000001
43
0.0000000001
44
0.0000000001
40
0
40
0
40
0
40
0
40
1
40
1
40
1
40
1
41
1
41
1
41
1
41
1
10
41.496294457508057
20
-28.656799134369546
30
0
10
43.030877790841387
20
-28.550965801036202
30
0
10
43.189627790841392
20
-28.498049134369538
30
0
10
43.560044457508056
20
-27.783674134369541
30
0
0
SPLINE
5
783
100
AcDbEntity
8
0
100
AcDbSpline
70
4
71
3
72
8
73
4
74
0
42
0.000000001
43
0.0000000001
44
0.0000000001
40
0
40
0
40
0
40
0
40
1
40
1
40
1
40
1
41
1
41
1
41
1
41
1
10
43.560044457508056
20
-27.783674134369541
30
0
10
43.771711124174722
20
-27.360340801036202
30
0
10
43.956919457508057
20
-26.857632467702874
30
0
10
43.956919457508057
20
-26.645965801036205
30
0
0
SPLINE
5
784
100
AcDbEntity
8
0
100
AcDbSpline
70
4
71
3
72
8
73
4
74
0
42
0.000000001
43
0.0000000001
44
0.0000000001
40
0
40
0
40
0
40
0
40
1
40
1
40
1
40
1
41
1
41
1
41
1
41
1
10
43.956919457508057
20
-26.645965801036205
30
0
10
43.956919457508057
20
-26.434299134369535
30
0
10
44.115669457508062
20
-26.116799134369536
30
0
10
44.327336124174721
20
-25.931590801036208
30
0
0
SPLINE
5
785
100
AcDbEntity
8
0
100
AcDbSpline
70
4
71
3
72
8
73
4
74
0
42
0.000000001
43
0.0000000001
44
0.0000000001
40
0
40
0
40
0
40
0
40
1
40
1
40
1
40
1
41
1
41
1
41
1
41
1
10
44.327336124174721
20
-25.931590801036208
30
0
10
44.856502790841397
20
-25.534715801036207
30
0
10
44.221502790841392
20
-24.079507467702875
30
0
10
43.533586124174725
20
-24.079507467702875
30
0
0
SPLINE
5
786
100
AcDbEntity
8
0
100
AcDbSpline
70
4
71
3
72
8
73
4
74
0
42
0.000000001
43
0.0000000001
44
0.0000000001
40
0
40
0
40
0
40
0
40
1
40
1
40
1
40
1
41
1
41
1
41
1
41
1
10
43.533586124174725
20
-24.079507467702875
30
0
10
43.454211124174726
20
-24.079507467702875
30
0
10
43.480669457508057
20
-24.238257467702866
30
0
10
43.612961124174731
20
-24.397007467702871
30
0
0
SPLINE
5
787
100
AcDbEntity
8
0
100
AcDbSpline
70
4
71
3
72
8
73
4
74
0
42
0.000000001
43
0.0000000001
44
0.0000000001
40
0
40
0
40
0
40
0
40
1
40
1
40
1
40
1
41
1
41
1
41
1
41
1
10
43.612961124174731
20
-24.397007467702871
30
0
10
43.904002790841396
20
-24.767424134369534
30
0
10
44.247961124174736
20
-25.931590801036208
30
0
10
44.062752790841387
20
-25.931590801036208
30
0
0
SPLINE
5
788
100
AcDbEntity
8
0
100
AcDbSpline
70
4
71
3
72
8
73
4
74
0
42
0.000000001
43
0.0000000001
44
0.0000000001
40
0
40
0
40
0
40
0
40
1
40
1
40
1
40
1
41
1
41
1
41
1
41
1
10
44.062752790841387
20
-25.931590801036208
30
0
10
44.009836124174726
20
-25.931590801036208
30
0
10
43.665877790841392
20
-25.614090801036209
30
0
10
43.295461124174722
20
-25.190757467702873
30
0
0
SPLINE
5
789
100
AcDbEntity
8
0
100
AcDbSpline
70
4
71
3
72
8
73
4
74
0
42
0.000000001
43
0.0000000001
44
0.0000000001
40
0
40
0
40
0
40
0
40
1
40
1
40
1
40
1
41
1
41
1
41
1
41
1
10
43.295461124174722
20
-25.190757467702873
30
0
10
42.713377790841392
20
-24.582215801036202
30
0
10
41.575669457508056
20
-21.59242413436953
30
0
10
41.575669457508056
20
-20.666382467702867
30
0
0
SPLINE
5
790
100
AcDbEntity
8
0
100
AcDbSpline
70
4
71
3
72
8
73
4
74
0
42
0.000000001
43
0.0000000001
44
0.0000000001
40
0
40
0
40
0
40
0
40
1
40
1
40
1
40
1
41
1
41
1
41
1
41
1
10
41.575669457508056
20
-20.666382467702867
30
0
10
41.575669457508056
20
-20.243049134369539
30
0
10
41.866711124174728
20
-20.295965801036203
30
0
10
42.263586124174722
20
-20.825132467702868
30
0
0
SPLINE
5
791
100
AcDbEntity
8
0
100
AcDbSpline
70
4
71
3
72
8
73
4
74
0
42
0.000000001
43
0.0000000001
44
0.0000000001
40
0
40
0
40
0
40
0
40
1
40
1
40
1
40
1
41
1
41
1
41
1
41
1
10
40.252752790841384
20
-21.195549134369532
30
0
10
40.490877790841395
20
-21.327840801036196
30
0
10
40.014627790841395
20
-21.407215801036202
30
0
10
39.009211124174726
20
-21.380757467702875
30
0
0
SPLINE
5
792
100
AcDbEntity
8
0
100
AcDbSpline
70
4
71
3
72
8
73
4
74
0
42
0.000000001
43
0.0000000001
44
0.0000000001
40
0
40
0
40
0
40
0
40
1
40
1
40
1
40
1
41
1
41
1
41
1
41
1
10
39.009211124174726
20
-21.380757467702875
30
0
10
37.421711124174728
20
-21.327840801036196
30
0
10
37.130669457508063
20
-21.089715801036206
30
0
10
38.268377790841384
20
-20.825132467702868
30
0
0
SPLINE
5
793
100
AcDbEntity
8
0
100
AcDbSpline
70
4
71
3
72
8
73
4
74
0
42
0.000000001
43
0.0000000001
44
0.0000000001
40
0
40
0
40
0
40
0
40
1
40
1
40
1
40
1
41
1
41
1
41
1
41
1
10
38.268377790841384
20
-20.825132467702868
30
0
10
38.850461124174728
20
-20.692840801036205
30
0
10
39.644211124174724
20
-20.85159080103621
30
0
10
40.252752790841384
20
-21.195549134369532
30
0
0
SPLINE
5
794
100
AcDbEntity
8
0
100
AcDbSpline
70
4
71
3
72
8
73
4
74
0
42
0.000000001
43
0.0000000001
44
0.0000000001
40
0
40
0
40
0
40
0
40
1
40
1
40
1
40
1
41
1
41
1
41
1
41
1
10
45.914836124174727
20
-20.85159080103621
30
0
10
45.967752790841402
20
-20.957424134369536
30
0
10
45.967752790841402
20
-21.195549134369532
30
0
10
45.861919457508058
20
-21.354299134369541
30
0
0
SPLINE
5
795
100
AcDbEntity
8
0
100
AcDbSpline
70
4
71
3
72
8
73
4
74
0
42
0.000000001
43
0.0000000001
44
0.0000000001
40
0
40
0
40
0
40
0
40
1
40
1
40
1
40
1
41
1
41
1
41
1
41
1
10
45.861919457508058
20
-21.354299134369541
30
0
10
45.729627790841398
20
-21.565965801036207
30
0
10
45.465044457508057
20
-21.486590801036204
30
0
10
45.041711124174732
20
-21.142632467702867
30
0
0
LINE
5
796
100
AcDbEntity
8
0
100
AcDbLine
10
45.041711124174732
20
-21.142632467702867
30
0
11
44.433169457508058
21
-20.639924134369537
31
0
0
LINE
5
797
100
AcDbEntity
8
0
100
AcDbLine
10
44.433169457508058
20
-20.639924134369537
30
0
11
45.094627790841393
21
-20.639924134369544
31
0
0
SPLINE
5
798
100
AcDbEntity
8
0
100
AcDbSpline
70
4
71
3
72
8
73
4
74
0
42
0.000000001
43
0.0000000001
44
0.0000000001
40
0
40
0
40
0
40
0
40
1
40
1
40
1
40
1
41
1
41
1
41
1
41
1
10
45.094627790841393
20
-20.639924134369544
30
0
10
45.465044457508057
20
-20.639924134369544
30
0
10
45.835461124174728
20
-20.745757467702866
30
0
10
45.914836124174727
20
-20.85159080103621
30
0
0
SPLINE
5
799
100
AcDbEntity
8
0
100
AcDbSpline
70
4
71
3
72
8
73
4
74
0
42
0.000000001
43
0.0000000001
44
0.0000000001
40
0
40
0
40
0
40
0
40
1
40
1
40
1
40
1
41
1
41
1
41
1
41
1
10
45.015252790841387
20
-21.433674134369539
30
0
10
45.015252790841387
20
-21.565965801036207
30
0
10
44.644836124174731
20
-21.698257467702874
30
0
10
44.195044457508061
20
-21.698257467702874
30
0
0
SPLINE
5
800
100
AcDbEntity
8
0
100
AcDbSpline
70
4
71
3
72
8
73
4
74
0
42
0.000000001
43
0.0000000001
44
0.0000000001
40
0
40
0
40
0
40
0
40
1
40
1
40
1
40
1
41
1
41
1
41
1
41
1
10
44.195044457508061
20
-21.698257467702874
30
0
10
43.745252790841391
20
-21.698257467702874
30
0
10
43.454211124174726
20
-21.59242413436953
30
0
10
43.560044457508056
20
-21.433674134369539
30
0
0
SPLINE
5
801
100
AcDbEntity
8
0
100
AcDbSpline
70
4
71
3
72
8
73
4
74
0
42
0.000000001
43
0.0000000001
44
0.0000000001
40
0
40
0
40
0
40
0
40
1
40
1
40
1
40
1
41
1
41
1
41
1
41
1
10
43.560044457508056
20
-21.433674134369539
30
0
10
43.639419457508062
20
-21.274924134369535
30
0
10
44.009836124174726
20
-21.169090801036209
30
0
10
44.380252790841396
20
-21.169090801036209
30
0
0
SPLINE
5
802
100
AcDbEntity
8
0
100
AcDbSpline
70
4
71
3
72
8
73
4
74
0
42
0.000000001
43
0.0000000001
44
0.0000000001
40
0
40
0
40
0
40
0
40
1
40
1
40
1
40
1
41
1
41
1
41
1
41
1
10
44.380252790841396
20
-21.169090801036209
30
0
10
44.724211124174722
20
-21.169090801036209
30
0
10
45.015252790841387
20
-21.274924134369535
30
0
10
45.015252790841387
20
-21.433674134369539
30
0
0
SPLINE
5
803
100
AcDbEntity
8
0
100
AcDbSpline
70
4
71
3
72
8
73
4
74
0
42
0.000000001
43
0.0000000001
44
0.0000000001
40
0
40
0
40
0
40
0
40
1
40
1
40
1
40
1
41
1
41
1
41
1
41
1
10
29.431294457508059
20
-23.365132467702878
30
0
10
29.299002790841399
20
-23.497424134369545
30
0
10
29.219627790841393
20
-24.000132467702873
30
0
10
29.299002790841399
20
-24.449924134369535
30
0
0
SPLINE
5
804
100
AcDbEntity
8
0
100
AcDbSpline
70
4
71
3
72
8
73
4
74
0
42
0.000000001
43
0.0000000001
44
0.0000000001
40
0
40
0
40
0
40
0
40
1
40
1
40
1
40
1
41
1
41
1
41
1
41
1
10
29.299002790841399
20
-24.449924134369535
30
0
10
29.404836124174718
20
-25.217215801036211
30
0
10
29.404836124174718
20
-25.243674134369535
30
0
10
29.113794457508053
20
-24.661590801036205
30
0
0
SPLINE
5
805
100
AcDbEntity
8
0
100
AcDbSpline
70
4
71
3
72
8
73
4
74
0
42
0.000000001
43
0.0000000001
44
0.0000000001
40
0
40
0
40
0
40
0
40
1
40
1
40
1
40
1
41
1
41
1
41
1
41
1
10
29.113794457508053
20
-24.661590801036205
30
0
10
28.849211124174722
20
-24.211799134369542
30
0
10
28.875669457508053
20
-23.841382467702864
30
0
10
29.166711124174725
20
-22.941799134369539
30
0
0
SPLINE
5
806
100
AcDbEntity
8
0
100
AcDbSpline
70
4
71
3
72
8
73
4
74
0
42
0.000000001
43
0.0000000001
44
0.0000000001
40
0
40
0
40
0
40
0
40
1
40
1
40
1
40
1
41
1
41
1
41
1
41
1
10
29.166711124174725
20
-22.941799134369539
30
0
10
29.484211124174724
20
-22.015757467702869
30
0
10
29.56358612417473
20
-21.93638246770287
30
0
10
29.616502790841395
20
-22.465549134369532
30
0
0
SPLINE
5
807
100
AcDbEntity
8
0
100
AcDbSpline
70
4
71
3
72
8
73
4
74
0
42
0.000000001
43
0.0000000001
44
0.0000000001
40
0
40
0
40
0
40
0
40
1
40
1
40
1
40
1
41
1
41
1
41
1
41
1
10
29.616502790841395
20
-22.465549134369532
30
0
10
29.669419457508049
20
-22.809507467702872
30
0
10
29.590044457508064
20
-23.20638246770287
30
0
10
29.431294457508059
20
-23.365132467702878
30
0
0
SPLINE
5
808
100
AcDbEntity
8
0
100
AcDbSpline
70
4
71
3
72
8
73
4
74
0
42
0.000000001
43
0.0000000001
44
0.0000000001
40
0
40
0
40
0
40
0
40
1
40
1
40
1
40
1
41
1
41
1
41
1
41
1
10
45.279836124174722
20
-22.200965801036201
30
0
10
45.279836124174722
20
-22.62429913436954
30
0
10
44.274419457508067
20
-22.809507467702872
30
0
10
43.771711124174722
20
-22.492007467702877
30
0
0
SPLINE
5
809
100
AcDbEntity
8
0
100
AcDbSpline
70
4
71
3
72
8
73
4
74
0
42
0.000000001
43
0.0000000001
44
0.0000000001
40
0
40
0
40
0
40
0
40
1
40
1
40
1
40
1
41
1
41
1
41
1
41
1
10
43.771711124174722
20
-22.492007467702877
30
0
10
43.348377790841397
20
-22.227424134369542
30
0
10
43.348377790841397
20
-22.200965801036201
30
0
10
43.851086124174728
20
-22.306799134369545
30
0
0
SPLINE
5
810
100
AcDbEntity
8
0
100
AcDbSpline
70
4
71
3
72
8
73
4
74
0
42
0.000000001
43
0.0000000001
44
0.0000000001
40
0
40
0
40
0
40
0
40
1
40
1
40
1
40
1
41
1
41
1
41
1
41
1
10
43.851086124174728
20
-22.306799134369545
30
0
10
44.168586124174723
20
-22.386174134369533
30
0
10
44.591919457508062
20
-22.333257467702868
30
0
10
44.777127790841398
20
-22.200965801036201
30
0
0
SPLINE
5
811
100
AcDbEntity
8
0
100
AcDbSpline
70
4
71
3
72
8
73
4
74
0
42
0.000000001
43
0.0000000001
44
0.0000000001
40
0
40
0
40
0
40
0
40
1
40
1
40
1
40
1
41
1
41
1
41
1
41
1
10
44.777127790841398
20
-22.200965801036201
30
0
10
45.253377790841391
20
-21.909924134369547
30
0
10
45.279836124174722
20
-21.909924134369547
30
0
10
45.279836124174722
20
-22.200965801036201
30
0
0
SPLINE
5
812
100
AcDbEntity
8
0
100
AcDbSpline
70
4
71
3
72
8
73
4
74
0
42
0.000000001
43
0.0000000001
44
0.0000000001
40
0
40
0
40
0
40
0
40
1
40
1
40
1
40
1
41
1
41
1
41
1
41
1
10
30.569002790841388
20
-25.428882467702863
30
0
10
30.436711124174725
20
-26.196174134369542
30
0
10
30.489627790841396
20
-26.460757467702877
30
0
10
30.727752790841389
20
-26.460757467702877
30
0
0
SPLINE
5
813
100
AcDbEntity
8
0
100
AcDbSpline
70
4
71
3
72
8
73
4
74
0
42
0.000000001
43
0.0000000001
44
0.0000000001
40
0
40
0
40
0
40
0
40
1
40
1
40
1
40
1
41
1
41
1
41
1
41
1
10
30.727752790841389
20
-26.460757467702877
30
0
10
30.939419457508059
20
-26.460757467702877
30
0
10
30.99233612417472
20
-26.381382467702871
30
0
10
30.912961124174725
20
-26.302007467702868
30
0
0
SPLINE
5
814
100
AcDbEntity
8
0
100
AcDbSpline
70
4
71
3
72
8
73
4
74
0
42
0.000000001
43
0.0000000001
44
0.0000000001
40
0
40
0
40
0
40
0
40
1
40
1
40
1
40
1
41
1
41
1
41
1
41
1
10
30.912961124174725
20
-26.302007467702868
30
0
10
30.833586124174719
20
-26.196174134369542
30
0
10
30.860044457508053
20
-25.878674134369547
30
0
10
31.018794457508065
20
-25.614090801036209
30
0
0
SPLINE
5
815
100
AcDbEntity
8
0
100
AcDbSpline
70
4
71
3
72
8
73
4
74
0
42
0.000000001
43
0.0000000001
44
0.0000000001
40
0
40
0
40
0
40
0
40
1
40
1
40
1
40
1
41
1
41
1
41
1
41
1
10
31.018794457508065
20
-25.614090801036209
30
0
10
31.230461124174724
20
-25.243674134369535
30
0
10
31.389211124174725
20
-25.164299134369532
30
0
10
31.600877790841395
20
-25.375965801036202
30
0
0
SPLINE
5
816
100
AcDbEntity
8
0
100
AcDbSpline
70
4
71
3
72
8
73
4
74
0
42
0.000000001
43
0.0000000001
44
0.0000000001
40
0
40
0
40
0
40
0
40
1
40
1
40
1
40
1
41
1
41
1
41
1
41
1
10
31.600877790841395
20
-25.375965801036202
30
0
10
31.786086124174719
20
-25.56117413436953
30
0
10
31.759627790841385
20
-25.772840801036203
30
0
10
31.521502790841389
20
-26.037424134369537
30
0
0
SPLINE
5
817
100
AcDbEntity
8
0
100
AcDbSpline
70
4
71
3
72
8
73
4
74
0
42
0.000000001
43
0.0000000001
44
0.0000000001
40
0
40
0
40
0
40
0
40
1
40
1
40
1
40
1
41
1
41
1
41
1
41
1
10
31.521502790841389
20
-26.037424134369537
30
0
10
31.33629445750806
20
-26.275549134369545
30
0
10
31.256919457508054
20
-26.645965801036205
30
0
10
31.362752790841391
20
-26.857632467702874
30
0
0
SPLINE
5
818
100
AcDbEntity
8
0
100
AcDbSpline
70
4
71
3
72
8
73
4
74
0
42
0.000000001
43
0.0000000001
44
0.0000000001
40
0
40
0
40
0
40
0
40
1
40
1
40
1
40
1
41
1
41
1
41
1
41
1
10
31.362752790841391
20
-26.857632467702874
30
0
10
31.44212779084139
20
-27.069299134369547
30
0
10
31.44212779084139
20
-27.439715801036204
30
0
10
31.362752790841391
20
-27.651382467702877
30
0
0
SPLINE
5
819
100
AcDbEntity
8
0
100
AcDbSpline
70
4
71
3
72
8
73
4
74
0
42
0.000000001
43
0.0000000001
44
0.0000000001
40
0
40
0
40
0
40
0
40
1
40
1
40
1
40
1
41
1
41
1
41
1
41
1
10
31.362752790841391
20
-27.651382467702877
30
0
10
31.230461124174724
20
-27.968882467702873
30
0
10
31.09816945750806
20
-27.99534080103621
30
0
10
30.833586124174719
20
-27.757215801036203
30
0
0
SPLINE
5
820
100
AcDbEntity
8
0
100
AcDbSpline
70
4
71
3
72
8
73
4
74
0
42
0.000000001
43
0.0000000001
44
0.0000000001
40
0
40
0
40
0
40
0
40
1
40
1
40
1
40
1
41
1
41
1
41
1
41
1
10
30.833586124174719
20
-27.757215801036203
30
0
10
30.62191945750806
20
-27.598465801036212
30
0
10
30.542544457508054
20
-27.360340801036202
30
0
10
30.62191945750806
20
-27.228049134369535
30
0
0
SPLINE
5
821
100
AcDbEntity
8
0
100
AcDbSpline
70
4
71
3
72
8
73
4
74
0
42
0.000000001
43
0.0000000001
44
0.0000000001
40
0
40
0
40
0
40
0
40
1
40
1
40
1
40
1
41
1
41
1
41
1
41
1
10
30.62191945750806
20
-27.228049134369535
30
0
10
30.701294457508055
20
-27.095757467702871
30
0
10
30.569002790841388
20
-26.80471580103621
30
0
10
30.330877790841384
20
-26.566590801036199
30
0
0
SPLINE
5
822
100
AcDbEntity
8
0
100
AcDbSpline
70
4
71
3
72
8
73
4
74
0
42
0.000000001
43
0.0000000001
44
0.0000000001
40
0
40
0
40
0
40
0
40
1
40
1
40
1
40
1
41
1
41
1
41
1
41
1
10
30.330877790841384
20
-26.566590801036199
30
0
10
30.03983612417472
20
-26.275549134369545
30
0
10
29.960461124174724
20
-25.878674134369547
30
0
10
30.092752790841395
20
-25.243674134369535
30
0
0
SPLINE
5
823
100
AcDbEntity
8
0
100
AcDbSpline
70
4
71
3
72
8
73
4
74
0
42
0.000000001
43
0.0000000001
44
0.0000000001
40
0
40
0
40
0
40
0
40
1
40
1
40
1
40
1
41
1
41
1
41
1
41
1
10
30.092752790841395
20
-25.243674134369535
30
0
10
30.198586124174724
20
-24.661590801036205
30
0
10
30.14566945750806
20
-24.185340801036205
30
0
10
29.90754445750806
20
-23.867840801036206
30
0
0
SPLINE
5
824
100
AcDbEntity
8
0
100
AcDbSpline
70
4
71
3
72
8
73
4
74
0
42
0.000000001
43
0.0000000001
44
0.0000000001
40
0
40
0
40
0
40
0
40
1
40
1
40
1
40
1
41
1
41
1
41
1
41
1
10
29.90754445750806
20
-23.867840801036206
30
0
10
29.616502790841395
20
-23.497424134369545
30
0
10
29.669419457508049
20
-23.523882467702869
30
0
10
30.14566945750806
20
-23.920757467702867
30
0
0
SPLINE
5
825
100
AcDbEntity
8
0
100
AcDbSpline
70
4
71
3
72
8
73
4
74
0
42
0.000000001
43
0.0000000001
44
0.0000000001
40
0
40
0
40
0
40
0
40
1
40
1
40
1
40
1
41
1
41
1
41
1
41
1
10
30.14566945750806
20
-23.920757467702867
30
0
10
30.62191945750806
20
-24.344090801036206
30
0
10
30.701294457508055
20
-24.582215801036202
30
0
10
30.569002790841388
20
-25.428882467702863
30
0
0
SPLINE
5
826
100
AcDbEntity
8
0
100
AcDbSpline
70
4
71
3
72
8
73
4
74
0
42
0.000000001
43
0.0000000001
44
0.0000000001
40
0
40
0
40
0
40
0
40
1
40
1
40
1
40
1
41
1
41
1
41
1
41
1
10
33.082544457508057
20
-24.185340801036205
30
0
10
33.32066945750806
20
-24.449924134369535
30
0
10
33.294211124174723
20
-24.60867413436954
30
0
10
32.97671112417472
20
-24.873257467702878
30
0
0
SPLINE
5
827
100
AcDbEntity
8
0
100
AcDbSpline
70
4
71
3
72
8
73
4
74
0
42
0.000000001
43
0.0000000001
44
0.0000000001
40
0
40
0
40
0
40
0
40
1
40
1
40
1
40
1
41
1
41
1
41
1
41
1
10
32.97671112417472
20
-24.873257467702878
30
0
10
32.526919457508058
20
-25.243674134369535
30
0
10
31.786086124174719
20
-25.058465801036203
30
0
10
31.786086124174719
20
-24.529299134369538
30
0
0
SPLINE
5
828
100
AcDbEntity
8
0
100
AcDbSpline
70
4
71
3
72
8
73
4
74
0
42
0.000000001
43
0.0000000001
44
0.0000000001
40
0
40
0
40
0
40
0
40
1
40
1
40
1
40
1
41
1
41
1
41
1
41
1
10
31.786086124174719
20
-24.529299134369538
30
0
10
31.786086124174719
20
-23.762007467702876
30
0
10
32.579836124174726
20
-23.55034080103621
30
0
10
33.082544457508057
20
-24.185340801036205
30
0
0
SPLINE
5
829
100
AcDbEntity
8
0
100
AcDbSpline
70
4
71
3
72
8
73
4
74
0
42
0.000000001
43
0.0000000001
44
0.0000000001
40
0
40
0
40
0
40
0
40
1
40
1
40
1
40
1
41
1
41
1
41
1
41
1
10
42.528169457508056
20
-24.926174134369536
30
0
10
42.634002790841386
20
-25.111382467702867
30
0
10
42.607544457508055
20
-25.137840801036209
30
0
10
42.422336124174727
20
-25.032007467702865
30
0
0
SPLINE
5
830
100
AcDbEntity
8
0
100
AcDbSpline
70
4
71
3
72
8
73
4
74
0
42
0.000000001
43
0.0000000001
44
0.0000000001
40
0
40
0
40
0
40
0
40
1
40
1
40
1
40
1
41
1
41
1
41
1
41
1
10
42.422336124174727
20
-25.032007467702865
30
0
10
42.237127790841392
20
-24.926174134369536
30
0
10
42.104836124174724
20
-24.9790908010362
30
0
10
42.104836124174724
20
-25.111382467702867
30
0
0
SPLINE
5
831
100
AcDbEntity
8
0
100
AcDbSpline
70
4
71
3
72
8
73
4
74
0
42
0.000000001
43
0.0000000001
44
0.0000000001
40
0
40
0
40
0
40
0
40
1
40
1
40
1
40
1
41
1
41
1
41
1
41
1
10
42.104836124174724
20
-25.111382467702867
30
0
10
42.104836124174724
20
-25.270132467702876
30
0
10
41.999002790841395
20
-25.402424134369539
30
0
10
41.84025279084139
20
-25.402424134369539
30
0
0
SPLINE
5
832
100
AcDbEntity
8
0
100
AcDbSpline
70
4
71
3
72
8
73
4
74
0
42
0.000000001
43
0.0000000001
44
0.0000000001
40
0
40
0
40
0
40
0
40
1
40
1
40
1
40
1
41
1
41
1
41
1
41
1
10
41.84025279084139
20
-25.402424134369539
30
0
10
41.707961124174716
20
-25.402424134369539
30
0
10
41.575669457508056
20
-25.217215801036211
30
0
10
41.575669457508056
20
-25.005549134369542
30
0
0
SPLINE
5
833
100
AcDbEntity
8
0
100
AcDbSpline
70
4
71
3
72
8
73
4
74
0
42
0.000000001
43
0.0000000001
44
0.0000000001
40
0
40
0
40
0
40
0
40
1
40
1
40
1
40
1
41
1
41
1
41
1
41
1
10
41.575669457508056
20
-25.005549134369542
30
0
10
41.575669457508056
20
-24.529299134369538
30
0
10
42.263586124174722
20
-24.476382467702873
30
0
10
42.528169457508056
20
-24.926174134369536
30
0
0
SPLINE
5
834
100
AcDbEntity
8
0
100
AcDbSpline
70
4
71
3
72
8
73
4
74
0
42
0.000000001
43
0.0000000001
44
0.0000000001
40
0
40
0
40
0
40
0
40
1
40
1
40
1
40
1
41
1
41
1
41
1
41
1
10
34.061502790841388
20
-25.111382467702867
30
0
10
33.955669457508066
20
-25.243674134369535
30
0
10
34.035044457508057
20
-25.402424134369539
30
0
10
34.220252790841393
20
-25.455340801036208
30
0
0
SPLINE
5
835
100
AcDbEntity
8
0
100
AcDbSpline
70
4
71
3
72
8
73
4
74
0
42
0.000000001
43
0.0000000001
44
0.0000000001
40
0
40
0
40
0
40
0
40
1
40
1
40
1
40
1
41
1
41
1
41
1
41
1
10
34.220252790841393
20
-25.455340801036208
30
0
10
34.37900279084139
20
-25.508257467702869
30
0
10
34.564211124174726
20
-25.852215801036206
30
0
10
34.617127790841387
20
-26.196174134369542
30
0
0
SPLINE
5
836
100
AcDbEntity
8
0
100
AcDbSpline
70
4
71
3
72
8
73
4
74
0
42
0.000000001
43
0.0000000001
44
0.0000000001
40
0
40
0
40
0
40
0
40
1
40
1
40
1
40
1
41
1
41
1
41
1
41
1
10
34.617127790841387
20
-26.196174134369542
30
0
10
34.670044457508055
20
-26.540132467702875
30
0
10
34.881711124174728
20
-27.016382467702865
30
0
10
35.093377790841387
20
-27.254507467702872
30
0
0
SPLINE
5
837
100
AcDbEntity
8
0
100
AcDbSpline
70
4
71
3
72
8
73
4
74
0
42
0.000000001
43
0.0000000001
44
0.0000000001
40
0
40
0
40
0
40
0
40
1
40
1
40
1
40
1
41
1
41
1
41
1
41
1
10
35.093377790841387
20
-27.254507467702872
30
0
10
35.30504445750806
20
-27.492632467702869
30
0
10
35.490252790841396
20
-27.836590801036209
30
0
10
35.490252790841396
20
-27.99534080103621
30
0
0
SPLINE
5
838
100
AcDbEntity
8
0
100
AcDbSpline
70
4
71
3
72
8
73
4
74
0
42
0.000000001
43
0.0000000001
44
0.0000000001
40
0
40
0
40
0
40
0
40
1
40
1
40
1
40
1
41
1
41
1
41
1
41
1
10
35.490252790841396
20
-27.99534080103621
30
0
10
35.490252790841396
20
-28.154090801036205
30
0
10
35.622544457508056
20
-28.365757467702871
30
0
10
35.807752790841391
20
-28.471590801036196
30
0
0
SPLINE
5
839
100
AcDbEntity
8
0
100
AcDbSpline
70
4
71
3
72
8
73
4
74
0
42
0.000000001
43
0.0000000001
44
0.0000000001
40
0
40
0
40
0
40
0
40
1
40
1
40
1
40
1
41
1
41
1
41
1
41
1
10
35.807752790841391
20
-28.471590801036196
30
0
10
35.992961124174727
20
-28.603882467702867
30
0
10
36.019419457508057
20
-28.550965801036202
30
0
10
35.88712779084139
20
-28.312840801036209
30
0
0
SPLINE
5
840
100
AcDbEntity
8
0
100
AcDbSpline
70
4
71
3
72
8
73
4
74
0
42
0.000000001
43
0.0000000001
44
0.0000000001
40
0
40
0
40
0
40
0
40
1
40
1
40
1
40
1
41
1
41
1
41
1
41
1
10
35.88712779084139
20
-28.312840801036209
30
0
10
35.754836124174723
20
-28.074715801036199
30
0
10
35.781294457508054
20
-28.021799134369534
30
0
10
35.992961124174727
20
-28.154090801036205
30
0
0
SPLINE
5
841
100
AcDbEntity
8
0
100
AcDbSpline
70
4
71
3
72
8
73
4
74
0
42
0.000000001
43
0.0000000001
44
0.0000000001
40
0
40
0
40
0
40
0
40
1
40
1
40
1
40
1
41
1
41
1
41
1
41
1
10
35.992961124174727
20
-28.154090801036205
30
0
10
36.151711124174717
20
-28.259924134369541
30
0
10
36.231086124174723
20
-28.445132467702873
30
0
10
36.151711124174717
20
-28.57742413436954
30
0
0
SPLINE
5
842
100
AcDbEntity
8
0
100
AcDbSpline
70
4
71
3
72
8
73
4
74
0
42
0.000000001
43
0.0000000001
44
0.0000000001
40
0
40
0
40
0
40
0
40
1
40
1
40
1
40
1
41
1
41
1
41
1
41
1
10
36.151711124174717
20
-28.57742413436954
30
0
10
36.072336124174733
20
-28.709715801036207
30
0
10
36.389836124174728
20
-29.080132467702867
30
0
10
36.866086124174728
20
-29.397632467702866
30
0
0
SPLINE
5
843
100
AcDbEntity
8
0
100
AcDbSpline
70
4
71
3
72
8
73
4
74
0
42
0.000000001
43
0.0000000001
44
0.0000000001
40
0
40
0
40
0
40
0
40
1
40
1
40
1
40
1
41
1
41
1
41
1
41
1
10
36.866086124174728
20
-29.397632467702866
30
0
10
37.342336124174722
20
-29.741590801036203
30
0
10
37.765669457508068
20
-30.085549134369536
30
0
10
37.818586124174729
20
-30.191382467702866
30
0
0
SPLINE
5
844
100
AcDbEntity
8
0
100
AcDbSpline
70
4
71
3
72
8
73
4
74
0
42
0.000000001
43
0.0000000001
44
0.0000000001
40
0
40
0
40
0
40
0
40
1
40
1
40
1
40
1
41
1
41
1
41
1
41
1
10
37.818586124174729
20
-30.191382467702866
30
0
10
37.84504445750806
20
-30.270757467702868
30
0
10
38.268377790841384
20
-30.323674134369533
30
0
10
38.718169457508068
20
-30.270757467702868
30
0
0
SPLINE
5
845
100
AcDbEntity
8
0
100
AcDbSpline
70
4
71
3
72
8
73
4
74
0
42
0.000000001
43
0.0000000001
44
0.0000000001
40
0
40
0
40
0
40
0
40
1
40
1
40
1
40
1
41
1
41
1
41
1
41
1
10
38.718169457508068
20
-30.270757467702868
30
0
10
39.511919457508064
20
-30.164924134369542
30
0
10
39.644211124174724
20
-30.403049134369535
30
0
10
38.876919457508059
20
-30.535340801036202
30
0
0
SPLINE
5
846
100
AcDbEntity
8
0
100
AcDbSpline
70
4
71
3
72
8
73
4
74
0
42
0.000000001
43
0.0000000001
44
0.0000000001
40
0
40
0
40
0
40
0
40
1
40
1
40
1
40
1
41
1
41
1
41
1
41
1
10
38.876919457508059
20
-30.535340801036202
30
0
10
38.691711124174731
20
-30.561799134369544
30
0
10
38.400669457508059
20
-30.667632467702866
30
0
10
38.241919457508054
20
-30.747007467702872
30
0
0
SPLINE
5
847
100
AcDbEntity
8
0
100
AcDbSpline
70
4
71
3
72
8
73
4
74
0
42
0.000000001
43
0.0000000001
44
0.0000000001
40
0
40
0
40
0
40
0
40
1
40
1
40
1
40
1
41
1
41
1
41
1
41
1
10
38.241919457508054
20
-30.747007467702872
30
0
10
38.083169457508063
20
-30.852840801036198
30
0
10
37.606919457508056
20
-30.667632467702866
30
0
10
37.183586124174724
20
-30.350132467702871
30
0
0
SPLINE
5
848
100
AcDbEntity
8
0
100
AcDbSpline
70
4
71
3
72
8
73
4
74
0
42
0.000000001
43
0.0000000001
44
0.0000000001
40
0
40
0
40
0
40
0
40
1
40
1
40
1
40
1
41
1
41
1
41
1
41
1
10
37.183586124174724
20
-30.350132467702871
30
0
10
36.284002790841392
20
-29.662215801036197
30
0
10
33.373586124174722
20
-26.857632467702874
30
0
10
33.796919457508061
20
-27.095757467702871
30
0
0
SPLINE
5
849
100
AcDbEntity
8
0
100
AcDbSpline
70
4
71
3
72
8
73
4
74
0
42
0.000000001
43
0.0000000001
44
0.0000000001
40
0
40
0
40
0
40
0
40
1
40
1
40
1
40
1
41
1
41
1
41
1
41
1
10
33.796919457508061
20
-27.095757467702871
30
0
10
33.982127790841396
20
-27.175132467702873
30
0
10
34.167336124174724
20
-27.016382467702865
30
0
10
34.246711124174723
20
-26.751799134369531
30
0
0
SPLINE
5
850
100
AcDbEntity
8
0
100
AcDbSpline
70
4
71
3
72
8
73
4
74
0
42
0.000000001
43
0.0000000001
44
0.0000000001
40
0
40
0
40
0
40
0
40
1
40
1
40
1
40
1
41
1
41
1
41
1
41
1
10
34.246711124174723
20
-26.751799134369531
30
0
10
34.326086124174722
20
-26.381382467702871
30
0
10
34.273169457508061
20
-26.275549134369545
30
0
10
33.982127790841396
20
-26.381382467702871
30
0
0
SPLINE
5
851
100
AcDbEntity
8
0
100
AcDbSpline
70
4
71
3
72
8
73
4
74
0
42
0.000000001
43
0.0000000001
44
0.0000000001
40
0
40
0
40
0
40
0
40
1
40
1
40
1
40
1
41
1
41
1
41
1
41
1
10
33.982127790841396
20
-26.381382467702871
30
0
10
33.770461124174716
20
-26.460757467702877
30
0
10
33.638169457508056
20
-26.381382467702871
30
0
10
33.691086124174731
20
-26.169715801036201
30
0
0
SPLINE
5
852
100
AcDbEntity
8
0
100
AcDbSpline
70
4
71
3
72
8
73
4
74
0
42
0.000000001
43
0.0000000001
44
0.0000000001
40
0
40
0
40
0
40
0
40
1
40
1
40
1
40
1
41
1
41
1
41
1
41
1
10
33.691086124174731
20
-26.169715801036201
30
0
10
33.744002790841392
20
-25.984507467702869
30
0
10
33.638169457508056
20
-25.825757467702868
30
0
10
33.45296112417472
20
-25.799299134369541
30
0
0
SPLINE
5
853
100
AcDbEntity
8
0
100
AcDbSpline
70
4
71
3
72
8
73
4
74
0
42
0.000000001
43
0.0000000001
44
0.0000000001
40
0
40
0
40
0
40
0
40
1
40
1
40
1
40
1
41
1
41
1
41
1
41
1
10
33.45296112417472
20
-25.799299134369541
30
0
10
33.294211124174723
20
-25.799299134369541
30
0
10
33.056086124174726
20
-25.693465801036197
30
0
10
32.923794457508052
20
-25.56117413436953
30
0
0
SPLINE
5
854
100
AcDbEntity
8
0
100
AcDbSpline
70
4
71
3
72
8
73
4
74
0
42
0.000000001
43
0.0000000001
44
0.0000000001
40
0
40
0
40
0
40
0
40
1
40
1
40
1
40
1
41
1
41
1
41
1
41
1
10
32.923794457508052
20
-25.56117413436953
30
0
10
32.81796112417473
20
-25.428882467702863
30
0
10
32.84441945750806
20
-25.402424134369539
30
0
10
33.003169457508065
20
-25.481799134369542
30
0
0
SPLINE
5
855
100
AcDbEntity
8
0
100
AcDbSpline
70
4
71
3
72
8
73
4
74
0
42
0.000000001
43
0.0000000001
44
0.0000000001
40
0
40
0
40
0
40
0
40
1
40
1
40
1
40
1
41
1
41
1
41
1
41
1
10
33.003169457508065
20
-25.481799134369542
30
0
10
33.188377790841386
20
-25.587632467702871
30
0
10
33.45296112417472
20
-25.481799134369542
30
0
10
33.638169457508056
20
-25.270132467702876
30
0
0
SPLINE
5
856
100
AcDbEntity
8
0
100
AcDbSpline
70
4
71
3
72
8
73
4
74
0
42
0.000000001
43
0.0000000001
44
0.0000000001
40
0
40
0
40
0
40
0
40
1
40
1
40
1
40
1
41
1
41
1
41
1
41
1
10
33.638169457508056
20
-25.270132467702876
30
0
10
34.008586124174727
20
-24.846799134369533
30
0
10
34.299627790841392
20
-24.740965801036211
30
0
10
34.061502790841388
20
-25.111382467702867
30
0
0
SPLINE
5
857
100
AcDbEntity
8
0
100
AcDbSpline
70
4
71
3
72
8
73
4
74
0
42
0.000000001
43
0.0000000001
44
0.0000000001
40
0
40
0
40
0
40
0
40
1
40
1
40
1
40
1
41
1
41
1
41
1
41
1
10
29.669419457508049
20
-26.407840801036212
30
0
10
29.669419457508049
20
-26.672424134369543
30
0
10
29.801711124174723
20
-27.016382467702865
30
0
10
29.986919457508058
20
-27.201590801036211
30
0
0
SPLINE
5
858
100
AcDbEntity
8
0
100
AcDbSpline
70
4
71
3
72
8
73
4
74
0
42
0.000000001
43
0.0000000001
44
0.0000000001
40
0
40
0
40
0
40
0
40
1
40
1
40
1
40
1
41
1
41
1
41
1
41
1
10
29.986919457508058
20
-27.201590801036211
30
0
10
30.14566945750806
20
-27.360340801036202
30
0
10
30.225044457508055
20
-27.598465801036212
30
0
10
30.119211124174726
20
-27.704299134369535
30
0
0
SPLINE
5
859
100
AcDbEntity
8
0
100
AcDbSpline
70
4
71
3
72
8
73
4
74
0
42
0.000000001
43
0.0000000001
44
0.0000000001
40
0
40
0
40
0
40
0
40
1
40
1
40
1
40
1
41
1
41
1
41
1
41
1
10
30.119211124174726
20
-27.704299134369535
30
0
10
29.881086124174729
20
-27.942424134369531
30
0
10
29.166711124174725
20
-26.989924134369542
30
0
10
29.140252790841387
20
-26.381382467702871
30
0
0
SPLINE
5
860
100
AcDbEntity
8
0
100
AcDbSpline
70
4
71
3
72
8
73
4
74
0
42
0.000000001
43
0.0000000001
44
0.0000000001
40
0
40
0
40
0
40
0
40
1
40
1
40
1
40
1
41
1
41
1
41
1
41
1
10
29.140252790841387
20
-26.381382467702871
30
0
10
29.140252790841387
20
-26.143257467702878
30
0
10
29.272544457508054
20
-25.931590801036208
30
0
10
29.404836124174718
20
-25.931590801036208
30
0
0
SPLINE
5
861
100
AcDbEntity
8
0
100
AcDbSpline
70
4
71
3
72
8
73
4
74
0
42
0.000000001
43
0.0000000001
44
0.0000000001
40
0
40
0
40
0
40
0
40
1
40
1
40
1
40
1
41
1
41
1
41
1
41
1
10
29.404836124174718
20
-25.931590801036208
30
0
10
29.56358612417473
20
-25.931590801036208
30
0
10
29.669419457508049
20
-26.143257467702878
30
0
10
29.669419457508049
20
-26.407840801036212
30
0
0
SPLINE
5
862
100
AcDbEntity
8
0
100
AcDbSpline
70
4
71
3
72
8
73
4
74
0
42
0.000000001
43
0.0000000001
44
0.0000000001
40
0
40
0
40
0
40
0
40
1
40
1
40
1
40
1
41
1
41
1
41
1
41
1
10
33.109002790841387
20
-26.328465801036209
30
0
10
33.294211124174723
20
-26.540132467702875
30
0
10
33.373586124174722
20
-26.910549134369539
30
0
10
33.267752790841392
20
-27.122215801036205
30
0
0
SPLINE
5
863
100
AcDbEntity
8
0
100
AcDbSpline
70
4
71
3
72
8
73
4
74
0
42
0.000000001
43
0.0000000001
44
0.0000000001
40
0
40
0
40
0
40
0
40
1
40
1
40
1
40
1
41
1
41
1
41
1
41
1
10
33.267752790841392
20
-27.122215801036205
30
0
10
33.029627790841396
20
-27.757215801036203
30
0
10
32.156502790841387
20
-27.598465801036212
30
0
10
31.839002790841391
20
-26.831174134369537
30
0
0
SPLINE
5
864
100
AcDbEntity
8
0
100
AcDbSpline
70
4
71
3
72
8
73
4
74
0
42
0.000000001
43
0.0000000001
44
0.0000000001
40
0
40
0
40
0
40
0
40
1
40
1
40
1
40
1
41
1
41
1
41
1
41
1
10
31.839002790841391
20
-26.831174134369537
30
0
10
31.653794457508056
20
-26.460757467702877
30
0
10
31.627336124174725
20
-26.222632467702866
30
0
10
31.759627790841385
20
-26.328465801036209
30
0
0
SPLINE
5
865
100
AcDbEntity
8
0
100
AcDbSpline
70
4
71
3
72
8
73
4
74
0
42
0.000000001
43
0.0000000001
44
0.0000000001
40
0
40
0
40
0
40
0
40
1
40
1
40
1
40
1
41
1
41
1
41
1
41
1
10
31.759627790841385
20
-26.328465801036209
30
0
10
31.89191945750806
20
-26.407840801036212
30
0
10
32.077127790841395
20
-26.354924134369533
30
0
10
32.182961124174724
20
-26.196174134369542
30
0
0
SPLINE
5
866
100
AcDbEntity
8
0
100
AcDbSpline
70
4
71
3
72
8
73
4
74
0
42
0.000000001
43
0.0000000001
44
0.0000000001
40
0
40
0
40
0
40
0
40
1
40
1
40
1
40
1
41
1
41
1
41
1
41
1
10
32.182961124174724
20
-26.196174134369542
30
0
10
32.421086124174721
20
-25.825757467702868
30
0
10
32.712127790841386
20
-25.878674134369547
30
0
10
33.109002790841387
20
-26.328465801036209
30
0
0
SPLINE
5
867
100
AcDbEntity
8
0
100
AcDbSpline
70
4
71
3
72
8
73
4
74
0
42
0.000000001
43
0.0000000001
44
0.0000000001
40
0
40
0
40
0
40
0
40
1
40
1
40
1
40
1
41
1
41
1
41
1
41
1
10
27.896711124174722
20
-27.863049134369543
30
0
10
27.473377790841393
20
-28.789090801036213
30
0
10
26.785461124174724
20
-29.291799134369541
30
0
10
27.129419457508057
20
-28.418674134369539
30
0
0
SPLINE
5
868
100
AcDbEntity
8
0
100
AcDbSpline
70
4
71
3
72
8
73
4
74
0
42
0.000000001
43
0.0000000001
44
0.0000000001
40
0
40
0
40
0
40
0
40
1
40
1
40
1
40
1
41
1
41
1
41
1
41
1
10
27.129419457508057
20
-28.418674134369539
30
0
10
27.208794457508063
20
-28.180549134369542
30
0
10
27.288169457508058
20
-27.915965801036208
30
0
10
27.288169457508058
20
-27.783674134369541
30
0
0
SPLINE
5
869
100
AcDbEntity
8
0
100
AcDbSpline
70
4
71
3
72
8
73
4
74
0
42
0.000000001
43
0.0000000001
44
0.0000000001
40
0
40
0
40
0
40
0
40
1
40
1
40
1
40
1
41
1
41
1
41
1
41
1
10
27.288169457508058
20
-27.783674134369541
30
0
10
27.288169457508058
20
-27.51909080103621
30
0
10
28.108377790841395
20
-26.672424134369543
30
0
10
28.240669457508059
20
-26.80471580103621
30
0
0
SPLINE
5
870
100
AcDbEntity
8
0
100
AcDbSpline
70
4
71
3
72
8
73
4
74
0
42
0.000000001
43
0.0000000001
44
0.0000000001
40
0
40
0
40
0
40
0
40
1
40
1
40
1
40
1
41
1
41
1
41
1
41
1
10
28.240669457508059
20
-26.80471580103621
30
0
10
28.293586124174723
20
-26.831174134369537
30
0
10
28.134836124174729
20
-27.333882467702878
30
0
10
27.896711124174722
20
-27.863049134369543
30
0
0
SPLINE
5
871
100
AcDbEntity
8
0
100
AcDbSpline
70
4
71
3
72
8
73
4
74
0
42
0.000000001
43
0.0000000001
44
0.0000000001
40
0
40
0
40
0
40
0
40
1
40
1
40
1
40
1
41
1
41
1
41
1
41
1
10
27.023586124174717
20
-27.942424134369531
30
0
10
27.023586124174717
20
-28.154090801036205
30
0
10
26.917752790841398
20
-28.259924134369541
30
0
10
26.759002790841386
20
-28.180549134369542
30
0
0
SPLINE
5
872
100
AcDbEntity
8
0
100
AcDbSpline
70
4
71
3
72
8
73
4
74
0
42
0.000000001
43
0.0000000001
44
0.0000000001
40
0
40
0
40
0
40
0
40
1
40
1
40
1
40
1
41
1
41
1
41
1
41
1
10
26.759002790841386
20
-28.180549134369542
30
0
10
26.626711124174722
20
-28.10117413436954
30
0
10
26.494419457508052
20
-27.915965801036208
30
0
10
26.494419457508052
20
-27.757215801036203
30
0
0
SPLINE
5
873
100
AcDbEntity
8
0
100
AcDbSpline
70
4
71
3
72
8
73
4
74
0
42
0.000000001
43
0.0000000001
44
0.0000000001
40
0
40
0
40
0
40
0
40
1
40
1
40
1
40
1
41
1
41
1
41
1
41
1
10
26.494419457508052
20
-27.757215801036203
30
0
10
26.494419457508052
20
-27.624924134369536
30
0
10
26.626711124174722
20
-27.51909080103621
30
0
10
26.759002790841386
20
-27.51909080103621
30
0
0
SPLINE
5
874
100
AcDbEntity
8
0
100
AcDbSpline
70
4
71
3
72
8
73
4
74
0
42
0.000000001
43
0.0000000001
44
0.0000000001
40
0
40
0
40
0
40
0
40
1
40
1
40
1
40
1
41
1
41
1
41
1
41
1
10
26.759002790841386
20
-27.51909080103621
30
0
10
26.917752790841398
20
-27.51909080103621
30
0
10
27.023586124174717
20
-27.704299134369535
30
0
10
27.023586124174717
20
-27.942424134369531
30
0
0
SPLINE
5
875
100
AcDbEntity
8
0
100
AcDbSpline
70
4
71
3
72
8
73
4
74
0
42
0.000000001
43
0.0000000001
44
0.0000000001
40
0
40
0
40
0
40
0
40
1
40
1
40
1
40
1
41
1
41
1
41
1
41
1
10
32.659211124174725
20
-30.085549134369536
30
0
10
33.558794457508057
20
-30.77346580103621
30
0
10
35.093377790841387
20
-32.149299134369542
30
0
10
36.072336124174733
20
-33.101799134369543
30
0
0
SPLINE
5
876
100
AcDbEntity
8
0
100
AcDbSpline
70
4
71
3
72
8
73
4
74
0
42
0.000000001
43
0.0000000001
44
0.0000000001
40
0
40
0
40
0
40
0
40
1
40
1
40
1
40
1
41
1
41
1
41
1
41
1
10
36.072336124174733
20
-33.101799134369543
30
0
10
38.718169457508068
20
-35.668257467702873
30
0
10
40.78191945750806
20
-36.170965801036203
30
0
10
40.993586124174726
20
-34.29242413436954
30
0
0
SPLINE
5
877
100
AcDbEntity
8
0
100
AcDbSpline
70
4
71
3
72
8
73
4
74
0
42
0.000000001
43
0.0000000001
44
0.0000000001
40
0
40
0
40
0
40
0
40
1
40
1
40
1
40
1
41
1
41
1
41
1
41
1
10
40.993586124174726
20
-34.29242413436954
30
0
10
41.046502790841394
20
-33.895549134369539
30
0
10
40.967127790841396
20
-33.419299134369538
30
0
10
40.808377790841391
20
-33.234090801036203
30
0
0
SPLINE
5
878
100
AcDbEntity
8
0
100
AcDbSpline
70
4
71
3
72
8
73
4
74
0
42
0.000000001
43
0.0000000001
44
0.0000000001
40
0
40
0
40
0
40
0
40
1
40
1
40
1
40
1
41
1
41
1
41
1
41
1
10
40.808377790841391
20
-33.234090801036203
30
0
10
40.490877790841395
20
-32.837215801036201
30
0
10
40.676086124174731
20
-32.017007467702875
30
0
10
41.072961124174725
20
-32.017007467702875
30
0
0
SPLINE
5
879
100
AcDbEntity
8
0
100
AcDbSpline
70
4
71
3
72
8
73
4
74
0
42
0.000000001
43
0.0000000001
44
0.0000000001
40
0
40
0
40
0
40
0
40
1
40
1
40
1
40
1
41
1
41
1
41
1
41
1
10
41.072961124174725
20
-32.017007467702875
30
0
10
41.205252790841399
20
-32.017007467702875
30
0
10
41.416919457508058
20
-32.228674134369541
30
0
10
41.496294457508057
20
-32.466799134369538
30
0
0
SPLINE
5
880
100
AcDbEntity
8
0
100
AcDbSpline
70
4
71
3
72
8
73
4
74
0
42
0.000000001
43
0.0000000001
44
0.0000000001
40
0
40
0
40
0
40
0
40
1
40
1
40
1
40
1
41
1
41
1
41
1
41
1
10
41.496294457508057
20
-32.466799134369538
30
0
10
41.602127790841401
20
-32.731382467702872
30
0
10
41.787336124174729
20
-33.022424134369544
30
0
10
41.946086124174727
20
-33.128257467702873
30
0
0
SPLINE
5
881
100
AcDbEntity
8
0
100
AcDbSpline
70
4
71
3
72
8
73
4
74
0
42
0.000000001
43
0.0000000001
44
0.0000000001
40
0
40
0
40
0
40
0
40
1
40
1
40
1
40
1
41
1
41
1
41
1
41
1
10
41.946086124174727
20
-33.128257467702873
30
0
10
42.1577527908414
20
-33.287007467702871
30
0
10
42.131294457508062
20
-33.419299134369538
30
0
10
41.866711124174728
20
-33.578049134369536
30
0
0
SPLINE
5
882
100
AcDbEntity
8
0
100
AcDbSpline
70
4
71
3
72
8
73
4
74
0
42
0.000000001
43
0.0000000001
44
0.0000000001
40
0
40
0
40
0
40
0
40
1
40
1
40
1
40
1
41
1
41
1
41
1
41
1
10
41.866711124174728
20
-33.578049134369536
30
0
10
41.655044457508062
20
-33.710340801036203
30
0
10
41.628586124174731
20
-33.869090801036208
30
0
10
41.787336124174729
20
-33.974924134369537
30
0
0
SPLINE
5
883
100
AcDbEntity
8
0
100
AcDbSpline
70
4
71
3
72
8
73
4
74
0
42
0.000000001
43
0.0000000001
44
0.0000000001
40
0
40
0
40
0
40
0
40
1
40
1
40
1
40
1
41
1
41
1
41
1
41
1
10
41.787336124174729
20
-33.974924134369537
30
0
10
42.210669457508061
20
-34.239507467702872
30
0
10
41.97254445750805
20
-35.430132467702869
30
0
10
41.416919457508058
20
-35.82700746770287
30
0
0
SPLINE
5
884
100
AcDbEntity
8
0
100
AcDbSpline
70
4
71
3
72
8
73
4
74
0
42
0.000000001
43
0.0000000001
44
0.0000000001
40
0
40
0
40
0
40
0
40
1
40
1
40
1
40
1
41
1
41
1
41
1
41
1
10
41.416919457508058
20
-35.82700746770287
30
0
10
40.808377790841391
20
-36.250340801036209
30
0
10
38.347752790841398
20
-36.197424134369534
30
0
10
38.189002790841393
20
-35.774090801036209
30
0
0
SPLINE
5
885
100
AcDbEntity
8
0
100
AcDbSpline
70
4
71
3
72
8
73
4
74
0
42
0.000000001
43
0.0000000001
44
0.0000000001
40
0
40
0
40
0
40
0
40
1
40
1
40
1
40
1
41
1
41
1
41
1
41
1
10
38.189002790841393
20
-35.774090801036209
30
0
10
38.136086124174724
20
-35.588882467702874
30
0
10
37.977336124174727
20
-35.509507467702875
30
0
10
37.84504445750806
20
-35.615340801036204
30
0
0
SPLINE
5
886
100
AcDbEntity
8
0
100
AcDbSpline
70
4
71
3
72
8
73
4
74
0
42
0.000000001
43
0.0000000001
44
0.0000000001
40
0
40
0
40
0
40
0
40
1
40
1
40
1
40
1
41
1
41
1
41
1
41
1
10
37.84504445750806
20
-35.615340801036204
30
0
10
37.712752790841392
20
-35.694715801036203
30
0
10
37.527544457508064
20
-35.562424134369536
30
0
10
37.448169457508058
20
-35.350757467702877
30
0
0
SPLINE
5
887
100
AcDbEntity
8
0
100
AcDbSpline
70
4
71
3
72
8
73
4
74
0
42
0.000000001
43
0.0000000001
44
0.0000000001
40
0
40
0
40
0
40
0
40
1
40
1
40
1
40
1
41
1
41
1
41
1
41
1
10
37.448169457508058
20
-35.350757467702877
30
0
10
37.368794457508059
20
-35.112632467702873
30
0
10
37.183586124174724
20
-34.927424134369545
30
0
10
37.077752790841387
20
-34.927424134369545
30
0
0
SPLINE
5
888
100
AcDbEntity
8
0
100
AcDbSpline
70
4
71
3
72
8
73
4
74
0
42
0.000000001
43
0.0000000001
44
0.0000000001
40
0
40
0
40
0
40
0
40
1
40
1
40
1
40
1
41
1
41
1
41
1
41
1
10
37.077752790841387
20
-34.927424134369545
30
0
10
36.945461124174727
20
-34.927424134369545
30
0
10
36.045877790841402
20
-34.160132467702873
30
0
10
35.040461124174726
20
-33.207632467702872
30
0
0
SPLINE
5
889
100
AcDbEntity
8
0
100
AcDbSpline
70
4
71
3
72
8
73
4
74
0
42
0.000000001
43
0.0000000001
44
0.0000000001
40
0
40
0
40
0
40
0
40
1
40
1
40
1
40
1
41
1
41
1
41
1
41
1
10
35.040461124174726
20
-33.207632467702872
30
0
10
34.061502790841388
20
-32.255132467702872
30
0
10
33.056086124174726
20
-31.302632467702878
30
0
10
32.81796112417473
20
-31.090965801036209
30
0
0
SPLINE
5
890
100
AcDbEntity
8
0
100
AcDbSpline
70
4
71
3
72
8
73
4
74
0
42
0.000000001
43
0.0000000001
44
0.0000000001
40
0
40
0
40
0
40
0
40
1
40
1
40
1
40
1
41
1
41
1
41
1
41
1
10
32.81796112417473
20
-31.090965801036209
30
0
10
32.39462779084139
20
-30.694090801036211
30
0
10
31.786086124174719
20
-30.561799134369544
30
0
10
31.786086124174719
20
-30.852840801036198
30
0
0
SPLINE
5
891
100
AcDbEntity
8
0
100
AcDbSpline
70
4
71
3
72
8
73
4
74
0
42
0.000000001
43
0.0000000001
44
0.0000000001
40
0
40
0
40
0
40
0
40
1
40
1
40
1
40
1
41
1
41
1
41
1
41
1
10
31.786086124174719
20
-30.852840801036198
30
0
10
31.786086124174719
20
-31.117424134369532
30
0
10
33.109002790841387
20
-32.281590801036209
30
0
10
33.400044457508066
20
-32.281590801036209
30
0
0
SPLINE
5
892
100
AcDbEntity
8
0
100
AcDbSpline
70
4
71
3
72
8
73
4
74
0
42
0.000000001
43
0.0000000001
44
0.0000000001
40
0
40
0
40
0
40
0
40
1
40
1
40
1
40
1
41
1
41
1
41
1
41
1
10
33.400044457508066
20
-32.281590801036209
30
0
10
33.532336124174726
20
-32.281590801036209
30
0
10
33.638169457508056
20
-32.334507467702871
30
0
10
33.638169457508056
20
-32.387424134369539
30
0
0
SPLINE
5
893
100
AcDbEntity
8
0
100
AcDbSpline
70
4
71
3
72
8
73
4
74
0
42
0.000000001
43
0.0000000001
44
0.0000000001
40
0
40
0
40
0
40
0
40
1
40
1
40
1
40
1
41
1
41
1
41
1
41
1
10
33.638169457508056
20
-32.387424134369539
30
0
10
33.638169457508056
20
-32.4403408010362
30
0
10
33.717544457508062
20
-32.731382467702872
30
0
10
33.823377790841391
20
-32.995965801036206
30
0
0
SPLINE
5
894
100
AcDbEntity
8
0
100
AcDbSpline
70
4
71
3
72
8
73
4
74
0
42
0.000000001
43
0.0000000001
44
0.0000000001
40
0
40
0
40
0
40
0
40
1
40
1
40
1
40
1
41
1
41
1
41
1
41
1
10
33.823377790841391
20
-32.995965801036206
30
0
10
33.929211124174728
20
-33.234090801036203
30
0
10
33.45296112417472
20
-32.916590801036207
30
0
10
32.765044457508061
20
-32.281590801036209
30
0
0
SPLINE
5
895
100
AcDbEntity
8
0
100
AcDbSpline
70
4
71
3
72
8
73
4
74
0
42
0.000000001
43
0.0000000001
44
0.0000000001
40
0
40
0
40
0
40
0
40
1
40
1
40
1
40
1
41
1
41
1
41
1
41
1
10
32.765044457508061
20
-32.281590801036209
30
0
10
31.91837779084139
20
-31.461382467702869
30
0
10
31.574419457508061
20
-30.958674134369542
30
0
10
31.68025279084139
20
-30.614715801036208
30
0
0
SPLINE
5
896
100
AcDbEntity
8
0
100
AcDbSpline
70
4
71
3
72
8
73
4
74
0
42
0.000000001
43
0.0000000001
44
0.0000000001
40
0
40
0
40
0
40
0
40
1
40
1
40
1
40
1
41
1
41
1
41
1
41
1
10
31.68025279084139
20
-30.614715801036208
30
0
10
31.759627790841385
20
-30.323674134369533
30
0
10
31.68025279084139
20
-30.164924134369542
30
0
10
31.415669457508059
20
-30.164924134369542
30
0
0
SPLINE
5
897
100
AcDbEntity
8
0
100
AcDbSpline
70
4
71
3
72
8
73
4
74
0
42
0.000000001
43
0.0000000001
44
0.0000000001
40
0
40
0
40
0
40
0
40
1
40
1
40
1
40
1
41
1
41
1
41
1
41
1
10
31.415669457508059
20
-30.164924134369542
30
0
10
30.754211124174731
20
-30.164924134369542
30
0
10
30.542544457508054
20
-31.593674134369536
30
0
10
31.20400279084139
20
-31.620132467702877
30
0
0
SPLINE
5
898
100
AcDbEntity
8
0
100
AcDbSpline
70
4
71
3
72
8
73
4
74
0
42
0.000000001
43
0.0000000001
44
0.0000000001
40
0
40
0
40
0
40
0
40
1
40
1
40
1
40
1
41
1
41
1
41
1
41
1
10
31.20400279084139
20
-31.620132467702877
30
0
10
31.521502790841389
20
-31.646590801036201
30
0
10
33.638169457508056
20
-33.816174134369533
30
0
10
33.638169457508056
20
-34.107215801036197
30
0
0
SPLINE
5
899
100
AcDbEntity
8
0
100
AcDbSpline
70
4
71
3
72
8
73
4
74
0
42
0.000000001
43
0.0000000001
44
0.0000000001
40
0
40
0
40
0
40
0
40
1
40
1
40
1
40
1
41
1
41
1
41
1
41
1
10
33.638169457508056
20
-34.107215801036197
30
0
10
33.638169457508056
20
-34.265965801036209
30
0
10
33.823377790841391
20
-34.398257467702877
30
0
10
34.061502790841388
20
-34.398257467702877
30
0
0
SPLINE
5
900
100
AcDbEntity
8
0
100
AcDbSpline
70
4
71
3
72
8
73
4
74
0
42
0.000000001
43
0.0000000001
44
0.0000000001
40
0
40
0
40
0
40
0
40
1
40
1
40
1
40
1
41
1
41
1
41
1
41
1
10
34.061502790841388
20
-34.398257467702877
30
0
10
34.273169457508061
20
-34.398257467702877
30
0
10
34.37900279084139
20
-34.530549134369544
30
0
10
34.299627790841392
20
-34.689299134369534
30
0
0
SPLINE
5
901
100
AcDbEntity
8
0
100
AcDbSpline
70
4
71
3
72
8
73
4
74
0
42
0.000000001
43
0.0000000001
44
0.0000000001
40
0
40
0
40
0
40
0
40
1
40
1
40
1
40
1
41
1
41
1
41
1
41
1
10
34.299627790841392
20
-34.689299134369534
30
0
10
34.193794457508062
20
-34.821590801036209
30
0
10
34.326086124174722
20
-35.192007467702879
30
0
10
34.590669457508064
20
-35.483049134369544
30
0
0
SPLINE
5
902
100
AcDbEntity
8
0
100
AcDbSpline
70
4
71
3
72
8
73
4
74
0
42
0.000000001
43
0.0000000001
44
0.0000000001
40
0
40
0
40
0
40
0
40
1
40
1
40
1
40
1
41
1
41
1
41
1
41
1
10
34.590669457508064
20
-35.483049134369544
30
0
10
34.828794457508053
20
-35.747632467702879
30
0
10
34.96108612417472
20
-35.985757467702875
30
0
10
34.828794457508053
20
-35.985757467702875
30
0
0
SPLINE
5
903
100
AcDbEntity
8
0
100
AcDbSpline
70
4
71
3
72
8
73
4
74
0
42
0.000000001
43
0.0000000001
44
0.0000000001
40
0
40
0
40
0
40
0
40
1
40
1
40
1
40
1
41
1
41
1
41
1
41
1
10
34.828794457508053
20
-35.985757467702875
30
0
10
34.722961124174731
20
-35.985757467702875
30
0
10
34.775877790841392
20
-36.170965801036203
30
0
10
34.96108612417472
20
-36.382632467702877
30
0
0
SPLINE
5
904
100
AcDbEntity
8
0
100
AcDbSpline
70
4
71
3
72
8
73
4
74
0
42
0.000000001
43
0.0000000001
44
0.0000000001
40
0
40
0
40
0
40
0
40
1
40
1
40
1
40
1
41
1
41
1
41
1
41
1
10
34.96108612417472
20
-36.382632467702877
30
0
10
35.119836124174732
20
-36.594299134369535
30
0
10
35.199211124174724
20
-36.85888246770287
30
0
10
35.119836124174732
20
-36.991174134369544
30
0
0
SPLINE
5
905
100
AcDbEntity
8
0
100
AcDbSpline
70
4
71
3
72
8
73
4
74
0
42
0.000000001
43
0.0000000001
44
0.0000000001
40
0
40
0
40
0
40
0
40
1
40
1
40
1
40
1
41
1
41
1
41
1
41
1
10
35.119836124174732
20
-36.991174134369544
30
0
10
35.040461124174726
20
-37.149924134369535
30
0
10
35.146294457508063
20
-37.388049134369538
30
0
10
35.357961124174722
20
-37.573257467702881
30
0
0
SPLINE
5
906
100
AcDbEntity
8
0
100
AcDbSpline
70
4
71
3
72
8
73
4
74
0
42
0.000000001
43
0.0000000001
44
0.0000000001
40
0
40
0
40
0
40
0
40
1
40
1
40
1
40
1
41
1
41
1
41
1
41
1
10
35.357961124174722
20
-37.573257467702881
30
0
10
35.543169457508057
20
-37.732007467702871
30
0
10
35.675461124174731
20
-38.023049134369543
30
0
10
35.596086124174718
20
-38.234715801036209
30
0
0
SPLINE
5
907
100
AcDbEntity
8
0
100
AcDbSpline
70
4
71
3
72
8
73
4
74
0
42
0.000000001
43
0.0000000001
44
0.0000000001
40
0
40
0
40
0
40
0
40
1
40
1
40
1
40
1
41
1
41
1
41
1
41
1
10
35.596086124174718
20
-38.234715801036209
30
0
10
35.516711124174726
20
-38.419924134369545
30
0
10
35.596086124174718
20
-38.658049134369541
30
0
10
35.728377790841392
20
-38.763882467702871
30
0
0
SPLINE
5
908
100
AcDbEntity
8
0
100
AcDbSpline
70
4
71
3
72
8
73
4
74
0
42
0.000000001
43
0.0000000001
44
0.0000000001
40
0
40
0
40
0
40
0
40
1
40
1
40
1
40
1
41
1
41
1
41
1
41
1
10
35.728377790841392
20
-38.763882467702871
30
0
10
35.88712779084139
20
-38.84325746770287
30
0
10
35.966502790841389
20
-39.054924134369536
30
0
10
35.860669457508052
20
-39.18721580103621
30
0
0
SPLINE
5
909
100
AcDbEntity
8
0
100
AcDbSpline
70
4
71
3
72
8
73
4
74
0
42
0.000000001
43
0.0000000001
44
0.0000000001
40
0
40
0
40
0
40
0
40
1
40
1
40
1
40
1
41
1
41
1
41
1
41
1
10
35.860669457508052
20
-39.18721580103621
30
0
10
35.781294457508054
20
-39.319507467702877
30
0
10
35.860669457508052
20
-39.610549134369542
30
0
10
36.019419457508057
20
-39.822215801036208
30
0
0
SPLINE
5
910
100
AcDbEntity
8
0
100
AcDbSpline
70
4
71
3
72
8
73
4
74
0
42
0.000000001
43
0.0000000001
44
0.0000000001
40
0
40
0
40
0
40
0
40
1
40
1
40
1
40
1
41
1
41
1
41
1
41
1
10
36.019419457508057
20
-39.822215801036208
30
0
10
36.178169457508062
20
-40.033882467702867
30
0
10
36.257544457508061
20
-40.324924134369539
30
0
10
36.178169457508062
20
-40.457215801036206
30
0
0
SPLINE
5
911
100
AcDbEntity
8
0
100
AcDbSpline
70
4
71
3
72
8
73
4
74
0
42
0.000000001
43
0.0000000001
44
0.0000000001
40
0
40
0
40
0
40
0
40
1
40
1
40
1
40
1
41
1
41
1
41
1
41
1
10
36.178169457508062
20
-40.457215801036206
30
0
10
36.072336124174733
20
-40.589507467702866
30
0
10
36.125252790841387
20
-40.801174134369546
30
0
10
36.284002790841392
20
-40.880549134369545
30
0
0
SPLINE
5
912
100
AcDbEntity
8
0
100
AcDbSpline
70
4
71
3
72
8
73
4
74
0
42
0.000000001
43
0.0000000001
44
0.0000000001
40
0
40
0
40
0
40
0
40
1
40
1
40
1
40
1
41
1
41
1
41
1
41
1
10
36.284002790841392
20
-40.880549134369545
30
0
10
36.442752790841396
20
-40.986382467702867
30
0
10
36.495669457508058
20
-41.277424134369546
30
0
10
36.416294457508052
20
-41.568465801036211
30
0
0
SPLINE
5
913
100
AcDbEntity
8
0
100
AcDbSpline
70
4
71
3
72
8
73
4
74
0
42
0.000000001
43
0.0000000001
44
0.0000000001
40
0
40
0
40
0
40
0
40
1
40
1
40
1
40
1
41
1
41
1
41
1
41
1
10
36.416294457508052
20
-41.568465801036211
30
0
10
36.310461124174729
20
-41.859507467702876
30
0
10
36.363377790841398
20
-42.071174134369542
30
0
10
36.548586124174719
20
-42.071174134369542
30
0
0
SPLINE
5
914
100
AcDbEntity
8
0
100
AcDbSpline
70
4
71
3
72
8
73
4
74
0
42
0.000000001
43
0.0000000001
44
0.0000000001
40
0
40
0
40
0
40
0
40
1
40
1
40
1
40
1
41
1
41
1
41
1
41
1
10
36.548586124174719
20
-42.071174134369542
30
0
10
36.733794457508054
20
-42.071174134369542
30
0
10
36.786711124174722
20
-42.282840801036208
30
0
10
36.680877790841393
20
-42.573882467702873
30
0
0
SPLINE
5
915
100
AcDbEntity
8
0
100
AcDbSpline
70
4
71
3
72
8
73
4
74
0
42
0.000000001
43
0.0000000001
44
0.0000000001
40
0
40
0
40
0
40
0
40
1
40
1
40
1
40
1
41
1
41
1
41
1
41
1
10
36.680877790841393
20
-42.573882467702873
30
0
10
36.601502790841394
20
-42.864924134369538
30
0
10
36.654419457508062
20
-43.155965801036203
30
0
10
36.786711124174722
20
-43.235340801036202
30
0
0
SPLINE
5
916
100
AcDbEntity
8
0
100
AcDbSpline
70
4
71
3
72
8
73
4
74
0
42
0.000000001
43
0.0000000001
44
0.0000000001
40
0
40
0
40
0
40
0
40
1
40
1
40
1
40
1
41
1
41
1
41
1
41
1
10
36.786711124174722
20
-43.235340801036202
30
0
10
36.945461124174727
20
-43.341174134369538
30
0
10
36.998377790841388
20
-43.579299134369542
30
0
10
36.91900279084139
20
-43.764507467702877
30
0
0
SPLINE
5
917
100
AcDbEntity
8
0
100
AcDbSpline
70
4
71
3
72
8
73
4
74
0
42
0.000000001
43
0.0000000001
44
0.0000000001
40
0
40
0
40
0
40
0
40
1
40
1
40
1
40
1
41
1
41
1
41
1
41
1
10
36.91900279084139
20
-43.764507467702877
30
0
10
36.839627790841398
20
-43.976174134369543
30
0
10
36.892544457508059
20
-44.21429913436954
30
0
10
37.024836124174726
20
-44.293674134369539
30
0
0
SPLINE
5
918
100
AcDbEntity
8
0
100
AcDbSpline
70
4
71
3
72
8
73
4
74
0
42
0.000000001
43
0.0000000001
44
0.0000000001
40
0
40
0
40
0
40
0
40
1
40
1
40
1
40
1
41
1
41
1
41
1
41
1
10
37.024836124174726
20
-44.293674134369539
30
0
10
37.157127790841393
20
-44.373049134369538
30
0
10
37.236502790841399
20
-44.849299134369545
30
0
10
37.183586124174724
20
-45.378465801036214
30
0
0
SPLINE
5
919
100
AcDbEntity
8
0
100
AcDbSpline
70
4
71
3
72
8
73
4
74
0
42
0.000000001
43
0.0000000001
44
0.0000000001
40
0
40
0
40
0
40
0
40
1
40
1
40
1
40
1
41
1
41
1
41
1
41
1
10
37.183586124174724
20
-45.378465801036214
30
0
10
37.157127790841393
20
-45.881174134369537
30
0
10
37.236502790841399
20
-46.357424134369545
30
0
10
37.368794457508059
20
-46.463257467702874
30
0
0
SPLINE
5
920
100
AcDbEntity
8
0
100
AcDbSpline
70
4
71
3
72
8
73
4
74
0
42
0.000000001
43
0.0000000001
44
0.0000000001
40
0
40
0
40
0
40
0
40
1
40
1
40
1
40
1
41
1
41
1
41
1
41
1
10
37.368794457508059
20
-46.463257467702874
30
0
10
37.501086124174734
20
-46.542632467702873
30
0
10
37.554002790841395
20
-46.727840801036209
30
0
10
37.448169457508058
20
-46.860132467702876
30
0
0
SPLINE
5
921
100
AcDbEntity
8
0
100
AcDbSpline
70
4
71
3
72
8
73
4
74
0
42
0.000000001
43
0.0000000001
44
0.0000000001
40
0
40
0
40
0
40
0
40
1
40
1
40
1
40
1
41
1
41
1
41
1
41
1
10
37.448169457508058
20
-46.860132467702876
30
0
10
37.368794457508059
20
-46.992424134369543
30
0
10
37.421711124174728
20
-47.283465801036201
30
0
10
37.606919457508056
20
-47.495132467702881
30
0
0
SPLINE
5
922
100
AcDbEntity
8
0
100
AcDbSpline
70
4
71
3
72
8
73
4
74
0
42
0.000000001
43
0.0000000001
44
0.0000000001
40
0
40
0
40
0
40
0
40
1
40
1
40
1
40
1
41
1
41
1
41
1
41
1
10
37.606919457508056
20
-47.495132467702881
30
0
10
37.818586124174729
20
-47.73325746770287
30
0
10
37.818586124174729
20
-47.892007467702875
30
0
10
37.606919457508056
20
-48.024299134369542
30
0
0
SPLINE
5
923
100
AcDbEntity
8
0
100
AcDbSpline
70
4
71
3
72
8
73
4
74
0
42
0.000000001
43
0.0000000001
44
0.0000000001
40
0
40
0
40
0
40
0
40
1
40
1
40
1
40
1
41
1
41
1
41
1
41
1
10
37.606919457508056
20
-48.024299134369542
30
0
10
37.395252790841397
20
-48.156590801036209
30
0
10
37.395252790841397
20
-48.288882467702877
30
0
10
37.606919457508056
20
-48.553465801036211
30
0
0
SPLINE
5
924
100
AcDbEntity
8
0
100
AcDbSpline
70
4
71
3
72
8
73
4
74
0
42
0.000000001
43
0.0000000001
44
0.0000000001
40
0
40
0
40
0
40
0
40
1
40
1
40
1
40
1
41
1
41
1
41
1
41
1
10
37.606919457508056
20
-48.553465801036211
30
0
10
37.765669457508068
20
-48.76513246770287
30
0
10
37.924419457508058
20
-49.347215801036207
30
0
10
37.950877790841389
20
-49.849924134369545
30
0
0
SPLINE
5
925
100
AcDbEntity
8
0
100
AcDbSpline
70
4
71
3
72
8
73
4
74
0
42
0.000000001
43
0.0000000001
44
0.0000000001
40
0
40
0
40
0
40
0
40
1
40
1
40
1
40
1
41
1
41
1
41
1
41
1
10
37.950877790841389
20
-49.849924134369545
30
0
10
37.977336124174727
20
-50.379090801036206
30
0
10
38.162544457508062
20
-50.855340801036206
30
0
10
38.32129445750806
20
-50.908257467702867
30
0
0
SPLINE
5
926
100
AcDbEntity
8
0
100
AcDbSpline
70
4
71
3
72
8
73
4
74
0
42
0.000000001
43
0.0000000001
44
0.0000000001
40
0
40
0
40
0
40
0
40
1
40
1
40
1
40
1
41
1
41
1
41
1
41
1
10
38.32129445750806
20
-50.908257467702867
30
0
10
38.506502790841388
20
-50.98763246770288
30
0
10
38.585877790841394
20
-51.225757467702877
30
0
10
38.506502790841388
20
-51.463882467702874
30
0
0
SPLINE
5
927
100
AcDbEntity
8
0
100
AcDbSpline
70
4
71
3
72
8
73
4
74
0
42
0.000000001
43
0.0000000001
44
0.0000000001
40
0
40
0
40
0
40
0
40
1
40
1
40
1
40
1
41
1
41
1
41
1
41
1
10
38.506502790841388
20
-51.463882467702874
30
0
10
38.400669457508059
20
-51.675549134369547
30
0
10
38.532961124174719
20
-51.913674134369543
30
0
10
38.771086124174722
20
-52.019507467702873
30
0
0
SPLINE
5
928
100
AcDbEntity
8
0
100
AcDbSpline
70
4
71
3
72
8
73
4
74
0
42
0.000000001
43
0.0000000001
44
0.0000000001
40
0
40
0
40
0
40
0
40
1
40
1
40
1
40
1
41
1
41
1
41
1
41
1
10
38.771086124174722
20
-52.019507467702873
30
0
10
39.009211124174726
20
-52.098882467702872
30
0
10
39.194419457508054
20
-52.337007467702875
30
0
10
39.194419457508054
20
-52.548674134369541
30
0
0
SPLINE
5
929
100
AcDbEntity
8
0
100
AcDbSpline
70
4
71
3
72
8
73
4
74
0
42
0.000000001
43
0.0000000001
44
0.0000000001
40
0
40
0
40
0
40
0
40
1
40
1
40
1
40
1
41
1
41
1
41
1
41
1
10
39.194419457508054
20
-52.548674134369541
30
0
10
39.194419457508054
20
-52.760340801036207
30
0
10
39.432544457508058
20
-52.919090801036212
30
0
10
39.723586124174723
20
-52.919090801036212
30
0
0
SPLINE
5
930
100
AcDbEntity
8
0
100
AcDbSpline
70
4
71
3
72
8
73
4
74
0
42
0.000000001
43
0.0000000001
44
0.0000000001
40
0
40
0
40
0
40
0
40
1
40
1
40
1
40
1
41
1
41
1
41
1
41
1
10
39.723586124174723
20
-52.919090801036212
30
0
10
40.30566945750806
20
-52.919090801036212
30
0
10
40.437961124174734
20
-53.315965801036214
30
0
10
39.96171112417472
20
-53.607007467702879
30
0
0
SPLINE
5
931
100
AcDbEntity
8
0
100
AcDbSpline
70
4
71
3
72
8
73
4
74
0
42
0.000000001
43
0.0000000001
44
0.0000000001
40
0
40
0
40
0
40
0
40
1
40
1
40
1
40
1
41
1
41
1
41
1
41
1
10
39.96171112417472
20
-53.607007467702879
30
0
10
39.750044457508061
20
-53.739299134369539
30
0
10
39.802961124174729
20
-53.871590801036213
30
0
10
40.094002790841394
20
-54.030340801036203
30
0
0
SPLINE
5
932
100
AcDbEntity
8
0
100
AcDbSpline
70
4
71
3
72
8
73
4
74
0
42
0.000000001
43
0.0000000001
44
0.0000000001
40
0
40
0
40
0
40
0
40
1
40
1
40
1
40
1
41
1
41
1
41
1
41
1
10
40.094002790841394
20
-54.030340801036203
30
0
10
40.676086124174731
20
-54.374299134369544
30
0
10
41.099419457508056
20
-54.030340801036203
30
0
10
40.88775279084139
20
-53.395340801036212
30
0
0
SPLINE
5
933
100
AcDbEntity
8
0
100
AcDbSpline
70
4
71
3
72
8
73
4
74
0
42
0.000000001
43
0.0000000001
44
0.0000000001
40
0
40
0
40
0
40
0
40
1
40
1
40
1
40
1
41
1
41
1
41
1
41
1
10
40.88775279084139
20
-53.395340801036212
30
0
10
40.78191945750806
20
-53.051382467702879
30
0
10
40.834836124174728
20
-52.919090801036212
30
0
10
40.993586124174726
20
-53.024924134369542
30
0
0
SPLINE
5
934
100
AcDbEntity
8
0
100
AcDbSpline
70
4
71
3
72
8
73
4
74
0
42
0.000000001
43
0.0000000001
44
0.0000000001
40
0
40
0
40
0
40
0
40
1
40
1
40
1
40
1
41
1
41
1
41
1
41
1
10
40.993586124174726
20
-53.024924134369542
30
0
10
41.549211124174725
20
-53.368882467702875
30
0
10
43.057336124174732
20
-51.463882467702874
30
0
10
42.925044457508065
20
-50.590757467702872
30
0
0
SPLINE
5
935
100
AcDbEntity
8
0
100
AcDbSpline
70
4
71
3
72
8
73
4
74
0
42
0.000000001
43
0.0000000001
44
0.0000000001
40
0
40
0
40
0
40
0
40
1
40
1
40
1
40
1
41
1
41
1
41
1
41
1
10
42.925044457508065
20
-50.590757467702872
30
0
10
42.89858612417472
20
-50.432007467702881
30
0
10
43.004419457508057
20
-50.273257467702877
30
0
10
43.163169457508054
20
-50.273257467702877
30
0
0
SPLINE
5
936
100
AcDbEntity
8
0
100
AcDbSpline
70
4
71
3
72
8
73
4
74
0
42
0.000000001
43
0.0000000001
44
0.0000000001
40
0
40
0
40
0
40
0
40
1
40
1
40
1
40
1
41
1
41
1
41
1
41
1
10
43.163169457508054
20
-50.273257467702877
30
0
10
43.295461124174722
20
-50.273257467702877
30
0
10
43.427752790841396
20
-49.982215801036205
30
0
10
43.427752790841396
20
-49.611799134369541
30
0
0
SPLINE
5
937
100
AcDbEntity
8
0
100
AcDbSpline
70
4
71
3
72
8
73
4
74
0
42
0.000000001
43
0.0000000001
44
0.0000000001
40
0
40
0
40
0
40
0
40
1
40
1
40
1
40
1
41
1
41
1
41
1
41
1
10
43.427752790841396
20
-49.611799134369541
30
0
10
43.427752790841396
20
-49.241382467702877
30
0
10
43.560044457508056
20
-48.950340801036212
30
0
10
43.69233612417473
20
-48.950340801036212
30
0
0
SPLINE
5
938
100
AcDbEntity
8
0
100
AcDbSpline
70
4
71
3
72
8
73
4
74
0
42
0.000000001
43
0.0000000001
44
0.0000000001
40
0
40
0
40
0
40
0
40
1
40
1
40
1
40
1
41
1
41
1
41
1
41
1
10
43.69233612417473
20
-48.950340801036212
30
0
10
43.851086124174728
20
-48.950340801036212
30
0
10
43.956919457508057
20
-48.7915908010362
30
0
10
43.930461124174727
20
-48.606382467702872
30
0
0
SPLINE
5
939
100
AcDbEntity
8
0
100
AcDbSpline
70
4
71
3
72
8
73
4
74
0
42
0.000000001
43
0.0000000001
44
0.0000000001
40
0
40
0
40
0
40
0
40
1
40
1
40
1
40
1
41
1
41
1
41
1
41
1
10
43.930461124174727
20
-48.606382467702872
30
0
10
43.851086124174728
20
-48.130132467702879
30
0
10
44.247961124174736
20
-46.569090801036211
30
0
10
44.486086124174726
20
-46.436799134369544
30
0
0
SPLINE
5
940
100
AcDbEntity
8
0
100
AcDbSpline
70
4
71
3
72
8
73
4
74
0
42
0.000000001
43
0.0000000001
44
0.0000000001
40
0
40
0
40
0
40
0
40
1
40
1
40
1
40
1
41
1
41
1
41
1
41
1
10
44.486086124174726
20
-46.436799134369544
30
0
10
44.618377790841386
20
-46.357424134369545
30
0
10
44.644836124174731
20
-46.06638246770288
30
0
10
44.565461124174732
20
-45.775340801036215
30
0
0
SPLINE
5
941
100
AcDbEntity
8
0
100
AcDbSpline
70
4
71
3
72
8
73
4
74
0
42
0.000000001
43
0.0000000001
44
0.0000000001
40
0
40
0
40
0
40
0
40
1
40
1
40
1
40
1
41
1
41
1
41
1
41
1
10
44.565461124174732
20
-45.775340801036215
30
0
10
44.486086124174726
20
-45.484299134369543
30
0
10
44.539002790841394
20
-45.246174134369539
30
0
10
44.671294457508061
20
-45.246174134369539
30
0
0
SPLINE
5
942
100
AcDbEntity
8
0
100
AcDbSpline
70
4
71
3
72
8
73
4
74
0
42
0.000000001
43
0.0000000001
44
0.0000000001
40
0
40
0
40
0
40
0
40
1
40
1
40
1
40
1
41
1
41
1
41
1
41
1
10
44.671294457508061
20
-45.246174134369539
30
0
10
44.803586124174728
20
-45.246174134369539
30
0
10
44.882961124174727
20
-44.769924134369539
30
0
10
44.882961124174727
20
-44.161382467702872
30
0
0
SPLINE
5
943
100
AcDbEntity
8
0
100
AcDbSpline
70
4
71
3
72
8
73
4
74
0
42
0.000000001
43
0.0000000001
44
0.0000000001
40
0
40
0
40
0
40
0
40
1
40
1
40
1
40
1
41
1
41
1
41
1
41
1
10
44.882961124174727
20
-44.161382467702872
30
0
10
44.882961124174727
20
-43.579299134369542
30
0
10
44.935877790841388
20
-43.050132467702873
30
0
10
45.015252790841387
20
-42.997215801036212
30
0
0
SPLINE
5
944
100
AcDbEntity
8
0
100
AcDbSpline
70
4
71
3
72
8
73
4
74
0
42
0.000000001
43
0.0000000001
44
0.0000000001
40
0
40
0
40
0
40
0
40
1
40
1
40
1
40
1
41
1
41
1
41
1
41
1
10
45.015252790841387
20
-42.997215801036212
30
0
10
45.094627790841393
20
-42.944299134369537
30
0
10
45.121086124174724
20
-41.78013246770287
30
0
10
45.068169457508063
20
-40.430757467702875
30
0
0
SPLINE
5
945
100
AcDbEntity
8
0
100
AcDbSpline
70
4
71
3
72
8
73
4
74
0
42
0.000000001
43
0.0000000001
44
0.0000000001
40
0
40
0
40
0
40
0
40
1
40
1
40
1
40
1
41
1
41
1
41
1
41
1
10
45.068169457508063
20
-40.430757467702875
30
0
10
45.015252790841387
20
-39.081382467702866
30
0
10
44.962336124174726
20
-37.652632467702873
30
0
10
44.962336124174726
20
-37.229299134369541
30
0
0
SPLINE
5
946
100
AcDbEntity
8
0
100
AcDbSpline
70
4
71
3
72
8
73
4
74
0
42
0.000000001
43
0.0000000001
44
0.0000000001
40
0
40
0
40
0
40
0
40
1
40
1
40
1
40
1
41
1
41
1
41
1
41
1
10
44.962336124174726
20
-37.229299134369541
30
0
10
44.962336124174726
20
-36.832424134369539
30
0
10
44.830044457508066
20
-36.514924134369544
30
0
10
44.671294457508061
20
-36.514924134369544
30
0
0
SPLINE
5
947
100
AcDbEntity
8
0
100
AcDbSpline
70
4
71
3
72
8
73
4
74
0
42
0.000000001
43
0.0000000001
44
0.0000000001
40
0
40
0
40
0
40
0
40
1
40
1
40
1
40
1
41
1
41
1
41
1
41
1
10
44.671294457508061
20
-36.514924134369544
30
0
10
44.539002790841394
20
-36.514924134369544
30
0
10
44.486086124174726
20
-36.329715801036208
30
0
10
44.565461124174732
20
-36.118049134369542
30
0
0
SPLINE
5
948
100
AcDbEntity
8
0
100
AcDbSpline
70
4
71
3
72
8
73
4
74
0
42
0.000000001
43
0.0000000001
44
0.0000000001
40
0
40
0
40
0
40
0
40
1
40
1
40
1
40
1
41
1
41
1
41
1
41
1
10
44.565461124174732
20
-36.118049134369542
30
0
10
44.671294457508061
20
-35.906382467702869
30
0
10
44.618377790841386
20
-35.668257467702873
30
0
10
44.459627790841395
20
-35.562424134369536
30
0
0
SPLINE
5
949
100
AcDbEntity
8
0
100
AcDbSpline
70
4
71
3
72
8
73
4
74
0
42
0.000000001
43
0.0000000001
44
0.0000000001
40
0
40
0
40
0
40
0
40
1
40
1
40
1
40
1
41
1
41
1
41
1
41
1
10
44.459627790841395
20
-35.562424134369536
30
0
10
44.30087779084139
20
-35.483049134369544
30
0
10
44.247961124174736
20
-35.244924134369541
30
0
10
44.327336124174721
20
-35.059715801036205
30
0
0
SPLINE
5
950
100
AcDbEntity
8
0
100
AcDbSpline
70
4
71
3
72
8
73
4
74
0
42
0.000000001
43
0.0000000001
44
0.0000000001
40
0
40
0
40
0
40
0
40
1
40
1
40
1
40
1
41
1
41
1
41
1
41
1
10
44.327336124174721
20
-35.059715801036205
30
0
10
44.406711124174727
20
-34.848049134369539
30
0
10
44.274419457508067
20
-34.557007467702874
30
0
10
44.062752790841387
20
-34.398257467702877
30
0
0
SPLINE
5
951
100
AcDbEntity
8
0
100
AcDbSpline
70
4
71
3
72
8
73
4
74
0
42
0.000000001
43
0.0000000001
44
0.0000000001
40
0
40
0
40
0
40
0
40
1
40
1
40
1
40
1
41
1
41
1
41
1
41
1
10
44.062752790841387
20
-34.398257467702877
30
0
10
43.851086124174728
20
-34.213049134369541
30
0
10
43.69233612417473
20
-33.922007467702869
30
0
10
43.69233612417473
20
-33.736799134369548
30
0
0
SPLINE
5
952
100
AcDbEntity
8
0
100
AcDbSpline
70
4
71
3
72
8
73
4
74
0
42
0.000000001
43
0.0000000001
44
0.0000000001
40
0
40
0
40
0
40
0
40
1
40
1
40
1
40
1
41
1
41
1
41
1
41
1
10
43.69233612417473
20
-33.736799134369548
30
0
10
43.69233612417473
20
-33.551590801036198
30
0
10
43.216086124174723
20
-32.969507467702861
30
0
10
42.634002790841386
20
-32.4403408010362
30
0
0
SPLINE
5
953
100
AcDbEntity
8
0
100
AcDbSpline
70
4
71
3
72
8
73
4
74
0
42
0.000000001
43
0.0000000001
44
0.0000000001
40
0
40
0
40
0
40
0
40
1
40
1
40
1
40
1
41
1
41
1
41
1
41
1
10
42.634002790841386
20
-32.4403408010362
30
0
10
42.051919457508056
20
-31.911174134369531
30
0
10
41.602127790841401
20
-31.48784080103621
30
0
10
41.628586124174731
20
-31.461382467702869
30
0
0
SPLINE
5
954
100
AcDbEntity
8
0
100
AcDbSpline
70
4
71
3
72
8
73
4
74
0
42
0.000000001
43
0.0000000001
44
0.0000000001
40
0
40
0
40
0
40
0
40
1
40
1
40
1
40
1
41
1
41
1
41
1
41
1
10
41.628586124174731
20
-31.461382467702869
30
0
10
42.686919457508061
20
-31.196799134369538
30
0
10
43.083794457508063
20
-31.355549134369539
30
0
10
43.930461124174727
20
-32.413882467702877
30
0
0
SPLINE
5
955
100
AcDbEntity
8
0
100
AcDbSpline
70
4
71
3
72
8
73
4
74
0
42
0.000000001
43
0.0000000001
44
0.0000000001
40
0
40
0
40
0
40
0
40
1
40
1
40
1
40
1
41
1
41
1
41
1
41
1
10
43.930461124174727
20
-32.413882467702877
30
0
10
45.094627790841393
20
-33.895549134369539
30
0
10
45.650252790841392
20
-35.350757467702877
30
0
10
46.020669457508063
20
-38.12888246770288
30
0
0
SPLINE
5
956
100
AcDbEntity
8
0
100
AcDbSpline
70
4
71
3
72
8
73
4
74
0
42
0.000000001
43
0.0000000001
44
0.0000000001
40
0
40
0
40
0
40
0
40
1
40
1
40
1
40
1
41
1
41
1
41
1
41
1
10
46.020669457508063
20
-38.12888246770288
30
0
10
46.523377790841394
20
-41.753674134369533
30
0
10
45.835461124174728
20
-47.230549134369546
30
0
10
44.539002790841394
20
-49.876382467702882
30
0
0
SPLINE
5
957
100
AcDbEntity
8
0
100
AcDbSpline
70
4
71
3
72
8
73
4
74
0
42
0.000000001
43
0.0000000001
44
0.0000000001
40
0
40
0
40
0
40
0
40
1
40
1
40
1
40
1
41
1
41
1
41
1
41
1
10
44.539002790841394
20
-49.876382467702882
30
0
10
42.607544457508055
20
-53.792215801036207
30
0
10
39.98816945750805
20
-56.279299134369545
30
0
10
36.098794457508056
20
-57.813882467702875
30
0
0
LINE
5
958
100
AcDbEntity
8
0
100
AcDbLine
10
36.098794457508056
20
-57.813882467702882
30
0
11
34.987544457508058
21
-58.263674134369545
31
0
0
LINE
5
959
100
AcDbEntity
8
0
100
AcDbLine
10
34.987544457508058
20
-58.263674134369545
30
0
11
33.42650279084139
21
-56.967215801036204
31
0
0
SPLINE
5
960
100
AcDbEntity
8
0
100
AcDbSpline
70
4
71
3
72
8
73
4
74
0
42
0.000000001
43
0.0000000001
44
0.0000000001
40
0
40
0
40
0
40
0
40
1
40
1
40
1
40
1
41
1
41
1
41
1
41
1
10
33.426502790841397
20
-56.967215801036204
30
0
10
32.579836124174726
20
-56.252840801036214
30
0
10
31.44212779084139
20
-55.379715801036212
30
0
10
30.886502790841391
20
-55.035757467702879
30
0
0
LINE
5
961
100
AcDbEntity
8
0
100
AcDbLine
10
30.886502790841391
20
-55.035757467702879
30
0
11
29.881086124174722
21
-54.427215801036212
31
0
0
LINE
5
962
100
AcDbEntity
8
0
100
AcDbLine
10
29.881086124174722
20
-54.427215801036212
30
0
11
29.986919457508062
21
-52.733882467702877
31
0
0
LINE
5
963
100
AcDbEntity
8
0
100
AcDbLine
10
29.986919457508062
20
-52.733882467702877
30
0
11
30.092752790841391
21
-51.014090801036211
31
0
0
LINE
5
964
100
AcDbEntity
8
0
100
AcDbLine
10
30.092752790841391
20
-51.014090801036211
30
0
11
29.299002790841392
21
-51.172840801036202
31
0
0
SPLINE
5
965
100
AcDbEntity
8
0
100
AcDbSpline
70
4
71
3
72
8
73
4
74
0
42
0.000000001
43
0.0000000001
44
0.0000000001
40
0
40
0
40
0
40
0
40
1
40
1
40
1
40
1
41
1
41
1
41
1
41
1
10
29.299002790841399
20
-51.172840801036202
30
0
10
27.341086124174723
20
-51.543257467702873
30
0
10
23.901502790841391
20
-51.649090801036209
30
0
10
22.525669457508055
20
-51.358049134369551
30
0
0
SPLINE
5
966
100
AcDbEntity
8
0
100
AcDbSpline
70
4
71
3
72
8
73
4
74
0
42
0.000000001
43
0.0000000001
44
0.0000000001
40
0
40
0
40
0
40
0
40
1
40
1
40
1
40
1
41
1
41
1
41
1
41
1
10
22.525669457508055
20
-51.358049134369551
30
0
10
21.04400279084139
20
-51.040549134369542
30
0
10
19.165461124174719
20
-50.114507467702872
30
0
10
19.456502790841391
20
-49.823465801036207
30
0
0
SPLINE
5
967
100
AcDbEntity
8
0
100
AcDbSpline
70
4
71
3
72
8
73
4
74
0
42
0.000000001
43
0.0000000001
44
0.0000000001
40
0
40
0
40
0
40
0
40
1
40
1
40
1
40
1
41
1
41
1
41
1
41
1
10
19.456502790841391
20
-49.823465801036207
30
0
10
19.53587779084139
20
-49.744090801036208
30
0
10
19.774002790841383
20
-49.823465801036207
30
0
10
20.012127790841383
20
-50.008674134369542
30
0
0
SPLINE
5
968
100
AcDbEntity
8
0
100
AcDbSpline
70
4
71
3
72
8
73
4
74
0
42
0.000000001
43
0.0000000001
44
0.0000000001
40
0
40
0
40
0
40
0
40
1
40
1
40
1
40
1
41
1
41
1
41
1
41
1
10
20.012127790841383
20
-50.008674134369542
30
0
10
20.250252790841394
20
-50.193882467702878
30
0
10
20.48837779084139
20
-50.273257467702877
30
0
10
20.59421112417472
20
-50.193882467702878
30
0
0
SPLINE
5
969
100
AcDbEntity
8
0
100
AcDbSpline
70
4
71
3
72
8
73
4
74
0
42
0.000000001
43
0.0000000001
44
0.0000000001
40
0
40
0
40
0
40
0
40
1
40
1
40
1
40
1
41
1
41
1
41
1
41
1
10
20.59421112417472
20
-50.193882467702878
30
0
10
20.673586124174719
20
-50.088049134369541
30
0
10
20.991086124174725
20
-50.193882467702878
30
0
10
21.255669457508056
20
-50.405549134369551
30
0
0
SPLINE
5
970
100
AcDbEntity
8
0
100
AcDbSpline
70
4
71
3
72
8
73
4
74
0
42
0.000000001
43
0.0000000001
44
0.0000000001
40
0
40
0
40
0
40
0
40
1
40
1
40
1
40
1
41
1
41
1
41
1
41
1
10
21.255669457508056
20
-50.405549134369551
30
0
10
21.54671112417472
20
-50.590757467702872
30
0
10
21.97004445750806
20
-50.696590801036209
30
0
10
22.155252790841395
20
-50.61721580103621
30
0
0
SPLINE
5
971
100
AcDbEntity
8
0
100
AcDbSpline
70
4
71
3
72
8
73
4
74
0
42
0.000000001
43
0.0000000001
44
0.0000000001
40
0
40
0
40
0
40
0
40
1
40
1
40
1
40
1
41
1
41
1
41
1
41
1
10
22.155252790841395
20
-50.61721580103621
30
0
10
22.366919457508054
20
-50.537840801036211
30
0
10
22.684419457508056
20
-50.590757467702872
30
0
10
22.869627790841392
20
-50.723049134369546
30
0
0
SPLINE
5
972
100
AcDbEntity
8
0
100
AcDbSpline
70
4
71
3
72
8
73
4
74
0
42
0.000000001
43
0.0000000001
44
0.0000000001
40
0
40
0
40
0
40
0
40
1
40
1
40
1
40
1
41
1
41
1
41
1
41
1
10
22.869627790841392
20
-50.723049134369546
30
0
10
23.134211124174726
20
-50.961174134369543
30
0
10
26.732544457508052
20
-50.934715801036212
30
0
10
29.272544457508054
20
-50.723049134369546
30
0
0
SPLINE
5
973
100
AcDbEntity
8
0
100
AcDbSpline
70
4
71
3
72
8
73
4
74
0
42
0.000000001
43
0.0000000001
44
0.0000000001
40
0
40
0
40
0
40
0
40
1
40
1
40
1
40
1
41
1
41
1
41
1
41
1
10
29.272544457508054
20
-50.723049134369546
30
0
10
29.722336124174724
20
-50.696590801036209
30
0
10
30.14566945750806
20
-50.775965801036207
30
0
10
30.251502790841389
20
-50.908257467702867
30
0
0
SPLINE
5
974
100
AcDbEntity
8
0
100
AcDbSpline
70
4
71
3
72
8
73
4
74
0
42
0.000000001
43
0.0000000001
44
0.0000000001
40
0
40
0
40
0
40
0
40
1
40
1
40
1
40
1
41
1
41
1
41
1
41
1
10
30.251502790841389
20
-50.908257467702867
30
0
10
30.569002790841388
20
-51.358049134369551
30
0
10
30.860044457508053
20
-50.828882467702876
30
0
10
30.860044457508053
20
-49.744090801036208
30
0
0
LINE
5
975
100
AcDbEntity
8
0
100
AcDbLine
10
30.860044457508053
20
-49.744090801036208
30
0
11
30.860044457508053
21
-48.738674134369539
31
0
0
LINE
5
976
100
AcDbEntity
8
0
100
AcDbLine
10
30.860044457508053
20
-48.738674134369539
30
0
11
32.447544457508052
21
-48.738674134369539
31
0
0
SPLINE
5
977
100
AcDbEntity
8
0
100
AcDbSpline
70
4
71
3
72
8
73
4
74
0
42
0.000000001
43
0.0000000001
44
0.0000000001
40
0
40
0
40
0
40
0
40
1
40
1
40
1
40
1
41
1
41
1
41
1
41
1
10
32.447544457508059
20
-48.738674134369539
30
0
10
34.908169457508066
20
-48.7915908010362
30
0
10
36.045877790841402
20
-48.63284080103621
30
0
10
35.913586124174728
20
-48.262424134369539
30
0
0
SPLINE
5
978
100
AcDbEntity
8
0
100
AcDbSpline
70
4
71
3
72
8
73
4
74
0
42
0.000000001
43
0.0000000001
44
0.0000000001
40
0
40
0
40
0
40
0
40
1
40
1
40
1
40
1
41
1
41
1
41
1
41
1
10
35.913586124174728
20
-48.262424134369539
30
0
10
35.860669457508052
20
-48.103674134369541
30
0
10
35.940044457508058
20
-47.812632467702876
30
0
10
36.098794457508056
20
-47.653882467702871
30
0
0
SPLINE
5
979
100
AcDbEntity
8
0
100
AcDbSpline
70
4
71
3
72
8
73
4
74
0
42
0.000000001
43
0.0000000001
44
0.0000000001
40
0
40
0
40
0
40
0
40
1
40
1
40
1
40
1
41
1
41
1
41
1
41
1
10
36.098794457508056
20
-47.653882467702871
30
0
10
36.257544457508061
20
-47.495132467702881
30
0
10
36.284002790841392
20
-47.362840801036214
30
0
10
36.178169457508062
20
-47.362840801036214
30
0
0
SPLINE
5
980
100
AcDbEntity
8
0
100
AcDbSpline
70
4
71
3
72
8
73
4
74
0
42
0.000000001
43
0.0000000001
44
0.0000000001
40
0
40
0
40
0
40
0
40
1
40
1
40
1
40
1
41
1
41
1
41
1
41
1
10
36.178169457508062
20
-47.362840801036214
30
0
10
36.045877790841402
20
-47.362840801036214
30
0
10
35.807752790841391
20
-47.521590801036211
30
0
10
35.649002790841394
20
-47.73325746770287
30
0
0
SPLINE
5
981
100
AcDbEntity
8
0
100
AcDbSpline
70
4
71
3
72
8
73
4
74
0
42
0.000000001
43
0.0000000001
44
0.0000000001
40
0
40
0
40
0
40
0
40
1
40
1
40
1
40
1
41
1
41
1
41
1
41
1
10
35.649002790841394
20
-47.73325746770287
30
0
10
35.490252790841396
20
-47.944924134369543
30
0
10
35.093377790841387
20
-48.18304913436954
30
0
10
34.775877790841392
20
-48.288882467702877
30
0
0
SPLINE
5
982
100
AcDbEntity
8
0
100
AcDbSpline
70
4
71
3
72
8
73
4
74
0
42
0.000000001
43
0.0000000001
44
0.0000000001
40
0
40
0
40
0
40
0
40
1
40
1
40
1
40
1
41
1
41
1
41
1
41
1
10
34.775877790841392
20
-48.288882467702877
30
0
10
34.273169457508061
20
-48.421174134369551
30
0
10
34.193794457508062
20
-48.368257467702875
30
0
10
34.35254445750806
20
-47.971382467702874
30
0
0
SPLINE
5
983
100
AcDbEntity
8
0
100
AcDbSpline
70
4
71
3
72
8
73
4
74
0
42
0.000000001
43
0.0000000001
44
0.0000000001
40
0
40
0
40
0
40
0
40
1
40
1
40
1
40
1
41
1
41
1
41
1
41
1
10
34.35254445750806
20
-47.971382467702874
30
0
10
34.458377790841396
20
-47.70679913436954
30
0
10
34.749419457508061
20
-47.309924134369538
30
0
10
35.014002790841388
20
-47.071799134369535
30
0
0
SPLINE
5
984
100
AcDbEntity
8
0
100
AcDbSpline
70
4
71
3
72
8
73
4
74
0
42
0.000000001
43
0.0000000001
44
0.0000000001
40
0
40
0
40
0
40
0
40
1
40
1
40
1
40
1
41
1
41
1
41
1
41
1
10
35.014002790841388
20
-47.071799134369535
30
0
10
35.596086124174718
20
-46.542632467702873
30
0
10
35.596086124174718
20
-46.463257467702874
30
0
10
35.066919457508057
20
-45.934090801036206
30
0
0
SPLINE
5
985
100
AcDbEntity
8
0
100
AcDbSpline
70
4
71
3
72
8
73
4
74
0
42
0.000000001
43
0.0000000001
44
0.0000000001
40
0
40
0
40
0
40
0
40
1
40
1
40
1
40
1
41
1
41
1
41
1
41
1
10
35.066919457508057
20
-45.934090801036206
30
0
10
34.537752790841395
20
-45.404924134369544
30
0
10
34.061502790841388
20
-45.404924134369544
30
0
10
33.505877790841382
20
-45.934090801036206
30
0
0
SPLINE
5
986
100
AcDbEntity
8
0
100
AcDbSpline
70
4
71
3
72
8
73
4
74
0
42
0.000000001
43
0.0000000001
44
0.0000000001
40
0
40
0
40
0
40
0
40
1
40
1
40
1
40
1
41
1
41
1
41
1
41
1
10
33.505877790841382
20
-45.934090801036206
30
0
10
33.109002790841387
20
-46.330965801036214
30
0
10
33.109002790841387
20
-46.410340801036199
30
0
10
33.638169457508056
20
-46.965965801036205
30
0
0
SPLINE
5
987
100
AcDbEntity
8
0
100
AcDbSpline
70
4
71
3
72
8
73
4
74
0
42
0.000000001
43
0.0000000001
44
0.0000000001
40
0
40
0
40
0
40
0
40
1
40
1
40
1
40
1
41
1
41
1
41
1
41
1
10
33.638169457508056
20
-46.965965801036205
30
0
10
34.431919457508052
20
-47.812632467702876
30
0
10
34.087961124174726
20
-48.421174134369551
30
0
10
32.81796112417473
20
-48.421174134369551
30
0
0
SPLINE
5
988
100
AcDbEntity
8
0
100
AcDbSpline
70
4
71
3
72
8
73
4
74
0
42
0.000000001
43
0.0000000001
44
0.0000000001
40
0
40
0
40
0
40
0
40
1
40
1
40
1
40
1
41
1
41
1
41
1
41
1
10
32.81796112417473
20
-48.421174134369551
30
0
10
31.574419457508061
20
-48.421174134369551
30
0
10
30.51608612417472
20
-47.971382467702874
30
0
10
30.330877790841384
20
-47.336382467702869
30
0
0
SPLINE
5
989
100
AcDbEntity
8
0
100
AcDbSpline
70
4
71
3
72
8
73
4
74
0
42
0.000000001
43
0.0000000001
44
0.0000000001
40
0
40
0
40
0
40
0
40
1
40
1
40
1
40
1
41
1
41
1
41
1
41
1
10
30.330877790841384
20
-47.336382467702869
30
0
10
29.986919457508058
20
-46.278049134369539
30
0
10
30.14566945750806
20
-41.64784080103621
30
0
10
30.569002790841388
20
-40.510132467702881
30
0
0
SPLINE
5
990
100
AcDbEntity
8
0
100
AcDbSpline
70
4
71
3
72
8
73
4
74
0
42
0.000000001
43
0.0000000001
44
0.0000000001
40
0
40
0
40
0
40
0
40
1
40
1
40
1
40
1
41
1
41
1
41
1
41
1
10
30.569002790841388
20
-40.510132467702881
30
0
10
31.045252790841396
20
-39.213674134369541
30
0
10
31.124627790841384
20
-38.367007467702877
30
0
10
30.727752790841389
20
-38.367007467702877
30
0
0
SPLINE
5
991
100
AcDbEntity
8
0
100
AcDbSpline
70
4
71
3
72
8
73
4
74
0
42
0.000000001
43
0.0000000001
44
0.0000000001
40
0
40
0
40
0
40
0
40
1
40
1
40
1
40
1
41
1
41
1
41
1
41
1
10
30.727752790841389
20
-38.367007467702877
30
0
10
30.595461124174719
20
-38.367007467702877
30
0
10
30.41025279084139
20
-38.816799134369539
30
0
10
30.304419457508054
20
-39.345965801036215
30
0
0
SPLINE
5
992
100
AcDbEntity
8
0
100
AcDbSpline
70
4
71
3
72
8
73
4
74
0
42
0.000000001
43
0.0000000001
44
0.0000000001
40
0
40
0
40
0
40
0
40
1
40
1
40
1
40
1
41
1
41
1
41
1
41
1
10
30.304419457508054
20
-39.345965801036215
30
0
10
30.225044457508055
20
-39.901590801036207
30
0
10
29.986919457508058
20
-40.880549134369545
30
0
10
29.828169457508061
20
-41.542007467702874
30
0
0
SPLINE
5
993
100
AcDbEntity
8
0
100
AcDbSpline
70
4
71
3
72
8
73
4
74
0
42
0.000000001
43
0.0000000001
44
0.0000000001
40
0
40
0
40
0
40
0
40
1
40
1
40
1
40
1
41
1
41
1
41
1
41
1
10
29.828169457508061
20
-41.542007467702874
30
0
10
29.484211124174724
20
-42.679715801036203
30
0
10
29.484211124174724
20
-42.706174134369533
30
0
10
29.299002790841399
20
-41.938882467702882
30
0
0
SPLINE
5
994
100
AcDbEntity
8
0
100
AcDbSpline
70
4
71
3
72
8
73
4
74
0
42
0.000000001
43
0.0000000001
44
0.0000000001
40
0
40
0
40
0
40
0
40
1
40
1
40
1
40
1
41
1
41
1
41
1
41
1
10
29.299002790841399
20
-41.938882467702882
30
0
10
29.113794457508053
20
-41.198049134369541
30
0
10
27.817336124174723
20
-39.18721580103621
30
0
10
27.526294457508058
20
-39.160757467702879
30
0
0
SPLINE
5
995
100
AcDbEntity
8
0
100
AcDbSpline
70
4
71
3
72
8
73
4
74
0
42
0.000000001
43
0.0000000001
44
0.0000000001
40
0
40
0
40
0
40
0
40
1
40
1
40
1
40
1
41
1
41
1
41
1
41
1
10
27.526294457508058
20
-39.160757467702879
30
0
10
27.446919457508059
20
-39.160757467702879
30
0
10
27.737961124174724
20
-39.901590801036207
30
0
10
28.161294457508063
20
-40.801174134369546
30
0
0
SPLINE
5
996
100
AcDbEntity
8
0
100
AcDbSpline
70
4
71
3
72
8
73
4
74
0
42
0.000000001
43
0.0000000001
44
0.0000000001
40
0
40
0
40
0
40
0
40
1
40
1
40
1
40
1
41
1
41
1
41
1
41
1
10
28.161294457508063
20
-40.801174134369546
30
0
10
28.796294457508054
20
-42.097632467702873
30
0
10
29.007961124174724
20
-43.023674134369543
30
0
10
29.166711124174725
20
-44.981590801036205
30
0
0
SPLINE
5
997
100
AcDbEntity
8
0
100
AcDbSpline
70
4
71
3
72
8
73
4
74
0
42
0.000000001
43
0.0000000001
44
0.0000000001
40
0
40
0
40
0
40
0
40
1
40
1
40
1
40
1
41
1
41
1
41
1
41
1
10
29.166711124174725
20
-44.981590801036205
30
0
10
29.299002790841399
20
-46.357424134369545
30
0
10
29.45775279084139
20
-47.759715801036215
30
0
10
29.537127790841389
20
-48.077215801036211
30
0
0
SPLINE
5
998
100
AcDbEntity
8
0
100
AcDbSpline
70
4
71
3
72
8
73
4
74
0
42
0.000000001
43
0.0000000001
44
0.0000000001
40
0
40
0
40
0
40
0
40
1
40
1
40
1
40
1
41
1
41
1
41
1
41
1
10
29.537127790841389
20
-48.077215801036211
30
0
10
29.642961124174725
20
-48.579924134369541
30
0
10
29.510669457508058
20
-48.685757467702885
30
0
10
28.320044457508054
20
-48.923882467702875
30
0
0
SPLINE
5
999
100
AcDbEntity
8
0
100
AcDbSpline
70
4
71
3
72
8
73
4
74
0
42
0.000000001
43
0.0000000001
44
0.0000000001
40
0
40
0
40
0
40
0
40
1
40
1
40
1
40
1
41
1
41
1
41
1
41
1
10
28.320044457508054
20
-48.923882467702875
30
0
10
26.441502790841387
20
-49.347215801036207
30
0
10
24.219002790841387
20
-49.294299134369545
30
0
10
21.99650279084139
20
-48.7915908010362
30
0
0
LINE
5
1000
100
AcDbEntity
8
0
100
AcDbLine
10
21.99650279084139
20
-48.7915908010362
30
0
11
20.065044457508062
21
-48.341799134369538
31
0
0
LINE
5
1001
100
AcDbEntity
8
0
100
AcDbLine
10
20.065044457508062
20
-48.341799134369538
30
0
11
20.197336124174722
21
-45.854715801036207
31
0
0
SPLINE
5
1002
100
AcDbEntity
8
0
100
AcDbSpline
70
4
71
3
72
8
73
4
74
0
42
0.000000001
43
0.0000000001
44
0.0000000001
40
0
40
0
40
0
40
0
40
1
40
1
40
1
40
1
41
1
41
1
41
1
41
1
10
20.197336124174726
20
-45.854715801036207
30
0
10
20.276711124174717
20
-44.505340801036212
30
0
10
20.409002790841384
20
-43.314715801036208
30
0
10
20.514836124174725
20
-43.208882467702871
30
0
0
SPLINE
5
1003
100
AcDbEntity
8
0
100
AcDbSpline
70
4
71
3
72
8
73
4
74
0
42
0.000000001
43
0.0000000001
44
0.0000000001
40
0
40
0
40
0
40
0
40
1
40
1
40
1
40
1
41
1
41
1
41
1
41
1
10
20.514836124174725
20
-43.208882467702871
30
0
10
20.59421112417472
20
-43.129507467702879
30
0
10
20.911711124174719
20
-43.261799134369539
30
0
10
21.202752790841384
20
-43.526382467702874
30
0
0
SPLINE
5
1004
100
AcDbEntity
8
0
100
AcDbSpline
70
4
71
3
72
8
73
4
74
0
42
0.000000001
43
0.0000000001
44
0.0000000001
40
0
40
0
40
0
40
0
40
1
40
1
40
1
40
1
41
1
41
1
41
1
41
1
10
21.202752790841384
20
-43.526382467702874
30
0
10
21.493794457508059
20
-43.790965801036208
30
0
10
21.811294457508055
20
-43.923257467702882
30
0
10
21.890669457508061
20
-43.843882467702869
30
0
0
SPLINE
5
1005
100
AcDbEntity
8
0
100
AcDbSpline
70
4
71
3
72
8
73
4
74
0
42
0.000000001
43
0.0000000001
44
0.0000000001
40
0
40
0
40
0
40
0
40
1
40
1
40
1
40
1
41
1
41
1
41
1
41
1
10
21.890669457508061
20
-43.843882467702869
30
0
10
21.99650279084139
20
-43.764507467702877
30
0
10
21.705461124174725
20
-43.394090801036214
30
0
10
21.308586124174724
20
-43.023674134369543
30
0
0
SPLINE
5
1006
100
AcDbEntity
8
0
100
AcDbSpline
70
4
71
3
72
8
73
4
74
0
42
0.000000001
43
0.0000000001
44
0.0000000001
40
0
40
0
40
0
40
0
40
1
40
1
40
1
40
1
41
1
41
1
41
1
41
1
10
21.308586124174724
20
-43.023674134369543
30
0
10
20.567752790841389
20
-42.388674134369538
30
0
10
20.541294457508059
20
-42.309299134369532
30
0
10
20.541294457508059
20
-39.742840801036209
30
0
0
SPLINE
5
1007
100
AcDbEntity
8
0
100
AcDbSpline
70
4
71
3
72
8
73
4
74
0
42
0.000000001
43
0.0000000001
44
0.0000000001
40
0
40
0
40
0
40
0
40
1
40
1
40
1
40
1
41
1
41
1
41
1
41
1
10
20.541294457508059
20
-39.742840801036209
30
0
10
20.541294457508059
20
-36.964715801036206
30
0
10
20.647127790841388
20
-36.594299134369535
30
0
10
22.10233612417472
20
-34.424715801036207
30
0
0
SPLINE
5
1008
100
AcDbEntity
8
0
100
AcDbSpline
70
4
71
3
72
8
73
4
74
0
42
0.000000001
43
0.0000000001
44
0.0000000001
40
0
40
0
40
0
40
0
40
1
40
1
40
1
40
1
41
1
41
1
41
1
41
1
10
22.10233612417472
20
-34.424715801036207
30
0
10
23.213586124174725
20
-32.75784080103621
30
0
10
24.695252790841387
20
-31.408465801036204
30
0
10
26.362127790841392
20
-30.535340801036202
30
0
0
SPLINE
5
1009
100
AcDbEntity
8
0
100
AcDbSpline
70
4
71
3
72
8
73
4
74
0
42
0.000000001
43
0.0000000001
44
0.0000000001
40
0
40
0
40
0
40
0
40
1
40
1
40
1
40
1
41
1
41
1
41
1
41
1
10
26.362127790841392
20
-30.535340801036202
30
0
10
27.155877790841387
20
-30.112007467702881
30
0
10
27.896711124174722
20
-29.52992413436953
30
0
10
27.976086124174728
20
-29.265340801036199
30
0
0
SPLINE
5
1010
100
AcDbEntity
8
0
100
AcDbSpline
70
4
71
3
72
8
73
4
74
0
42
0.000000001
43
0.0000000001
44
0.0000000001
40
0
40
0
40
0
40
0
40
1
40
1
40
1
40
1
41
1
41
1
41
1
41
1
10
27.976086124174728
20
-29.265340801036199
30
0
10
28.134836124174729
20
-28.762632467702872
30
0
10
28.161294457508063
20
-28.762632467702872
30
0
10
28.611086124174719
20
-29.318257467702878
30
0
0
SPLINE
5
1011
100
AcDbEntity
8
0
100
AcDbSpline
70
4
71
3
72
8
73
4
74
0
42
0.000000001
43
0.0000000001
44
0.0000000001
40
0
40
0
40
0
40
0
40
1
40
1
40
1
40
1
41
1
41
1
41
1
41
1
10
28.611086124174719
20
-29.318257467702878
30
0
10
28.875669457508053
20
-29.635757467702874
30
0
10
29.219627790841393
20
-29.900340801036208
30
0
10
29.378377790841384
20
-29.900340801036208
30
0
0
SPLINE
5
1012
100
AcDbEntity
8
0
100
AcDbSpline
70
4
71
3
72
8
73
4
74
0
42
0.000000001
43
0.0000000001
44
0.0000000001
40
0
40
0
40
0
40
0
40
1
40
1
40
1
40
1
41
1
41
1
41
1
41
1
10
29.378377790841384
20
-29.900340801036208
30
0
10
29.537127790841389
20
-29.900340801036208
30
0
10
29.669419457508049
20
-30.085549134369536
30
0
10
29.669419457508049
20
-30.297215801036209
30
0
0
SPLINE
5
1013
100
AcDbEntity
8
0
100
AcDbSpline
70
4
71
3
72
8
73
4
74
0
42
0.000000001
43
0.0000000001
44
0.0000000001
40
0
40
0
40
0
40
0
40
1
40
1
40
1
40
1
41
1
41
1
41
1
41
1
10
29.669419457508049
20
-30.297215801036209
30
0
10
29.669419457508049
20
-30.508882467702879
30
0
10
29.90754445750806
20
-30.694090801036211
30
0
10
30.225044457508055
20
-30.694090801036211
30
0
0
SPLINE
5
1014
100
AcDbEntity
8
0
100
AcDbSpline
70
4
71
3
72
8
73
4
74
0
42
0.000000001
43
0.0000000001
44
0.0000000001
40
0
40
0
40
0
40
0
40
1
40
1
40
1
40
1
41
1
41
1
41
1
41
1
10
30.225044457508055
20
-30.694090801036211
30
0
10
30.51608612417472
20
-30.694090801036211
30
0
10
30.674836124174725
20
-30.561799134369544
30
0
10
30.595461124174719
20
-30.429507467702877
30
0
0
SPLINE
5
1015
100
AcDbEntity
8
0
100
AcDbSpline
70
4
71
3
72
8
73
4
74
0
42
0.000000001
43
0.0000000001
44
0.0000000001
40
0
40
0
40
0
40
0
40
1
40
1
40
1
40
1
41
1
41
1
41
1
41
1
10
30.595461124174719
20
-30.429507467702877
30
0
10
30.51608612417472
20
-30.270757467702868
30
0
10
30.542544457508054
20
-30.164924134369542
30
0
10
30.701294457508055
20
-30.164924134369542
30
0
0
SPLINE
5
1016
100
AcDbEntity
8
0
100
AcDbSpline
70
4
71
3
72
8
73
4
74
0
42
0.000000001
43
0.0000000001
44
0.0000000001
40
0
40
0
40
0
40
0
40
1
40
1
40
1
40
1
41
1
41
1
41
1
41
1
10
30.701294457508055
20
-30.164924134369542
30
0
10
31.256919457508054
20
-30.164924134369542
30
0
10
30.674836124174725
20
-29.450549134369545
30
0
10
29.775252790841389
20
-29.027215801036203
30
0
0
SPLINE
5
1017
100
AcDbEntity
8
0
100
AcDbSpline
70
4
71
3
72
8
73
4
74
0
42
0.000000001
43
0.0000000001
44
0.0000000001
40
0
40
0
40
0
40
0
40
1
40
1
40
1
40
1
41
1
41
1
41
1
41
1
10
29.775252790841389
20
-29.027215801036203
30
0
10
28.558169457508058
20
-28.445132467702873
30
0
10
28.849211124174722
20
-27.915965801036208
30
0
10
30.092752790841395
20
-28.445132467702873
30
0
0
SPLINE
5
1018
100
AcDbEntity
8
0
100
AcDbSpline
70
4
71
3
72
8
73
4
74
0
42
0.000000001
43
0.0000000001
44
0.0000000001
40
0
40
0
40
0
40
0
40
1
40
1
40
1
40
1
41
1
41
1
41
1
41
1
10
30.092752790841395
20
-28.445132467702873
30
0
10
30.595461124174719
20
-28.656799134369546
30
0
10
31.759627790841385
20
-29.397632467702866
30
0
10
32.659211124174725
20
-30.085549134369536
30
0
0
SPLINE
5
1019
100
AcDbEntity
8
0
100
AcDbSpline
70
4
71
3
72
8
73
4
74
0
42
0.000000001
43
0.0000000001
44
0.0000000001
40
0
40
0
40
0
40
0
40
1
40
1
40
1
40
1
41
1
41
1
41
1
41
1
10
33.717544457508062
20
-28.233465801036207
30
0
10
33.532336124174726
20
-28.312840801036209
30
0
10
33.373586124174722
20
-28.471590801036196
30
0
10
33.373586124174722
20
-28.603882467702867
30
0
0
SPLINE
5
1020
100
AcDbEntity
8
0
100
AcDbSpline
70
4
71
3
72
8
73
4
74
0
42
0.000000001
43
0.0000000001
44
0.0000000001
40
0
40
0
40
0
40
0
40
1
40
1
40
1
40
1
41
1
41
1
41
1
41
1
10
33.373586124174722
20
-28.603882467702867
30
0
10
33.373586124174722
20
-28.762632467702872
30
0
10
33.532336124174726
20
-28.789090801036213
30
0
10
33.823377790841391
20
-28.630340801036205
30
0
0
SPLINE
5
1021
100
AcDbEntity
8
0
100
AcDbSpline
70
4
71
3
72
8
73
4
74
0
42
0.000000001
43
0.0000000001
44
0.0000000001
40
0
40
0
40
0
40
0
40
1
40
1
40
1
40
1
41
1
41
1
41
1
41
1
10
33.823377790841391
20
-28.630340801036205
30
0
10
34.114419457508056
20
-28.445132467702873
30
0
10
34.37900279084139
20
-28.498049134369538
30
0
10
34.643586124174718
20
-28.762632467702872
30
0
0
SPLINE
5
1022
100
AcDbEntity
8
0
100
AcDbSpline
70
4
71
3
72
8
73
4
74
0
42
0.000000001
43
0.0000000001
44
0.0000000001
40
0
40
0
40
0
40
0
40
1
40
1
40
1
40
1
41
1
41
1
41
1
41
1
10
34.643586124174718
20
-28.762632467702872
30
0
10
34.987544457508058
20
-29.080132467702867
30
0
10
34.96108612417472
20
-29.185965801036211
30
0
10
34.537752790841395
20
-29.503465801036207
30
0
0
SPLINE
5
1023
100
AcDbEntity
8
0
100
AcDbSpline
70
4
71
3
72
8
73
4
74
0
42
0.000000001
43
0.0000000001
44
0.0000000001
40
0
40
0
40
0
40
0
40
1
40
1
40
1
40
1
41
1
41
1
41
1
41
1
10
34.537752790841395
20
-29.503465801036207
30
0
10
34.061502790841388
20
-29.87388246770287
30
0
10
34.061502790841388
20
-29.87388246770287
30
0
10
34.564211124174726
20
-29.926799134369535
30
0
0
SPLINE
5
1024
100
AcDbEntity
8
0
100
AcDbSpline
70
4
71
3
72
8
73
4
74
0
42
0.000000001
43
0.0000000001
44
0.0000000001
40
0
40
0
40
0
40
0
40
1
40
1
40
1
40
1
41
1
41
1
41
1
41
1
10
34.564211124174726
20
-29.926799134369535
30
0
10
34.855252790841398
20
-29.953257467702873
30
0
10
35.331502790841391
20
-29.926799134369535
30
0
10
35.622544457508056
20
-29.900340801036208
30
0
0
LINE
5
1025
100
AcDbEntity
8
0
100
AcDbLine
10
35.622544457508056
20
-29.900340801036208
30
0
11
36.151711124174717
21
-29.847424134369543
31
0
0
LINE
5
1026
100
AcDbEntity
8
0
100
AcDbLine
10
36.151711124174717
20
-29.847424134369543
30
0
11
35.622544457508056
21
-30.297215801036209
31
0
0
SPLINE
5
1027
100
AcDbEntity
8
0
100
AcDbSpline
70
4
71
3
72
8
73
4
74
0
42
0.000000001
43
0.0000000001
44
0.0000000001
40
0
40
0
40
0
40
0
40
1
40
1
40
1
40
1
41
1
41
1
41
1
41
1
10
35.622544457508056
20
-30.297215801036209
30
0
10
35.093377790841387
20
-30.720549134369534
30
0
10
35.119836124174732
20
-30.720549134369534
30
0
10
35.754836124174723
20
-30.535340801036202
30
0
0
SPLINE
5
1028
100
AcDbEntity
8
0
100
AcDbSpline
70
4
71
3
72
8
73
4
74
0
42
0.000000001
43
0.0000000001
44
0.0000000001
40
0
40
0
40
0
40
0
40
1
40
1
40
1
40
1
41
1
41
1
41
1
41
1
10
35.754836124174723
20
-30.535340801036202
30
0
10
36.310461124174729
20
-30.376590801036212
30
0
10
36.363377790841398
20
-30.403049134369535
30
0
10
36.072336124174733
20
-30.747007467702872
30
0
0
SPLINE
5
1029
100
AcDbEntity
8
0
100
AcDbSpline
70
4
71
3
72
8
73
4
74
0
42
0.000000001
43
0.0000000001
44
0.0000000001
40
0
40
0
40
0
40
0
40
1
40
1
40
1
40
1
41
1
41
1
41
1
41
1
10
36.072336124174733
20
-30.747007467702872
30
0
10
35.807752790841391
20
-31.090965801036209
30
0
10
35.807752790841391
20
-31.196799134369538
30
0
10
36.151711124174717
20
-31.329090801036202
30
0
0
SPLINE
5
1030
100
AcDbEntity
8
0
100
AcDbSpline
70
4
71
3
72
8
73
4
74
0
42
0.000000001
43
0.0000000001
44
0.0000000001
40
0
40
0
40
0
40
0
40
1
40
1
40
1
40
1
41
1
41
1
41
1
41
1
10
36.151711124174717
20
-31.329090801036202
30
0
10
36.389836124174728
20
-31.408465801036204
30
0
10
36.813169457508053
20
-31.38200746770287
30
0
10
37.077752790841387
20
-31.223257467702872
30
0
0
SPLINE
5
1031
100
AcDbEntity
8
0
100
AcDbSpline
70
4
71
3
72
8
73
4
74
0
42
0.000000001
43
0.0000000001
44
0.0000000001
40
0
40
0
40
0
40
0
40
1
40
1
40
1
40
1
41
1
41
1
41
1
41
1
10
37.077752790841387
20
-31.223257467702872
30
0
10
37.448169457508058
20
-31.011590801036206
30
0
10
37.580461124174718
20
-31.090965801036209
30
0
10
37.686294457508055
20
-31.540757467702871
30
0
0
SPLINE
5
1032
100
AcDbEntity
8
0
100
AcDbSpline
70
4
71
3
72
8
73
4
74
0
42
0.000000001
43
0.0000000001
44
0.0000000001
40
0
40
0
40
0
40
0
40
1
40
1
40
1
40
1
41
1
41
1
41
1
41
1
10
37.686294457508055
20
-31.540757467702871
30
0
10
37.84504445750806
20
-32.096382467702881
30
0
10
37.84504445750806
20
-32.096382467702881
30
0
10
38.32129445750806
20
-31.593674134369536
30
0
0
SPLINE
5
1033
100
AcDbEntity
8
0
100
AcDbSpline
70
4
71
3
72
8
73
4
74
0
42
0.000000001
43
0.0000000001
44
0.0000000001
40
0
40
0
40
0
40
0
40
1
40
1
40
1
40
1
41
1
41
1
41
1
41
1
10
38.32129445750806
20
-31.593674134369536
30
0
10
38.585877790841394
20
-31.302632467702878
30
0
10
38.718169457508068
20
-31.196799134369538
30
0
10
38.612336124174725
20
-31.329090801036202
30
0
0
SPLINE
5
1034
100
AcDbEntity
8
0
100
AcDbSpline
70
4
71
3
72
8
73
4
74
0
42
0.000000001
43
0.0000000001
44
0.0000000001
40
0
40
0
40
0
40
0
40
1
40
1
40
1
40
1
41
1
41
1
41
1
41
1
10
38.612336124174725
20
-31.329090801036202
30
0
10
38.136086124174724
20
-31.911174134369531
30
0
10
38.45358612417472
20
-32.069924134369543
30
0
10
39.009211124174726
20
-31.540757467702871
30
0
0
SPLINE
5
1035
100
AcDbEntity
8
0
100
AcDbSpline
70
4
71
3
72
8
73
4
74
0
42
0.000000001
43
0.0000000001
44
0.0000000001
40
0
40
0
40
0
40
0
40
1
40
1
40
1
40
1
41
1
41
1
41
1
41
1
10
39.009211124174726
20
-31.540757467702871
30
0
10
39.644211124174724
20
-30.932215801036204
30
0
10
40.146919457508062
20
-30.747007467702872
30
0
10
39.85587779084139
20
-31.223257467702872
30
0
0
SPLINE
5
1036
100
AcDbEntity
8
0
100
AcDbSpline
70
4
71
3
72
8
73
4
74
0
42
0.000000001
43
0.0000000001
44
0.0000000001
40
0
40
0
40
0
40
0
40
1
40
1
40
1
40
1
41
1
41
1
41
1
41
1
10
39.85587779084139
20
-31.223257467702872
30
0
10
39.776502790841391
20
-31.355549134369539
30
0
10
39.82941945750806
20
-31.48784080103621
30
0
10
39.96171112417472
20
-31.48784080103621
30
0
0
SPLINE
5
1037
100
AcDbEntity
8
0
100
AcDbSpline
70
4
71
3
72
8
73
4
74
0
42
0.000000001
43
0.0000000001
44
0.0000000001
40
0
40
0
40
0
40
0
40
1
40
1
40
1
40
1
41
1
41
1
41
1
41
1
10
39.96171112417472
20
-31.48784080103621
30
0
10
40.120461124174724
20
-31.48784080103621
30
0
10
40.252752790841384
20
-31.355549134369539
30
0
10
40.252752790841384
20
-31.196799134369538
30
0
0
SPLINE
5
1038
100
AcDbEntity
8
0
100
AcDbSpline
70
4
71
3
72
8
73
4
74
0
42
0.000000001
43
0.0000000001
44
0.0000000001
40
0
40
0
40
0
40
0
40
1
40
1
40
1
40
1
41
1
41
1
41
1
41
1
10
40.252752790841384
20
-31.196799134369538
30
0
10
40.252752790841384
20
-31.064507467702871
30
0
10
40.358586124174721
20
-30.985132467702865
30
0
10
40.490877790841395
20
-31.090965801036209
30
0
0
SPLINE
5
1039
100
AcDbEntity
8
0
100
AcDbSpline
70
4
71
3
72
8
73
4
74
0
42
0.000000001
43
0.0000000001
44
0.0000000001
40
0
40
0
40
0
40
0
40
1
40
1
40
1
40
1
41
1
41
1
41
1
41
1
10
40.490877790841395
20
-31.090965801036209
30
0
10
40.623169457508055
20
-31.170340801036215
30
0
10
40.808377790841391
20
-31.117424134369532
30
0
10
40.91421112417472
20
-30.958674134369542
30
0
0
SPLINE
5
1040
100
AcDbEntity
8
0
100
AcDbSpline
70
4
71
3
72
8
73
4
74
0
42
0.000000001
43
0.0000000001
44
0.0000000001
40
0
40
0
40
0
40
0
40
1
40
1
40
1
40
1
41
1
41
1
41
1
41
1
10
40.91421112417472
20
-30.958674134369542
30
0
10
41.099419457508056
20
-30.641174134369543
30
0
10
41.575669457508056
20
-30.614715801036208
30
0
10
41.575669457508056
20
-30.905757467702877
30
0
0
SPLINE
5
1041
100
AcDbEntity
8
0
100
AcDbSpline
70
4
71
3
72
8
73
4
74
0
42
0.000000001
43
0.0000000001
44
0.0000000001
40
0
40
0
40
0
40
0
40
1
40
1
40
1
40
1
41
1
41
1
41
1
41
1
10
41.575669457508056
20
-30.905757467702877
30
0
10
41.575669457508056
20
-31.038049134369544
30
0
10
41.25816945750806
20
-31.302632467702878
30
0
10
40.88775279084139
20
-31.48784080103621
30
0
0
SPLINE
5
1042
100
AcDbEntity
8
0
100
AcDbSpline
70
4
71
3
72
8
73
4
74
0
42
0.000000001
43
0.0000000001
44
0.0000000001
40
0
40
0
40
0
40
0
40
1
40
1
40
1
40
1
41
1
41
1
41
1
41
1
10
40.88775279084139
20
-31.48784080103621
30
0
10
40.252752790841384
20
-31.85825746770287
30
0
10
40.226294457508054
20
-31.937632467702876
30
0
10
40.385044457508059
20
-33.392840801036208
30
0
0
SPLINE
5
1043
100
AcDbEntity
8
0
100
AcDbSpline
70
4
71
3
72
8
73
4
74
0
42
0.000000001
43
0.0000000001
44
0.0000000001
40
0
40
0
40
0
40
0
40
1
40
1
40
1
40
1
41
1
41
1
41
1
41
1
10
40.385044457508059
20
-33.392840801036208
30
0
10
40.570252790841394
20
-34.927424134369545
30
0
10
40.570252790841394
20
-34.927424134369545
30
0
10
39.85587779084139
20
-34.927424134369545
30
0
0
SPLINE
5
1044
100
AcDbEntity
8
0
100
AcDbSpline
70
4
71
3
72
8
73
4
74
0
42
0.000000001
43
0.0000000001
44
0.0000000001
40
0
40
0
40
0
40
0
40
1
40
1
40
1
40
1
41
1
41
1
41
1
41
1
10
39.85587779084139
20
-34.927424134369545
30
0
10
39.009211124174726
20
-34.927424134369545
30
0
10
38.003794457508057
20
-34.265965801036209
30
0
10
35.88712779084139
20
-32.281590801036209
30
0
0
SPLINE
5
1045
100
AcDbEntity
8
0
100
AcDbSpline
70
4
71
3
72
8
73
4
74
0
42
0.000000001
43
0.0000000001
44
0.0000000001
40
0
40
0
40
0
40
0
40
1
40
1
40
1
40
1
41
1
41
1
41
1
41
1
10
35.88712779084139
20
-32.281590801036209
30
0
10
35.014002790841388
20
-31.461382467702869
30
0
10
33.611711124174725
20
-30.244299134369545
30
0
10
32.791502790841392
20
-29.582840801036209
30
0
0
SPLINE
5
1046
100
AcDbEntity
8
0
100
AcDbSpline
70
4
71
3
72
8
73
4
74
0
42
0.000000001
43
0.0000000001
44
0.0000000001
40
0
40
0
40
0
40
0
40
1
40
1
40
1
40
1
41
1
41
1
41
1
41
1
10
32.791502790841392
20
-29.582840801036209
30
0
10
31.971294457508066
20
-28.921382467702877
30
0
10
31.33629445750806
20
-28.339299134369533
30
0
10
31.389211124174725
20
-28.286382467702872
30
0
0
SPLINE
5
1047
100
AcDbEntity
8
0
100
AcDbSpline
70
4
71
3
72
8
73
4
74
0
42
0.000000001
43
0.0000000001
44
0.0000000001
40
0
40
0
40
0
40
0
40
1
40
1
40
1
40
1
41
1
41
1
41
1
41
1
10
31.389211124174725
20
-28.286382467702872
30
0
10
31.44212779084139
20
-28.233465801036207
30
0
10
32.05066945750805
20
-28.154090801036205
30
0
10
32.765044457508061
20
-28.154090801036205
30
0
0
SPLINE
5
1048
100
AcDbEntity
8
0
100
AcDbSpline
70
4
71
3
72
8
73
4
74
0
42
0.000000001
43
0.0000000001
44
0.0000000001
40
0
40
0
40
0
40
0
40
1
40
1
40
1
40
1
41
1
41
1
41
1
41
1
10
32.765044457508061
20
-28.154090801036205
30
0
10
33.45296112417472
20
-28.127632467702878
30
0
10
33.876294457508052
20
-28.180549134369542
30
0
10
33.717544457508062
20
-28.233465801036207
30
0
0
SPLINE
5
1049
100
AcDbEntity
8
0
100
AcDbSpline
70
4
71
3
72
8
73
4
74
0
42
0.000000001
43
0.0000000001
44
0.0000000001
40
0
40
0
40
0
40
0
40
1
40
1
40
1
40
1
41
1
41
1
41
1
41
1
10
26.573794457508058
20
-29.371174134369543
30
0
10
26.653169457508064
20
-29.635757467702874
30
0
10
26.547336124174727
20
-30.006174134369537
30
0
10
26.362127790841392
20
-30.164924134369542
30
0
0
SPLINE
5
1050
100
AcDbEntity
8
0
100
AcDbSpline
70
4
71
3
72
8
73
4
74
0
42
0.000000001
43
0.0000000001
44
0.0000000001
40
0
40
0
40
0
40
0
40
1
40
1
40
1
40
1
41
1
41
1
41
1
41
1
10
26.362127790841392
20
-30.164924134369542
30
0
10
26.071086124174727
20
-30.403049134369535
30
0
10
26.018169457508058
20
-30.323674134369533
30
0
10
26.071086124174727
20
-29.715132467702876
30
0
0
SPLINE
5
1051
100
AcDbEntity
8
0
100
AcDbSpline
70
4
71
3
72
8
73
4
74
0
42
0.000000001
43
0.0000000001
44
0.0000000001
40
0
40
0
40
0
40
0
40
1
40
1
40
1
40
1
41
1
41
1
41
1
41
1
10
26.071086124174727
20
-29.715132467702876
30
0
10
26.203377790841387
20
-28.630340801036205
30
0
10
26.335669457508057
20
-28.524507467702879
30
0
10
26.573794457508058
20
-29.371174134369543
30
0
0
SPLINE
5
1052
100
AcDbEntity
8
0
100
AcDbSpline
70
4
71
3
72
8
73
4
74
0
42
0.000000001
43
0.0000000001
44
0.0000000001
40
0
40
0
40
0
40
0
40
1
40
1
40
1
40
1
41
1
41
1
41
1
41
1
10
43.083794457508063
20
-30.297215801036209
30
0
10
43.083794457508063
20
-30.508882467702879
30
0
10
43.030877790841387
20
-30.641174134369543
30
0
10
42.951502790841396
20
-30.561799134369544
30
0
0
SPLINE
5
1053
100
AcDbEntity
8
0
100
AcDbSpline
70
4
71
3
72
8
73
4
74
0
42
0.000000001
43
0.0000000001
44
0.0000000001
40
0
40
0
40
0
40
0
40
1
40
1
40
1
40
1
41
1
41
1
41
1
41
1
10
42.951502790841396
20
-30.561799134369544
30
0
10
42.87212779084139
20
-30.508882467702879
30
0
10
42.634002790841386
20
-30.561799134369544
30
0
10
42.369419457508059
20
-30.694090801036211
30
0
0
SPLINE
5
1054
100
AcDbEntity
8
0
100
AcDbSpline
70
4
71
3
72
8
73
4
74
0
42
0.000000001
43
0.0000000001
44
0.0000000001
40
0
40
0
40
0
40
0
40
1
40
1
40
1
40
1
41
1
41
1
41
1
41
1
10
42.369419457508059
20
-30.694090801036211
30
0
10
42.051919457508056
20
-30.852840801036198
30
0
10
41.919627790841396
20
-30.826382467702874
30
0
10
41.919627790841396
20
-30.561799134369544
30
0
0
SPLINE
5
1055
100
AcDbEntity
8
0
100
AcDbSpline
70
4
71
3
72
8
73
4
74
0
42
0.000000001
43
0.0000000001
44
0.0000000001
40
0
40
0
40
0
40
0
40
1
40
1
40
1
40
1
41
1
41
1
41
1
41
1
10
41.919627790841396
20
-30.561799134369544
30
0
10
41.919627790841396
20
-30.376590801036212
30
0
10
42.078377790841387
20
-30.270757467702868
30
0
10
42.263586124174722
20
-30.350132467702871
30
0
0
SPLINE
5
1056
100
AcDbEntity
8
0
100
AcDbSpline
70
4
71
3
72
8
73
4
74
0
42
0.000000001
43
0.0000000001
44
0.0000000001
40
0
40
0
40
0
40
0
40
1
40
1
40
1
40
1
41
1
41
1
41
1
41
1
10
42.263586124174722
20
-30.350132467702871
30
0
10
42.422336124174727
20
-30.403049134369535
30
0
10
42.660461124174731
20
-30.350132467702871
30
0
10
42.76629445750806
20
-30.191382467702866
30
0
0
SPLINE
5
1057
100
AcDbEntity
8
0
100
AcDbSpline
70
4
71
3
72
8
73
4
74
0
42
0.000000001
43
0.0000000001
44
0.0000000001
40
0
40
0
40
0
40
0
40
1
40
1
40
1
40
1
41
1
41
1
41
1
41
1
10
42.76629445750806
20
-30.191382467702866
30
0
10
43.004419457508057
20
-29.794507467702864
30
0
10
43.083794457508063
20
-29.820965801036206
30
0
10
43.083794457508063
20
-30.297215801036209
30
0
0
SPLINE
5
1058
100
AcDbEntity
8
0
100
AcDbSpline
70
4
71
3
72
8
73
4
74
0
42
0.000000001
43
0.0000000001
44
0.0000000001
40
0
40
0
40
0
40
0
40
1
40
1
40
1
40
1
41
1
41
1
41
1
41
1
10
42.89858612417472
20
-33.339924134369539
30
0
10
42.89858612417472
20
-33.472215801036207
30
0
10
42.792752790841398
20
-33.604507467702874
30
0
10
42.634002790841386
20
-33.604507467702874
30
0
0
SPLINE
5
1059
100
AcDbEntity
8
0
100
AcDbSpline
70
4
71
3
72
8
73
4
74
0
42
0.000000001
43
0.0000000001
44
0.0000000001
40
0
40
0
40
0
40
0
40
1
40
1
40
1
40
1
41
1
41
1
41
1
41
1
10
42.634002790841386
20
-33.604507467702874
30
0
10
42.501711124174726
20
-33.604507467702874
30
0
10
42.369419457508059
20
-33.472215801036207
30
0
10
42.369419457508059
20
-33.339924134369539
30
0
0
SPLINE
5
1060
100
AcDbEntity
8
0
100
AcDbSpline
70
4
71
3
72
8
73
4
74
0
42
0.000000001
43
0.0000000001
44
0.0000000001
40
0
40
0
40
0
40
0
40
1
40
1
40
1
40
1
41
1
41
1
41
1
41
1
10
42.369419457508059
20
-33.339924134369539
30
0
10
42.369419457508059
20
-33.181174134369542
30
0
10
42.501711124174726
20
-33.075340801036212
30
0
10
42.634002790841386
20
-33.075340801036212
30
0
0
SPLINE
5
1061
100
AcDbEntity
8
0
100
AcDbSpline
70
4
71
3
72
8
73
4
74
0
42
0.000000001
43
0.0000000001
44
0.0000000001
40
0
40
0
40
0
40
0
40
1
40
1
40
1
40
1
41
1
41
1
41
1
41
1
10
42.634002790841386
20
-33.075340801036212
30
0
10
42.792752790841398
20
-33.075340801036212
30
0
10
42.89858612417472
20
-33.181174134369542
30
0
10
42.89858612417472
20
-33.339924134369539
30
0
0
SPLINE
5
1062
100
AcDbEntity
8
0
100
AcDbSpline
70
4
71
3
72
8
73
4
74
0
42
0.000000001
43
0.0000000001
44
0.0000000001
40
0
40
0
40
0
40
0
40
1
40
1
40
1
40
1
41
1
41
1
41
1
41
1
10
34.564211124174726
20
-33.604507467702874
30
0
10
34.643586124174718
20
-33.736799134369548
30
0
10
34.590669457508064
20
-33.869090801036208
30
0
10
34.458377790841396
20
-33.869090801036208
30
0
0
SPLINE
5
1063
100
AcDbEntity
8
0
100
AcDbSpline
70
4
71
3
72
8
73
4
74
0
42
0.000000001
43
0.0000000001
44
0.0000000001
40
0
40
0
40
0
40
0
40
1
40
1
40
1
40
1
41
1
41
1
41
1
41
1
10
34.458377790841396
20
-33.869090801036208
30
0
10
34.299627790841392
20
-33.869090801036208
30
0
10
34.167336124174724
20
-33.736799134369548
30
0
10
34.167336124174724
20
-33.604507467702874
30
0
0
SPLINE
5
1064
100
AcDbEntity
8
0
100
AcDbSpline
70
4
71
3
72
8
73
4
74
0
42
0.000000001
43
0.0000000001
44
0.0000000001
40
0
40
0
40
0
40
0
40
1
40
1
40
1
40
1
41
1
41
1
41
1
41
1
10
34.167336124174724
20
-33.604507467702874
30
0
10
34.167336124174724
20
-33.445757467702876
30
0
10
34.220252790841393
20
-33.339924134369539
30
0
10
34.273169457508061
20
-33.339924134369539
30
0
0
SPLINE
5
1065
100
AcDbEntity
8
0
100
AcDbSpline
70
4
71
3
72
8
73
4
74
0
42
0.000000001
43
0.0000000001
44
0.0000000001
40
0
40
0
40
0
40
0
40
1
40
1
40
1
40
1
41
1
41
1
41
1
41
1
10
34.273169457508061
20
-33.339924134369539
30
0
10
34.35254445750806
20
-33.339924134369539
30
0
10
34.484836124174727
20
-33.445757467702876
30
0
10
34.564211124174726
20
-33.604507467702874
30
0
0
SPLINE
5
1066
100
AcDbEntity
8
0
100
AcDbSpline
70
4
71
3
72
8
73
4
74
0
42
0.000000001
43
0.0000000001
44
0.0000000001
40
0
40
0
40
0
40
0
40
1
40
1
40
1
40
1
41
1
41
1
41
1
41
1
10
46.391086124174727
20
-34.054299134369543
30
0
10
46.893794457508065
20
-34.477632467702868
30
0
10
47.952127790841395
20
-35.139090801036204
30
0
10
48.745877790841391
20
-35.535965801036212
30
0
0
SPLINE
5
1067
100
AcDbEntity
8
0
100
AcDbSpline
70
4
71
3
72
8
73
4
74
0
42
0.000000001
43
0.0000000001
44
0.0000000001
40
0
40
0
40
0
40
0
40
1
40
1
40
1
40
1
41
1
41
1
41
1
41
1
10
48.745877790841391
20
-35.535965801036212
30
0
10
50.783169457508059
20
-36.620757467702873
30
0
10
51.76212779084139
20
-38.419924134369545
30
0
10
52.582336124174731
20
-42.600340801036211
30
0
0
SPLINE
5
1068
100
AcDbEntity
8
0
100
AcDbSpline
70
4
71
3
72
8
73
4
74
0
42
0.000000001
43
0.0000000001
44
0.0000000001
40
0
40
0
40
0
40
0
40
1
40
1
40
1
40
1
41
1
41
1
41
1
41
1
10
52.582336124174731
20
-42.600340801036211
30
0
10
53.190877790841398
20
-45.828257467702869
30
0
10
53.111502790841392
20
-46.701382467702871
30
0
10
52.079627790841386
20
-47.468674134369536
30
0
0
SPLINE
5
1069
100
AcDbEntity
8
0
100
AcDbSpline
70
4
71
3
72
8
73
4
74
0
42
0.000000001
43
0.0000000001
44
0.0000000001
40
0
40
0
40
0
40
0
40
1
40
1
40
1
40
1
41
1
41
1
41
1
41
1
10
52.079627790841386
20
-47.468674134369536
30
0
10
51.206502790841398
20
-48.130132467702879
30
0
10
48.719419457508053
20
-49.320757467702876
30
0
10
48.719419457508053
20
-49.056174134369535
30
0
0
SPLINE
5
1070
100
AcDbEntity
8
0
100
AcDbSpline
70
4
71
3
72
8
73
4
74
0
42
0.000000001
43
0.0000000001
44
0.0000000001
40
0
40
0
40
0
40
0
40
1
40
1
40
1
40
1
41
1
41
1
41
1
41
1
10
48.719419457508053
20
-49.056174134369535
30
0
10
48.719419457508053
20
-48.976799134369543
30
0
10
48.904627790841388
20
-48.738674134369539
30
0
10
49.116294457508054
20
-48.527007467702873
30
0
0
SPLINE
5
1071
100
AcDbEntity
8
0
100
AcDbSpline
70
4
71
3
72
8
73
4
74
0
42
0.000000001
43
0.0000000001
44
0.0000000001
40
0
40
0
40
0
40
0
40
1
40
1
40
1
40
1
41
1
41
1
41
1
41
1
10
49.116294457508054
20
-48.527007467702873
30
0
10
49.857127790841396
20
-47.786174134369546
30
0
10
50.386294457508065
20
-45.299090801036208
30
0
10
50.201086124174729
20
-43.367632467702876
30
0
0
SPLINE
5
1072
100
AcDbEntity
8
0
100
AcDbSpline
70
4
71
3
72
8
73
4
74
0
42
0.000000001
43
0.0000000001
44
0.0000000001
40
0
40
0
40
0
40
0
40
1
40
1
40
1
40
1
41
1
41
1
41
1
41
1
10
50.201086124174729
20
-43.367632467702876
30
0
10
49.989419457508063
20
-41.145132467702872
30
0
10
49.486711124174732
20
-38.896174134369545
30
0
10
49.19566945750806
20
-38.896174134369545
30
0
0
SPLINE
5
1073
100
AcDbEntity
8
0
100
AcDbSpline
70
4
71
3
72
8
73
4
74
0
42
0.000000001
43
0.0000000001
44
0.0000000001
40
0
40
0
40
0
40
0
40
1
40
1
40
1
40
1
41
1
41
1
41
1
41
1
10
49.19566945750806
20
-38.896174134369545
30
0
10
48.931086124174726
20
-38.896174134369545
30
0
10
48.931086124174726
20
-38.949090801036206
30
0
10
49.380877790841389
20
-41.012840801036212
30
0
0
SPLINE
5
1074
100
AcDbEntity
8
0
100
AcDbSpline
70
4
71
3
72
8
73
4
74
0
42
0.000000001
43
0.0000000001
44
0.0000000001
40
0
40
0
40
0
40
0
40
1
40
1
40
1
40
1
41
1
41
1
41
1
41
1
10
49.380877790841389
20
-41.012840801036212
30
0
10
49.857127790841396
20
-43.182424134369541
30
0
10
49.857127790841396
20
-44.79638246770287
30
0
10
49.407336124174734
20
-46.278049134369539
30
0
0
SPLINE
5
1075
100
AcDbEntity
8
0
100
AcDbSpline
70
4
71
3
72
8
73
4
74
0
42
0.000000001
43
0.0000000001
44
0.0000000001
40
0
40
0
40
0
40
0
40
1
40
1
40
1
40
1
41
1
41
1
41
1
41
1
10
49.407336124174734
20
-46.278049134369539
30
0
10
49.036919457508048
20
-47.521590801036211
30
0
10
48.454836124174719
20
-48.05075746770288
30
0
10
48.454836124174719
20
-47.12471580103621
30
0
0
SPLINE
5
1076
100
AcDbEntity
8
0
100
AcDbSpline
70
4
71
3
72
8
73
4
74
0
42
0.000000001
43
0.0000000001
44
0.0000000001
40
0
40
0
40
0
40
0
40
1
40
1
40
1
40
1
41
1
41
1
41
1
41
1
10
48.454836124174719
20
-47.12471580103621
30
0
10
48.454836124174719
20
-46.516174134369535
30
0
10
47.6346277908414
20
-45.960549134369543
30
0
10
47.026086124174725
20
-46.19867413436954
30
0
0
SPLINE
5
1077
100
AcDbEntity
8
0
100
AcDbSpline
70
4
71
3
72
8
73
4
74
0
42
0.000000001
43
0.0000000001
44
0.0000000001
40
0
40
0
40
0
40
0
40
1
40
1
40
1
40
1
41
1
41
1
41
1
41
1
10
47.026086124174725
20
-46.19867413436954
30
0
10
46.047127790841394
20
-46.569090801036211
30
0
10
46.417544457508058
20
-47.971382467702874
30
0
10
47.502336124174732
20
-47.865549134369545
30
0
0
SPLINE
5
1078
100
AcDbEntity
8
0
100
AcDbSpline
70
4
71
3
72
8
73
4
74
0
42
0.000000001
43
0.0000000001
44
0.0000000001
40
0
40
0
40
0
40
0
40
1
40
1
40
1
40
1
41
1
41
1
41
1
41
1
10
47.502336124174732
20
-47.865549134369545
30
0
10
48.931086124174726
20
-47.759715801036215
30
0
10
49.036919457508048
20
-47.997840801036205
30
0
10
48.057961124174724
20
-49.056174134369535
30
0
0
SPLINE
5
1079
100
AcDbEntity
8
0
100
AcDbSpline
70
4
71
3
72
8
73
4
74
0
42
0.000000001
43
0.0000000001
44
0.0000000001
40
0
40
0
40
0
40
0
40
1
40
1
40
1
40
1
41
1
41
1
41
1
41
1
10
48.057961124174724
20
-49.056174134369535
30
0
10
47.396502790841389
20
-49.770549134369546
30
0
10
47.343586124174728
20
-49.770549134369546
30
0
10
46.735044457508053
20
-49.373674134369537
30
0
0
SPLINE
5
1080
100
AcDbEntity
8
0
100
AcDbSpline
70
4
71
3
72
8
73
4
74
0
42
0.000000001
43
0.0000000001
44
0.0000000001
40
0
40
0
40
0
40
0
40
1
40
1
40
1
40
1
41
1
41
1
41
1
41
1
10
46.735044457508053
20
-49.373674134369537
30
0
10
46.364627790841396
20
-49.135549134369541
30
0
10
46.073586124174724
20
-49.056174134369535
30
0
10
46.073586124174724
20
-49.214924134369546
30
0
0
SPLINE
5
1081
100
AcDbEntity
8
0
100
AcDbSpline
70
4
71
3
72
8
73
4
74
0
42
0.000000001
43
0.0000000001
44
0.0000000001
40
0
40
0
40
0
40
0
40
1
40
1
40
1
40
1
41
1
41
1
41
1
41
1
10
46.073586124174724
20
-49.214924134369546
30
0
10
46.073586124174724
20
-49.373674134369537
30
0
10
46.25879445750806
20
-49.558882467702873
30
0
10
46.470461124174719
20
-49.638257467702871
30
0
0
SPLINE
5
1082
100
AcDbEntity
8
0
100
AcDbSpline
70
4
71
3
72
8
73
4
74
0
42
0.000000001
43
0.0000000001
44
0.0000000001
40
0
40
0
40
0
40
0
40
1
40
1
40
1
40
1
41
1
41
1
41
1
41
1
10
46.470461124174719
20
-49.638257467702871
30
0
10
46.999627790841387
20
-49.849924134369545
30
0
10
46.973169457508057
20
-50.167424134369547
30
0
10
46.364627790841396
20
-51.014090801036211
30
0
0
SPLINE
5
1083
100
AcDbEntity
8
0
100
AcDbSpline
70
4
71
3
72
8
73
4
74
0
42
0.000000001
43
0.0000000001
44
0.0000000001
40
0
40
0
40
0
40
0
40
1
40
1
40
1
40
1
41
1
41
1
41
1
41
1
10
46.364627790841396
20
-51.014090801036211
30
0
10
45.544419457508056
20
-52.204715801036208
30
0
10
44.486086124174726
20
-55.512007467702873
30
0
10
44.486086124174726
20
-56.91429913436955
30
0
0
SPLINE
5
1084
100
AcDbEntity
8
0
100
AcDbSpline
70
4
71
3
72
8
73
4
74
0
42
0.000000001
43
0.0000000001
44
0.0000000001
40
0
40
0
40
0
40
0
40
1
40
1
40
1
40
1
41
1
41
1
41
1
41
1
10
44.486086124174726
20
-56.91429913436955
30
0
10
44.486086124174726
20
-58.316590801036206
30
0
10
44.274419457508067
20
-58.898674134369543
30
0
10
43.348377790841397
20
-59.95700746770288
30
0
0
SPLINE
5
1085
100
AcDbEntity
8
0
100
AcDbSpline
70
4
71
3
72
8
73
4
74
0
42
0.000000001
43
0.0000000001
44
0.0000000001
40
0
40
0
40
0
40
0
40
1
40
1
40
1
40
1
41
1
41
1
41
1
41
1
10
43.348377790841397
20
-59.95700746770288
30
0
10
42.713377790841392
20
-60.697840801036207
30
0
10
42.369419457508059
20
-60.724299134369552
30
0
10
40.91421112417472
20
-60.221590801036207
30
0
0
SPLINE
5
1086
100
AcDbEntity
8
0
100
AcDbSpline
70
4
71
3
72
8
73
4
74
0
42
0.000000001
43
0.0000000001
44
0.0000000001
40
0
40
0
40
0
40
0
40
1
40
1
40
1
40
1
41
1
41
1
41
1
41
1
10
40.91421112417472
20
-60.221590801036207
30
0
10
40.30566945750806
20
-59.983465801036211
30
0
10
39.40608612417472
20
-59.904090801036205
30
0
10
38.797544457508053
20
-59.983465801036211
30
0
0
SPLINE
5
1087
100
AcDbEntity
8
0
100
AcDbSpline
70
4
71
3
72
8
73
4
74
0
42
0.000000001
43
0.0000000001
44
0.0000000001
40
0
40
0
40
0
40
0
40
1
40
1
40
1
40
1
41
1
41
1
41
1
41
1
10
38.797544457508053
20
-59.983465801036211
30
0
10
37.924419457508058
20
-60.089299134369547
30
0
10
37.527544457508064
20
-59.983465801036211
30
0
10
36.733794457508054
20
-59.454299134369542
30
0
0
LINE
5
1088
100
AcDbEntity
8
0
100
AcDbLine
10
36.733794457508054
20
-59.454299134369542
30
0
11
35.754836124174723
21
-58.792840801036206
31
0
0
LINE
5
1089
100
AcDbEntity
8
0
100
AcDbLine
10
35.754836124174723
20
-58.792840801036206
30
0
11
36.627961124174732
21
-58.448882467702873
31
0
0
SPLINE
5
1090
100
AcDbEntity
8
0
100
AcDbSpline
70
4
71
3
72
8
73
4
74
0
42
0.000000001
43
0.0000000001
44
0.0000000001
40
0
40
0
40
0
40
0
40
1
40
1
40
1
40
1
41
1
41
1
41
1
41
1
10
36.627961124174732
20
-58.448882467702873
30
0
10
38.268377790841384
20
-57.787424134369545
30
0
10
40.411502790841396
20
-56.252840801036214
30
0
10
42.104836124174724
20
-54.533049134369548
30
0
0
SPLINE
5
1091
100
AcDbEntity
8
0
100
AcDbSpline
70
4
71
3
72
8
73
4
74
0
42
0.000000001
43
0.0000000001
44
0.0000000001
40
0
40
0
40
0
40
0
40
1
40
1
40
1
40
1
41
1
41
1
41
1
41
1
10
42.104836124174724
20
-54.533049134369548
30
0
10
44.777127790841398
20
-51.807840801036207
30
0
10
45.570877790841394
20
-49.982215801036205
30
0
10
46.496919457508064
20
-44.452424134369544
30
0
0
SPLINE
5
1092
100
AcDbEntity
8
0
100
AcDbSpline
70
4
71
3
72
8
73
4
74
0
42
0.000000001
43
0.0000000001
44
0.0000000001
40
0
40
0
40
0
40
0
40
1
40
1
40
1
40
1
41
1
41
1
41
1
41
1
10
46.496919457508064
20
-44.452424134369544
30
0
10
47.131919457508062
20
-40.615965801036211
30
0
10
46.84087779084139
20
-36.805965801036209
30
0
10
45.782544457508052
20
-34.557007467702874
30
0
0
SPLINE
5
1093
100
AcDbEntity
8
0
100
AcDbSpline
70
4
71
3
72
8
73
4
74
0
42
0.000000001
43
0.0000000001
44
0.0000000001
40
0
40
0
40
0
40
0
40
1
40
1
40
1
40
1
41
1
41
1
41
1
41
1
10
45.782544457508052
20
-34.557007467702874
30
0
10
45.068169457508063
20
-33.048882467702867
30
0
10
45.094627790841393
20
-33.022424134369544
30
0
10
46.391086124174727
20
-34.054299134369543
30
0
0
SPLINE
5
1094
100
AcDbEntity
8
0
100
AcDbSpline
70
4
71
3
72
8
73
4
74
0
42
0.000000001
43
0.0000000001
44
0.0000000001
40
0
40
0
40
0
40
0
40
1
40
1
40
1
40
1
41
1
41
1
41
1
41
1
10
43.427752790841396
20
-34.265965801036209
30
0
10
43.427752790841396
20
-34.477632467702868
30
0
10
43.269002790841391
20
-34.900965801036207
30
0
10
43.1102527908414
20
-35.192007467702879
30
0
0
SPLINE
5
1095
100
AcDbEntity
8
0
100
AcDbSpline
70
4
71
3
72
8
73
4
74
0
42
0.000000001
43
0.0000000001
44
0.0000000001
40
0
40
0
40
0
40
0
40
1
40
1
40
1
40
1
41
1
41
1
41
1
41
1
10
43.1102527908414
20
-35.192007467702879
30
0
10
42.87212779084139
20
-35.562424134369536
30
0
10
42.845669457508052
20
-35.80054913436954
30
0
10
43.030877790841387
20
-35.932840801036207
30
0
0
SPLINE
5
1096
100
AcDbEntity
8
0
100
AcDbSpline
70
4
71
3
72
8
73
4
74
0
42
0.000000001
43
0.0000000001
44
0.0000000001
40
0
40
0
40
0
40
0
40
1
40
1
40
1
40
1
41
1
41
1
41
1
41
1
10
43.030877790841387
20
-35.932840801036207
30
0
10
43.295461124174722
20
-36.118049134369542
30
0
10
43.321919457508066
20
-36.27679913436954
30
0
10
43.507127790841395
20
-38.26117413436954
30
0
0
SPLINE
5
1097
100
AcDbEntity
8
0
100
AcDbSpline
70
4
71
3
72
8
73
4
74
0
42
0.000000001
43
0.0000000001
44
0.0000000001
40
0
40
0
40
0
40
0
40
1
40
1
40
1
40
1
41
1
41
1
41
1
41
1
10
43.507127790841395
20
-38.26117413436954
30
0
10
43.560044457508056
20
-38.8697158010362
30
0
10
43.69233612417473
20
-39.478257467702875
30
0
10
43.798169457508052
20
-39.637007467702873
30
0
0
SPLINE
5
1098
100
AcDbEntity
8
0
100
AcDbSpline
70
4
71
3
72
8
73
4
74
0
42
0.000000001
43
0.0000000001
44
0.0000000001
40
0
40
0
40
0
40
0
40
1
40
1
40
1
40
1
41
1
41
1
41
1
41
1
10
43.798169457508052
20
-39.637007467702873
30
0
10
43.877544457508066
20
-39.79575746770287
30
0
10
43.798169457508052
20
-39.954507467702875
30
0
10
43.639419457508062
20
-40.033882467702867
30
0
0
SPLINE
5
1099
100
AcDbEntity
8
0
100
AcDbSpline
70
4
71
3
72
8
73
4
74
0
42
0.000000001
43
0.0000000001
44
0.0000000001
40
0
40
0
40
0
40
0
40
1
40
1
40
1
40
1
41
1
41
1
41
1
41
1
10
43.639419457508062
20
-40.033882467702867
30
0
10
43.374836124174728
20
-40.11325746770288
30
0
10
43.374836124174728
20
-40.219090801036202
30
0
10
43.639419457508062
20
-40.536590801036205
30
0
0
SPLINE
5
1100
100
AcDbEntity
8
0
100
AcDbSpline
70
4
71
3
72
8
73
4
74
0
42
0.000000001
43
0.0000000001
44
0.0000000001
40
0
40
0
40
0
40
0
40
1
40
1
40
1
40
1
41
1
41
1
41
1
41
1
10
43.639419457508062
20
-40.536590801036205
30
0
10
43.877544457508066
20
-40.8540908010362
30
0
10
43.904002790841396
20
-41.012840801036212
30
0
10
43.69233612417473
20
-41.145132467702872
30
0
0
SPLINE
5
1101
100
AcDbEntity
8
0
100
AcDbSpline
70
4
71
3
72
8
73
4
74
0
42
0.000000001
43
0.0000000001
44
0.0000000001
40
0
40
0
40
0
40
0
40
1
40
1
40
1
40
1
41
1
41
1
41
1
41
1
10
43.69233612417473
20
-41.145132467702872
30
0
10
43.533586124174725
20
-41.250965801036202
30
0
10
43.480669457508057
20
-41.542007467702874
30
0
10
43.560044457508056
20
-41.806590801036208
30
0
0
SPLINE
5
1102
100
AcDbEntity
8
0
100
AcDbSpline
70
4
71
3
72
8
73
4
74
0
42
0.000000001
43
0.0000000001
44
0.0000000001
40
0
40
0
40
0
40
0
40
1
40
1
40
1
40
1
41
1
41
1
41
1
41
1
10
43.560044457508056
20
-41.806590801036208
30
0
10
43.639419457508062
20
-42.071174134369542
30
0
10
43.586502790841394
20
-42.362215801036207
30
0
10
43.427752790841396
20
-42.468049134369544
30
0
0
SPLINE
5
1103
100
AcDbEntity
8
0
100
AcDbSpline
70
4
71
3
72
8
73
4
74
0
42
0.000000001
43
0.0000000001
44
0.0000000001
40
0
40
0
40
0
40
0
40
1
40
1
40
1
40
1
41
1
41
1
41
1
41
1
10
43.427752790841396
20
-42.468049134369544
30
0
10
43.269002790841391
20
-42.547424134369543
30
0
10
43.216086124174723
20
-42.759090801036209
30
0
10
43.295461124174722
20
-42.891382467702869
30
0
0
SPLINE
5
1104
100
AcDbEntity
8
0
100
AcDbSpline
70
4
71
3
72
8
73
4
74
0
42
0.000000001
43
0.0000000001
44
0.0000000001
40
0
40
0
40
0
40
0
40
1
40
1
40
1
40
1
41
1
41
1
41
1
41
1
10
43.295461124174722
20
-42.891382467702869
30
0
10
43.401294457508058
20
-43.023674134369543
30
0
10
43.374836124174728
20
-43.288257467702877
30
0
10
43.24254445750806
20
-43.447007467702875
30
0
0
SPLINE
5
1105
100
AcDbEntity
8
0
100
AcDbSpline
70
4
71
3
72
8
73
4
74
0
42
0.000000001
43
0.0000000001
44
0.0000000001
40
0
40
0
40
0
40
0
40
1
40
1
40
1
40
1
41
1
41
1
41
1
41
1
10
43.24254445750806
20
-43.447007467702875
30
0
10
43.136711124174724
20
-43.632215801036203
30
0
10
43.030877790841387
20
-43.896799134369537
30
0
10
43.004419457508057
20
-44.055549134369542
30
0
0
SPLINE
5
1106
100
AcDbEntity
8
0
100
AcDbSpline
70
4
71
3
72
8
73
4
74
0
42
0.000000001
43
0.0000000001
44
0.0000000001
40
0
40
0
40
0
40
0
40
1
40
1
40
1
40
1
41
1
41
1
41
1
41
1
10
43.004419457508057
20
-44.055549134369542
30
0
10
42.925044457508065
20
-44.717007467702878
30
0
10
42.554627790841394
20
-45.510757467702874
30
0
10
42.342961124174721
20
-45.510757467702874
30
0
0
SPLINE
5
1107
100
AcDbEntity
8
0
100
AcDbSpline
70
4
71
3
72
8
73
4
74
0
42
0.000000001
43
0.0000000001
44
0.0000000001
40
0
40
0
40
0
40
0
40
1
40
1
40
1
40
1
41
1
41
1
41
1
41
1
10
42.342961124174721
20
-45.510757467702874
30
0
10
42.210669457508061
20
-45.510757467702874
30
0
10
42.104836124174724
20
-45.669507467702879
30
0
10
42.104836124174724
20
-45.854715801036207
30
0
0
SPLINE
5
1108
100
AcDbEntity
8
0
100
AcDbSpline
70
4
71
3
72
8
73
4
74
0
42
0.000000001
43
0.0000000001
44
0.0000000001
40
0
40
0
40
0
40
0
40
1
40
1
40
1
40
1
41
1
41
1
41
1
41
1
10
42.104836124174724
20
-45.854715801036207
30
0
10
42.104836124174724
20
-46.039924134369549
30
0
10
41.866711124174728
20
-46.330965801036214
30
0
10
41.602127790841401
20
-46.489715801036205
30
0
0
SPLINE
5
1109
100
AcDbEntity
8
0
100
AcDbSpline
70
4
71
3
72
8
73
4
74
0
42
0.000000001
43
0.0000000001
44
0.0000000001
40
0
40
0
40
0
40
0
40
1
40
1
40
1
40
1
41
1
41
1
41
1
41
1
10
41.602127790841401
20
-46.489715801036205
30
0
10
41.020044457508064
20
-46.860132467702876
30
0
10
39.723586124174723
20
-46.410340801036199
30
0
10
39.723586124174723
20
-45.828257467702869
30
0
0
SPLINE
5
1110
100
AcDbEntity
8
0
100
AcDbSpline
70
4
71
3
72
8
73
4
74
0
42
0.000000001
43
0.0000000001
44
0.0000000001
40
0
40
0
40
0
40
0
40
1
40
1
40
1
40
1
41
1
41
1
41
1
41
1
10
39.723586124174723
20
-45.828257467702869
30
0
10
39.723586124174723
20
-45.669507467702879
30
0
10
39.617752790841394
20
-45.510757467702874
30
0
10
39.459002790841389
20
-45.510757467702874
30
0
0
SPLINE
5
1111
100
AcDbEntity
8
0
100
AcDbSpline
70
4
71
3
72
8
73
4
74
0
42
0.000000001
43
0.0000000001
44
0.0000000001
40
0
40
0
40
0
40
0
40
1
40
1
40
1
40
1
41
1
41
1
41
1
41
1
10
39.459002790841389
20
-45.510757467702874
30
0
10
39.326711124174729
20
-45.510757467702874
30
0
10
39.194419457508054
20
-45.272632467702877
30
0
10
39.194419457508054
20
-44.981590801036205
30
0
0
SPLINE
5
1112
100
AcDbEntity
8
0
100
AcDbSpline
70
4
71
3
72
8
73
4
74
0
42
0.000000001
43
0.0000000001
44
0.0000000001
40
0
40
0
40
0
40
0
40
1
40
1
40
1
40
1
41
1
41
1
41
1
41
1
10
39.194419457508054
20
-44.981590801036205
30
0
10
39.194419457508054
20
-44.690549134369533
30
0
10
39.088586124174725
20
-44.452424134369544
30
0
10
38.929836124174727
20
-44.452424134369544
30
0
0
SPLINE
5
1113
100
AcDbEntity
8
0
100
AcDbSpline
70
4
71
3
72
8
73
4
74
0
42
0.000000001
43
0.0000000001
44
0.0000000001
40
0
40
0
40
0
40
0
40
1
40
1
40
1
40
1
41
1
41
1
41
1
41
1
10
38.929836124174727
20
-44.452424134369544
30
0
10
38.797544457508053
20
-44.452424134369544
30
0
10
38.665252790841393
20
-44.240757467702878
30
0
10
38.665252790841393
20
-43.976174134369543
30
0
0
SPLINE
5
1114
100
AcDbEntity
8
0
100
AcDbSpline
70
4
71
3
72
8
73
4
74
0
42
0.000000001
43
0.0000000001
44
0.0000000001
40
0
40
0
40
0
40
0
40
1
40
1
40
1
40
1
41
1
41
1
41
1
41
1
10
38.665252790841393
20
-43.976174134369543
30
0
10
38.665252790841393
20
-43.711590801036209
30
0
10
38.585877790841394
20
-43.394090801036214
30
0
10
38.480044457508058
20
-43.288257467702877
30
0
0
SPLINE
5
1115
100
AcDbEntity
8
0
100
AcDbSpline
70
4
71
3
72
8
73
4
74
0
42
0.000000001
43
0.0000000001
44
0.0000000001
40
0
40
0
40
0
40
0
40
1
40
1
40
1
40
1
41
1
41
1
41
1
41
1
10
38.480044457508058
20
-43.288257467702877
30
0
10
38.374211124174728
20
-43.208882467702871
30
0
10
38.268377790841384
20
-42.970757467702867
30
0
10
38.241919457508054
20
-42.785549134369546
30
0
0
SPLINE
5
1116
100
AcDbEntity
8
0
100
AcDbSpline
70
4
71
3
72
8
73
4
74
0
42
0.000000001
43
0.0000000001
44
0.0000000001
40
0
40
0
40
0
40
0
40
1
40
1
40
1
40
1
41
1
41
1
41
1
41
1
10
38.241919457508054
20
-42.785549134369546
30
0
10
38.189002790841393
20
-42.600340801036211
30
0
10
38.083169457508063
20
-42.177007467702872
30
0
10
38.003794457508057
20
-41.806590801036208
30
0
0
SPLINE
5
1117
100
AcDbEntity
8
0
100
AcDbSpline
70
4
71
3
72
8
73
4
74
0
42
0.000000001
43
0.0000000001
44
0.0000000001
40
0
40
0
40
0
40
0
40
1
40
1
40
1
40
1
41
1
41
1
41
1
41
1
10
38.003794457508057
20
-41.806590801036208
30
0
10
37.897961124174728
20
-41.436174134369537
30
0
10
37.818586124174729
20
-40.933465801036206
30
0
10
37.818586124174729
20
-40.69534080103621
30
0
0
SPLINE
5
1118
100
AcDbEntity
8
0
100
AcDbSpline
70
4
71
3
72
8
73
4
74
0
42
0.000000001
43
0.0000000001
44
0.0000000001
40
0
40
0
40
0
40
0
40
1
40
1
40
1
40
1
41
1
41
1
41
1
41
1
10
37.818586124174729
20
-40.69534080103621
30
0
10
37.84504445750806
20
-40.430757467702875
30
0
10
37.739211124174723
20
-40.166174134369541
30
0
10
37.606919457508056
20
-40.086799134369542
30
0
0
SPLINE
5
1119
100
AcDbEntity
8
0
100
AcDbSpline
70
4
71
3
72
8
73
4
74
0
42
0.000000001
43
0.0000000001
44
0.0000000001
40
0
40
0
40
0
40
0
40
1
40
1
40
1
40
1
41
1
41
1
41
1
41
1
10
37.606919457508056
20
-40.086799134369542
30
0
10
37.474627790841389
20
-40.007424134369536
30
0
10
37.421711124174728
20
-39.76929913436954
30
0
10
37.501086124174734
20
-39.584090801036211
30
0
0
SPLINE
5
1120
100
AcDbEntity
8
0
100
AcDbSpline
70
4
71
3
72
8
73
4
74
0
42
0.000000001
43
0.0000000001
44
0.0000000001
40
0
40
0
40
0
40
0
40
1
40
1
40
1
40
1
41
1
41
1
41
1
41
1
10
37.501086124174734
20
-39.584090801036211
30
0
10
37.580461124174718
20
-39.372424134369538
30
0
10
37.527544457508064
20
-39.134299134369535
30
0
10
37.395252790841397
20
-39.054924134369536
30
0
0
SPLINE
5
1121
100
AcDbEntity
8
0
100
AcDbSpline
70
4
71
3
72
8
73
4
74
0
42
0.000000001
43
0.0000000001
44
0.0000000001
40
0
40
0
40
0
40
0
40
1
40
1
40
1
40
1
41
1
41
1
41
1
41
1
10
37.395252790841397
20
-39.054924134369536
30
0
10
37.236502790841399
20
-38.975549134369544
30
0
10
37.183586124174724
20
-38.658049134369541
30
0
10
37.262961124174723
20
-38.367007467702877
30
0
0
SPLINE
5
1122
100
AcDbEntity
8
0
100
AcDbSpline
70
4
71
3
72
8
73
4
74
0
42
0.000000001
43
0.0000000001
44
0.0000000001
40
0
40
0
40
0
40
0
40
1
40
1
40
1
40
1
41
1
41
1
41
1
41
1
10
37.262961124174723
20
-38.367007467702877
30
0
10
37.342336124174722
20
-38.075965801036205
30
0
10
37.262961124174723
20
-37.837840801036215
30
0
10
37.104211124174725
20
-37.837840801036215
30
0
0
SPLINE
5
1123
100
AcDbEntity
8
0
100
AcDbSpline
70
4
71
3
72
8
73
4
74
0
42
0.000000001
43
0.0000000001
44
0.0000000001
40
0
40
0
40
0
40
0
40
1
40
1
40
1
40
1
41
1
41
1
41
1
41
1
10
37.104211124174725
20
-37.837840801036215
30
0
10
36.945461124174727
20
-37.837840801036215
30
0
10
36.813169457508053
20
-37.599715801036204
30
0
10
36.813169457508053
20
-37.33513246770287
30
0
0
SPLINE
5
1124
100
AcDbEntity
8
0
100
AcDbSpline
70
4
71
3
72
8
73
4
74
0
42
0.000000001
43
0.0000000001
44
0.0000000001
40
0
40
0
40
0
40
0
40
1
40
1
40
1
40
1
41
1
41
1
41
1
41
1
10
36.813169457508053
20
-37.33513246770287
30
0
10
36.813169457508053
20
-37.044090801036205
30
0
10
36.680877790841393
20
-36.726590801036203
30
0
10
36.548586124174719
20
-36.647215801036211
30
0
0
SPLINE
5
1125
100
AcDbEntity
8
0
100
AcDbSpline
70
4
71
3
72
8
73
4
74
0
42
0.000000001
43
0.0000000001
44
0.0000000001
40
0
40
0
40
0
40
0
40
1
40
1
40
1
40
1
41
1
41
1
41
1
41
1
10
36.548586124174719
20
-36.647215801036211
30
0
10
36.389836124174728
20
-36.541382467702874
30
0
10
36.33691945750806
20
-36.382632467702877
30
0
10
36.416294457508052
20
-36.250340801036209
30
0
0
SPLINE
5
1126
100
AcDbEntity
8
0
100
AcDbSpline
70
4
71
3
72
8
73
4
74
0
42
0.000000001
43
0.0000000001
44
0.0000000001
40
0
40
0
40
0
40
0
40
1
40
1
40
1
40
1
41
1
41
1
41
1
41
1
10
36.416294457508052
20
-36.250340801036209
30
0
10
36.495669457508058
20
-36.118049134369542
30
0
10
36.442752790841396
20
-35.959299134369537
30
0
10
36.284002790841392
20
-35.853465801036208
30
0
0
SPLINE
5
1127
100
AcDbEntity
8
0
100
AcDbSpline
70
4
71
3
72
8
73
4
74
0
42
0.000000001
43
0.0000000001
44
0.0000000001
40
0
40
0
40
0
40
0
40
1
40
1
40
1
40
1
41
1
41
1
41
1
41
1
10
36.284002790841392
20
-35.853465801036208
30
0
10
36.151711124174717
20
-35.774090801036209
30
0
10
36.019419457508057
20
-35.483049134369544
30
0
10
36.019419457508057
20
-35.244924134369541
30
0
0
SPLINE
5
1128
100
AcDbEntity
8
0
100
AcDbSpline
70
4
71
3
72
8
73
4
74
0
42
0.000000001
43
0.0000000001
44
0.0000000001
40
0
40
0
40
0
40
0
40
1
40
1
40
1
40
1
41
1
41
1
41
1
41
1
10
36.019419457508057
20
-35.244924134369541
30
0
10
36.045877790841402
20
-34.821590801036209
30
0
10
36.045877790841402
20
-34.821590801036209
30
0
10
36.310461124174729
20
-35.244924134369541
30
0
0
SPLINE
5
1129
100
AcDbEntity
8
0
100
AcDbSpline
70
4
71
3
72
8
73
4
74
0
42
0.000000001
43
0.0000000001
44
0.0000000001
40
0
40
0
40
0
40
0
40
1
40
1
40
1
40
1
41
1
41
1
41
1
41
1
10
36.310461124174729
20
-35.244924134369541
30
0
10
36.442752790841396
20
-35.509507467702875
30
0
10
36.760252790841392
20
-35.721174134369548
30
0
10
36.945461124174727
20
-35.721174134369548
30
0
0
SPLINE
5
1130
100
AcDbEntity
8
0
100
AcDbSpline
70
4
71
3
72
8
73
4
74
0
42
0.000000001
43
0.0000000001
44
0.0000000001
40
0
40
0
40
0
40
0
40
1
40
1
40
1
40
1
41
1
41
1
41
1
41
1
10
36.945461124174727
20
-35.721174134369548
30
0
10
37.157127790841393
20
-35.721174134369548
30
0
10
37.342336124174722
20
-35.82700746770287
30
0
10
37.342336124174722
20
-35.985757467702875
30
0
0
SPLINE
5
1131
100
AcDbEntity
8
0
100
AcDbSpline
70
4
71
3
72
8
73
4
74
0
42
0.000000001
43
0.0000000001
44
0.0000000001
40
0
40
0
40
0
40
0
40
1
40
1
40
1
40
1
41
1
41
1
41
1
41
1
10
37.342336124174722
20
-35.985757467702875
30
0
10
37.342336124174722
20
-36.118049134369542
30
0
10
37.580461124174718
20
-36.250340801036209
30
0
10
37.84504445750806
20
-36.250340801036209
30
0
0
SPLINE
5
1132
100
AcDbEntity
8
0
100
AcDbSpline
70
4
71
3
72
8
73
4
74
0
42
0.000000001
43
0.0000000001
44
0.0000000001
40
0
40
0
40
0
40
0
40
1
40
1
40
1
40
1
41
1
41
1
41
1
41
1
10
37.84504445750806
20
-36.250340801036209
30
0
10
38.136086124174724
20
-36.250340801036209
30
0
10
38.45358612417472
20
-36.356174134369539
30
0
10
38.532961124174719
20
-36.514924134369544
30
0
0
SPLINE
5
1133
100
AcDbEntity
8
0
100
AcDbSpline
70
4
71
3
72
8
73
4
74
0
42
0.000000001
43
0.0000000001
44
0.0000000001
40
0
40
0
40
0
40
0
40
1
40
1
40
1
40
1
41
1
41
1
41
1
41
1
10
38.532961124174719
20
-36.514924134369544
30
0
10
38.612336124174725
20
-36.647215801036211
30
0
10
38.982752790841396
20
-36.779507467702871
30
0
10
39.353169457508059
20
-36.779507467702871
30
0
0
SPLINE
5
1134
100
AcDbEntity
8
0
100
AcDbSpline
70
4
71
3
72
8
73
4
74
0
42
0.000000001
43
0.0000000001
44
0.0000000001
40
0
40
0
40
0
40
0
40
1
40
1
40
1
40
1
41
1
41
1
41
1
41
1
10
39.353169457508059
20
-36.779507467702871
30
0
10
39.908794457508058
20
-36.779507467702871
30
0
10
39.98816945750805
20
-36.885340801036207
30
0
10
39.85587779084139
20
-37.308674134369539
30
0
0
SPLINE
5
1135
100
AcDbEntity
8
0
100
AcDbSpline
70
4
71
3
72
8
73
4
74
0
42
0.000000001
43
0.0000000001
44
0.0000000001
40
0
40
0
40
0
40
0
40
1
40
1
40
1
40
1
41
1
41
1
41
1
41
1
10
39.85587779084139
20
-37.308674134369539
30
0
10
39.723586124174723
20
-37.732007467702871
30
0
10
39.802961124174729
20
-37.837840801036215
30
0
10
40.226294457508054
20
-37.837840801036215
30
0
0
SPLINE
5
1136
100
AcDbEntity
8
0
100
AcDbSpline
70
4
71
3
72
8
73
4
74
0
42
0.000000001
43
0.0000000001
44
0.0000000001
40
0
40
0
40
0
40
0
40
1
40
1
40
1
40
1
41
1
41
1
41
1
41
1
10
40.226294457508054
20
-37.837840801036215
30
0
10
40.834836124174728
20
-37.837840801036215
30
0
10
40.940669457508065
20
-37.573257467702881
30
0
10
40.490877790841395
20
-37.123465801036204
30
0
0
SPLINE
5
1137
100
AcDbEntity
8
0
100
AcDbSpline
70
4
71
3
72
8
73
4
74
0
42
0.000000001
43
0.0000000001
44
0.0000000001
40
0
40
0
40
0
40
0
40
1
40
1
40
1
40
1
41
1
41
1
41
1
41
1
10
40.490877790841395
20
-37.123465801036204
30
0
10
40.252752790841384
20
-36.885340801036207
30
0
10
40.437961124174734
20
-36.779507467702871
30
0
10
41.178794457508054
20
-36.620757467702873
30
0
0
SPLINE
5
1138
100
AcDbEntity
8
0
100
AcDbSpline
70
4
71
3
72
8
73
4
74
0
42
0.000000001
43
0.0000000001
44
0.0000000001
40
0
40
0
40
0
40
0
40
1
40
1
40
1
40
1
41
1
41
1
41
1
41
1
10
41.178794457508054
20
-36.620757467702873
30
0
10
41.946086124174727
20
-36.488465801036199
30
0
10
42.210669457508061
20
-36.27679913436954
30
0
10
42.422336124174727
20
-35.694715801036203
30
0
0
SPLINE
5
1139
100
AcDbEntity
8
0
100
AcDbSpline
70
4
71
3
72
8
73
4
74
0
42
0.000000001
43
0.0000000001
44
0.0000000001
40
0
40
0
40
0
40
0
40
1
40
1
40
1
40
1
41
1
41
1
41
1
41
1
10
42.422336124174727
20
-35.694715801036203
30
0
10
42.554627790841394
20
-35.271382467702864
30
0
10
42.819211124174728
20
-34.927424134369545
30
0
10
42.951502790841396
20
-34.927424134369545
30
0
0
SPLINE
5
1140
100
AcDbEntity
8
0
100
AcDbSpline
70
4
71
3
72
8
73
4
74
0
42
0.000000001
43
0.0000000001
44
0.0000000001
40
0
40
0
40
0
40
0
40
1
40
1
40
1
40
1
41
1
41
1
41
1
41
1
10
42.951502790841396
20
-34.927424134369545
30
0
10
43.1102527908414
20
-34.927424134369545
30
0
10
43.163169457508054
20
-34.689299134369534
30
0
10
43.083794457508063
20
-34.398257467702877
30
0
0
SPLINE
5
1141
100
AcDbEntity
8
0
100
AcDbSpline
70
4
71
3
72
8
73
4
74
0
42
0.000000001
43
0.0000000001
44
0.0000000001
40
0
40
0
40
0
40
0
40
1
40
1
40
1
40
1
41
1
41
1
41
1
41
1
10
43.083794457508063
20
-34.398257467702877
30
0
10
43.004419457508057
20
-34.107215801036197
30
0
10
43.057336124174732
20
-33.869090801036208
30
0
10
43.189627790841392
20
-33.869090801036208
30
0
0
SPLINE
5
1142
100
AcDbEntity
8
0
100
AcDbSpline
70
4
71
3
72
8
73
4
74
0
42
0.000000001
43
0.0000000001
44
0.0000000001
40
0
40
0
40
0
40
0
40
1
40
1
40
1
40
1
41
1
41
1
41
1
41
1
10
43.189627790841392
20
-33.869090801036208
30
0
10
43.321919457508066
20
-33.869090801036208
30
0
10
43.427752790841396
20
-34.054299134369543
30
0
10
43.427752790841396
20
-34.265965801036209
30
0
0
SPLINE
5
1143
100
AcDbEntity
8
0
100
AcDbSpline
70
4
71
3
72
8
73
4
74
0
42
0.000000001
43
0.0000000001
44
0.0000000001
40
0
40
0
40
0
40
0
40
1
40
1
40
1
40
1
41
1
41
1
41
1
41
1
10
35.331502790841391
20
-34.662840801036204
30
0
10
35.066919457508057
20
-34.768674134369533
30
0
10
34.775877790841392
20
-34.821590801036209
30
0
10
34.696502790841386
20
-34.742215801036203
30
0
0
SPLINE
5
1144
100
AcDbEntity
8
0
100
AcDbSpline
70
4
71
3
72
8
73
4
74
0
42
0.000000001
43
0.0000000001
44
0.0000000001
40
0
40
0
40
0
40
0
40
1
40
1
40
1
40
1
41
1
41
1
41
1
41
1
10
34.696502790841386
20
-34.742215801036203
30
0
10
34.484836124174727
20
-34.557007467702874
30
0
10
35.331502790841391
20
-34.160132467702873
30
0
10
35.596086124174718
20
-34.318882467702878
30
0
0
SPLINE
5
1145
100
AcDbEntity
8
0
100
AcDbSpline
70
4
71
3
72
8
73
4
74
0
42
0.000000001
43
0.0000000001
44
0.0000000001
40
0
40
0
40
0
40
0
40
1
40
1
40
1
40
1
41
1
41
1
41
1
41
1
10
35.596086124174718
20
-34.318882467702878
30
0
10
35.728377790841392
20
-34.424715801036207
30
0
10
35.622544457508056
20
-34.583465801036212
30
0
10
35.331502790841391
20
-34.662840801036204
30
0
0
SPLINE
5
1146
100
AcDbEntity
8
0
100
AcDbSpline
70
4
71
3
72
8
73
4
74
0
42
0.000000001
43
0.0000000001
44
0.0000000001
40
0
40
0
40
0
40
0
40
1
40
1
40
1
40
1
41
1
41
1
41
1
41
1
10
35.754836124174723
20
-35.721174134369548
30
0
10
35.754836124174723
20
-35.853465801036208
30
0
10
35.649002790841394
20
-35.985757467702875
30
0
10
35.490252790841396
20
-35.985757467702875
30
0
0
SPLINE
5
1147
100
AcDbEntity
8
0
100
AcDbSpline
70
4
71
3
72
8
73
4
74
0
42
0.000000001
43
0.0000000001
44
0.0000000001
40
0
40
0
40
0
40
0
40
1
40
1
40
1
40
1
41
1
41
1
41
1
41
1
10
35.490252790841396
20
-35.985757467702875
30
0
10
35.357961124174722
20
-35.985757467702875
30
0
10
35.225669457508062
20
-35.853465801036208
30
0
10
35.225669457508062
20
-35.721174134369548
30
0
0
SPLINE
5
1148
100
AcDbEntity
8
0
100
AcDbSpline
70
4
71
3
72
8
73
4
74
0
42
0.000000001
43
0.0000000001
44
0.0000000001
40
0
40
0
40
0
40
0
40
1
40
1
40
1
40
1
41
1
41
1
41
1
41
1
10
35.225669457508062
20
-35.721174134369548
30
0
10
35.225669457508062
20
-35.562424134369536
30
0
10
35.357961124174722
20
-35.456590801036214
30
0
10
35.490252790841396
20
-35.456590801036214
30
0
0
SPLINE
5
1149
100
AcDbEntity
8
0
100
AcDbSpline
70
4
71
3
72
8
73
4
74
0
42
0.000000001
43
0.0000000001
44
0.0000000001
40
0
40
0
40
0
40
0
40
1
40
1
40
1
40
1
41
1
41
1
41
1
41
1
10
35.490252790841396
20
-35.456590801036214
30
0
10
35.649002790841394
20
-35.456590801036214
30
0
10
35.754836124174723
20
-35.562424134369536
30
0
10
35.754836124174723
20
-35.721174134369548
30
0
0
SPLINE
5
1150
100
AcDbEntity
8
0
100
AcDbSpline
70
4
71
3
72
8
73
4
74
0
42
0.000000001
43
0.0000000001
44
0.0000000001
40
0
40
0
40
0
40
0
40
1
40
1
40
1
40
1
41
1
41
1
41
1
41
1
10
36.178169457508062
20
-36.964715801036206
30
0
10
35.992961124174727
20
-37.149924134369535
30
0
10
35.490252790841396
20
-36.779507467702871
30
0
10
35.490252790841396
20
-36.462007467702868
30
0
0
SPLINE
5
1151
100
AcDbEntity
8
0
100
AcDbSpline
70
4
71
3
72
8
73
4
74
0
42
0.000000001
43
0.0000000001
44
0.0000000001
40
0
40
0
40
0
40
0
40
1
40
1
40
1
40
1
41
1
41
1
41
1
41
1
10
35.490252790841396
20
-36.462007467702868
30
0
10
35.490252790841396
20
-36.303257467702878
30
0
10
35.649002790841394
20
-36.303257467702878
30
0
10
35.88712779084139
20
-36.514924134369544
30
0
0
SPLINE
5
1152
100
AcDbEntity
8
0
100
AcDbSpline
70
4
71
3
72
8
73
4
74
0
42
0.000000001
43
0.0000000001
44
0.0000000001
40
0
40
0
40
0
40
0
40
1
40
1
40
1
40
1
41
1
41
1
41
1
41
1
10
35.88712779084139
20
-36.514924134369544
30
0
10
36.125252790841387
20
-36.700132467702879
30
0
10
36.231086124174723
20
-36.911799134369545
30
0
10
36.178169457508062
20
-36.964715801036206
30
0
0
SPLINE
5
1153
100
AcDbEntity
8
0
100
AcDbSpline
70
4
71
3
72
8
73
4
74
0
42
0.000000001
43
0.0000000001
44
0.0000000001
40
0
40
0
40
0
40
0
40
1
40
1
40
1
40
1
41
1
41
1
41
1
41
1
10
36.548586124174719
20
-37.864299134369546
30
0
10
36.548586124174719
20
-37.996590801036206
30
0
10
36.442752790841396
20
-38.102424134369542
30
0
10
36.284002790841392
20
-38.102424134369542
30
0
0
SPLINE
5
1154
100
AcDbEntity
8
0
100
AcDbSpline
70
4
71
3
72
8
73
4
74
0
42
0.000000001
43
0.0000000001
44
0.0000000001
40
0
40
0
40
0
40
0
40
1
40
1
40
1
40
1
41
1
41
1
41
1
41
1
10
36.284002790841392
20
-38.102424134369542
30
0
10
36.151711124174717
20
-38.102424134369542
30
0
10
36.019419457508057
20
-37.9172158010362
30
0
10
36.019419457508057
20
-37.679090801036203
30
0
0
SPLINE
5
1155
100
AcDbEntity
8
0
100
AcDbSpline
70
4
71
3
72
8
73
4
74
0
42
0.000000001
43
0.0000000001
44
0.0000000001
40
0
40
0
40
0
40
0
40
1
40
1
40
1
40
1
41
1
41
1
41
1
41
1
10
36.019419457508057
20
-37.679090801036203
30
0
10
36.019419457508057
20
-37.467424134369544
30
0
10
36.151711124174717
20
-37.361590801036201
30
0
10
36.284002790841392
20
-37.440965801036214
30
0
0
SPLINE
5
1156
100
AcDbEntity
8
0
100
AcDbSpline
70
4
71
3
72
8
73
4
74
0
42
0.000000001
43
0.0000000001
44
0.0000000001
40
0
40
0
40
0
40
0
40
1
40
1
40
1
40
1
41
1
41
1
41
1
41
1
10
36.284002790841392
20
-37.440965801036214
30
0
10
36.442752790841396
20
-37.520340801036205
30
0
10
36.548586124174719
20
-37.705549134369541
30
0
10
36.548586124174719
20
-37.864299134369546
30
0
0
SPLINE
5
1157
100
AcDbEntity
8
0
100
AcDbSpline
70
4
71
3
72
8
73
4
74
0
42
0.000000001
43
0.0000000001
44
0.0000000001
40
0
40
0
40
0
40
0
40
1
40
1
40
1
40
1
41
1
41
1
41
1
41
1
10
36.813169457508053
20
-38.896174134369545
30
0
10
36.813169457508053
20
-39.028465801036212
30
0
10
36.707336124174724
20
-39.160757467702879
30
0
10
36.548586124174719
20
-39.160757467702879
30
0
0
SPLINE
5
1158
100
AcDbEntity
8
0
100
AcDbSpline
70
4
71
3
72
8
73
4
74
0
42
0.000000001
43
0.0000000001
44
0.0000000001
40
0
40
0
40
0
40
0
40
1
40
1
40
1
40
1
41
1
41
1
41
1
41
1
10
36.548586124174719
20
-39.160757467702879
30
0
10
36.416294457508052
20
-39.160757467702879
30
0
10
36.284002790841392
20
-39.028465801036212
30
0
10
36.284002790841392
20
-38.896174134369545
30
0
0
SPLINE
5
1159
100
AcDbEntity
8
0
100
AcDbSpline
70
4
71
3
72
8
73
4
74
0
42
0.000000001
43
0.0000000001
44
0.0000000001
40
0
40
0
40
0
40
0
40
1
40
1
40
1
40
1
41
1
41
1
41
1
41
1
10
36.284002790841392
20
-38.896174134369545
30
0
10
36.284002790841392
20
-38.73742413436954
30
0
10
36.416294457508052
20
-38.631590801036211
30
0
10
36.548586124174719
20
-38.631590801036211
30
0
0
SPLINE
5
1160
100
AcDbEntity
8
0
100
AcDbSpline
70
4
71
3
72
8
73
4
74
0
42
0.000000001
43
0.0000000001
44
0.0000000001
40
0
40
0
40
0
40
0
40
1
40
1
40
1
40
1
41
1
41
1
41
1
41
1
10
36.548586124174719
20
-38.631590801036211
30
0
10
36.707336124174724
20
-38.631590801036211
30
0
10
36.813169457508053
20
-38.73742413436954
30
0
10
36.813169457508053
20
-38.896174134369545
30
0
0
SPLINE
5
1161
100
AcDbEntity
8
0
100
AcDbSpline
70
4
71
3
72
8
73
4
74
0
42
0.000000001
43
0.0000000001
44
0.0000000001
40
0
40
0
40
0
40
0
40
1
40
1
40
1
40
1
41
1
41
1
41
1
41
1
10
44.565461124174732
20
-39.557632467702881
30
0
10
44.671294457508061
20
-39.76929913436954
30
0
10
44.618377790841386
20
-40.007424134369536
30
0
10
44.486086124174726
20
-40.086799134369542
30
0
0
SPLINE
5
1162
100
AcDbEntity
8
0
100
AcDbSpline
70
4
71
3
72
8
73
4
74
0
42
0.000000001
43
0.0000000001
44
0.0000000001
40
0
40
0
40
0
40
0
40
1
40
1
40
1
40
1
41
1
41
1
41
1
41
1
10
44.486086124174726
20
-40.086799134369542
30
0
10
44.327336124174721
20
-40.192632467702872
30
0
10
44.221502790841392
20
-40.007424134369536
30
0
10
44.221502790841392
20
-39.716382467702871
30
0
0
SPLINE
5
1163
100
AcDbEntity
8
0
100
AcDbSpline
70
4
71
3
72
8
73
4
74
0
42
0.000000001
43
0.0000000001
44
0.0000000001
40
0
40
0
40
0
40
0
40
1
40
1
40
1
40
1
41
1
41
1
41
1
41
1
10
44.221502790841392
20
-39.716382467702871
30
0
10
44.221502790841392
20
-39.054924134369536
30
0
10
44.380252790841396
20
-39.002007467702875
30
0
10
44.565461124174732
20
-39.557632467702881
30
0
0
SPLINE
5
1164
100
AcDbEntity
8
0
100
AcDbSpline
70
4
71
3
72
8
73
4
74
0
42
0.000000001
43
0.0000000001
44
0.0000000001
40
0
40
0
40
0
40
0
40
1
40
1
40
1
40
1
41
1
41
1
41
1
41
1
10
37.077752790841387
20
-39.954507467702875
30
0
10
37.077752790841387
20
-40.086799134369542
30
0
10
36.971919457508058
20
-40.219090801036202
30
0
10
36.813169457508053
20
-40.219090801036202
30
0
0
SPLINE
5
1165
100
AcDbEntity
8
0
100
AcDbSpline
70
4
71
3
72
8
73
4
74
0
42
0.000000001
43
0.0000000001
44
0.0000000001
40
0
40
0
40
0
40
0
40
1
40
1
40
1
40
1
41
1
41
1
41
1
41
1
10
36.813169457508053
20
-40.219090801036202
30
0
10
36.680877790841393
20
-40.219090801036202
30
0
10
36.548586124174719
20
-40.086799134369542
30
0
10
36.548586124174719
20
-39.954507467702875
30
0
0
SPLINE
5
1166
100
AcDbEntity
8
0
100
AcDbSpline
70
4
71
3
72
8
73
4
74
0
42
0.000000001
43
0.0000000001
44
0.0000000001
40
0
40
0
40
0
40
0
40
1
40
1
40
1
40
1
41
1
41
1
41
1
41
1
10
36.548586124174719
20
-39.954507467702875
30
0
10
36.548586124174719
20
-39.79575746770287
30
0
10
36.680877790841393
20
-39.689924134369541
30
0
10
36.813169457508053
20
-39.689924134369541
30
0
0
SPLINE
5
1167
100
AcDbEntity
8
0
100
AcDbSpline
70
4
71
3
72
8
73
4
74
0
42
0.000000001
43
0.0000000001
44
0.0000000001
40
0
40
0
40
0
40
0
40
1
40
1
40
1
40
1
41
1
41
1
41
1
41
1
10
36.813169457508053
20
-39.689924134369541
30
0
10
36.971919457508058
20
-39.689924134369541
30
0
10
37.077752790841387
20
-39.79575746770287
30
0
10
37.077752790841387
20
-39.954507467702875
30
0
0
SPLINE
5
1168
100
AcDbEntity
8
0
100
AcDbSpline
70
4
71
3
72
8
73
4
74
0
42
0.000000001
43
0.0000000001
44
0.0000000001
40
0
40
0
40
0
40
0
40
1
40
1
40
1
40
1
41
1
41
1
41
1
41
1
10
44.618377790841386
20
-40.72179913436954
30
0
10
44.697752790841392
20
-40.8540908010362
30
0
10
44.644836124174731
20
-41.039299134369543
30
0
10
44.486086124174726
20
-41.145132467702872
30
0
0
SPLINE
5
1169
100
AcDbEntity
8
0
100
AcDbSpline
70
4
71
3
72
8
73
4
74
0
42
0.000000001
43
0.0000000001
44
0.0000000001
40
0
40
0
40
0
40
0
40
1
40
1
40
1
40
1
41
1
41
1
41
1
41
1
10
44.486086124174726
20
-41.145132467702872
30
0
10
44.353794457508052
20
-41.224507467702871
30
0
10
44.221502790841392
20
-41.118674134369542
30
0
10
44.221502790841392
20
-40.907007467702876
30
0
0
SPLINE
5
1170
100
AcDbEntity
8
0
100
AcDbSpline
70
4
71
3
72
8
73
4
74
0
42
0.000000001
43
0.0000000001
44
0.0000000001
40
0
40
0
40
0
40
0
40
1
40
1
40
1
40
1
41
1
41
1
41
1
41
1
10
44.221502790841392
20
-40.907007467702876
30
0
10
44.221502790841392
20
-40.430757467702875
30
0
10
44.380252790841396
20
-40.351382467702877
30
0
10
44.618377790841386
20
-40.72179913436954
30
0
0
SPLINE
5
1171
100
AcDbEntity
8
0
100
AcDbSpline
70
4
71
3
72
8
73
4
74
0
42
0.000000001
43
0.0000000001
44
0.0000000001
40
0
40
0
40
0
40
0
40
1
40
1
40
1
40
1
41
1
41
1
41
1
41
1
10
37.342336124174722
20
-41.171590801036203
30
0
10
37.342336124174722
20
-41.383257467702876
30
0
10
37.236502790841399
20
-41.489090801036205
30
0
10
37.077752790841387
20
-41.409715801036207
30
0
0
SPLINE
5
1172
100
AcDbEntity
8
0
100
AcDbSpline
70
4
71
3
72
8
73
4
74
0
42
0.000000001
43
0.0000000001
44
0.0000000001
40
0
40
0
40
0
40
0
40
1
40
1
40
1
40
1
41
1
41
1
41
1
41
1
10
37.077752790841387
20
-41.409715801036207
30
0
10
36.945461124174727
20
-41.330340801036208
30
0
10
36.813169457508053
20
-41.145132467702872
30
0
10
36.813169457508053
20
-40.986382467702867
30
0
0
SPLINE
5
1173
100
AcDbEntity
8
0
100
AcDbSpline
70
4
71
3
72
8
73
4
74
0
42
0.000000001
43
0.0000000001
44
0.0000000001
40
0
40
0
40
0
40
0
40
1
40
1
40
1
40
1
41
1
41
1
41
1
41
1
10
36.813169457508053
20
-40.986382467702867
30
0
10
36.813169457508053
20
-40.8540908010362
30
0
10
36.945461124174727
20
-40.748257467702878
30
0
10
37.077752790841387
20
-40.748257467702878
30
0
0
SPLINE
5
1174
100
AcDbEntity
8
0
100
AcDbSpline
70
4
71
3
72
8
73
4
74
0
42
0.000000001
43
0.0000000001
44
0.0000000001
40
0
40
0
40
0
40
0
40
1
40
1
40
1
40
1
41
1
41
1
41
1
41
1
10
37.077752790841387
20
-40.748257467702878
30
0
10
37.236502790841399
20
-40.748257467702878
30
0
10
37.342336124174722
20
-40.933465801036206
30
0
10
37.342336124174722
20
-41.171590801036203
30
0
0
SPLINE
5
1175
100
AcDbEntity
8
0
100
AcDbSpline
70
4
71
3
72
8
73
4
74
0
42
0.000000001
43
0.0000000001
44
0.0000000001
40
0
40
0
40
0
40
0
40
1
40
1
40
1
40
1
41
1
41
1
41
1
41
1
10
44.380252790841396
20
-42.520965801036212
30
0
10
44.115669457508062
20
-42.785549134369546
30
0
10
43.877544457508066
20
-42.388674134369538
30
0
10
44.115669457508062
20
-42.044715801036205
30
0
0
SPLINE
5
1176
100
AcDbEntity
8
0
100
AcDbSpline
70
4
71
3
72
8
73
4
74
0
42
0.000000001
43
0.0000000001
44
0.0000000001
40
0
40
0
40
0
40
0
40
1
40
1
40
1
40
1
41
1
41
1
41
1
41
1
10
44.115669457508062
20
-42.044715801036205
30
0
10
44.274419457508067
20
-41.753674134369533
30
0
10
44.327336124174721
20
-41.753674134369533
30
0
10
44.433169457508058
20
-42.044715801036205
30
0
0
SPLINE
5
1177
100
AcDbEntity
8
0
100
AcDbSpline
70
4
71
3
72
8
73
4
74
0
42
0.000000001
43
0.0000000001
44
0.0000000001
40
0
40
0
40
0
40
0
40
1
40
1
40
1
40
1
41
1
41
1
41
1
41
1
10
44.433169457508058
20
-42.044715801036205
30
0
10
44.486086124174726
20
-42.229924134369547
30
0
10
44.459627790841395
20
-42.441590801036206
30
0
10
44.380252790841396
20
-42.520965801036212
30
0
0
SPLINE
5
1178
100
AcDbEntity
8
0
100
AcDbSpline
70
4
71
3
72
8
73
4
74
0
42
0.000000001
43
0.0000000001
44
0.0000000001
40
0
40
0
40
0
40
0
40
1
40
1
40
1
40
1
41
1
41
1
41
1
41
1
10
37.606919457508056
20
-42.335757467702877
30
0
10
37.606919457508056
20
-42.468049134369544
30
0
10
37.501086124174734
20
-42.600340801036211
30
0
10
37.342336124174722
20
-42.600340801036211
30
0
0
SPLINE
5
1179
100
AcDbEntity
8
0
100
AcDbSpline
70
4
71
3
72
8
73
4
74
0
42
0.000000001
43
0.0000000001
44
0.0000000001
40
0
40
0
40
0
40
0
40
1
40
1
40
1
40
1
41
1
41
1
41
1
41
1
10
37.342336124174722
20
-42.600340801036211
30
0
10
37.210044457508062
20
-42.600340801036211
30
0
10
37.077752790841387
20
-42.468049134369544
30
0
10
37.077752790841387
20
-42.335757467702877
30
0
0
SPLINE
5
1180
100
AcDbEntity
8
0
100
AcDbSpline
70
4
71
3
72
8
73
4
74
0
42
0.000000001
43
0.0000000001
44
0.0000000001
40
0
40
0
40
0
40
0
40
1
40
1
40
1
40
1
41
1
41
1
41
1
41
1
10
37.077752790841387
20
-42.335757467702877
30
0
10
37.077752790841387
20
-42.177007467702872
30
0
10
37.210044457508062
20
-42.071174134369542
30
0
10
37.342336124174722
20
-42.071174134369542
30
0
0
SPLINE
5
1181
100
AcDbEntity
8
0
100
AcDbSpline
70
4
71
3
72
8
73
4
74
0
42
0.000000001
43
0.0000000001
44
0.0000000001
40
0
40
0
40
0
40
0
40
1
40
1
40
1
40
1
41
1
41
1
41
1
41
1
10
37.342336124174722
20
-42.071174134369542
30
0
10
37.501086124174734
20
-42.071174134369542
30
0
10
37.606919457508056
20
-42.177007467702872
30
0
10
37.606919457508056
20
-42.335757467702877
30
0
0
SPLINE
5
1182
100
AcDbEntity
8
0
100
AcDbSpline
70
4
71
3
72
8
73
4
74
0
42
0.000000001
43
0.0000000001
44
0.0000000001
40
0
40
0
40
0
40
0
40
1
40
1
40
1
40
1
41
1
41
1
41
1
41
1
10
44.433169457508058
20
-43.182424134369541
30
0
10
44.380252790841396
20
-43.341174134369538
30
0
10
44.168586124174723
20
-43.552840801036211
30
0
10
44.009836124174726
20
-43.605757467702873
30
0
0
SPLINE
5
1183
100
AcDbEntity
8
0
100
AcDbSpline
70
4
71
3
72
8
73
4
74
0
42
0.000000001
43
0.0000000001
44
0.0000000001
40
0
40
0
40
0
40
0
40
1
40
1
40
1
40
1
41
1
41
1
41
1
41
1
10
44.009836124174726
20
-43.605757467702873
30
0
10
43.82462779084139
20
-43.658674134369548
30
0
10
43.745252790841391
20
-43.552840801036211
30
0
10
43.851086124174728
20
-43.288257467702877
30
0
0
SPLINE
5
1184
100
AcDbEntity
8
0
100
AcDbSpline
70
4
71
3
72
8
73
4
74
0
42
0.000000001
43
0.0000000001
44
0.0000000001
40
0
40
0
40
0
40
0
40
1
40
1
40
1
40
1
41
1
41
1
41
1
41
1
10
43.851086124174728
20
-43.288257467702877
30
0
10
44.036294457508056
20
-42.812007467702877
30
0
10
44.591919457508062
20
-42.706174134369533
30
0
10
44.433169457508058
20
-43.182424134369541
30
0
0
SPLINE
5
1185
100
AcDbEntity
8
0
100
AcDbSpline
70
4
71
3
72
8
73
4
74
0
42
0.000000001
43
0.0000000001
44
0.0000000001
40
0
40
0
40
0
40
0
40
1
40
1
40
1
40
1
41
1
41
1
41
1
41
1
10
37.871502790841383
20
-43.394090801036214
30
0
10
37.871502790841383
20
-43.526382467702874
30
0
10
37.818586124174729
20
-43.658674134369548
30
0
10
37.765669457508068
20
-43.658674134369548
30
0
0
SPLINE
5
1186
100
AcDbEntity
8
0
100
AcDbSpline
70
4
71
3
72
8
73
4
74
0
42
0.000000001
43
0.0000000001
44
0.0000000001
40
0
40
0
40
0
40
0
40
1
40
1
40
1
40
1
41
1
41
1
41
1
41
1
10
37.765669457508068
20
-43.658674134369548
30
0
10
37.686294457508055
20
-43.658674134369548
30
0
10
37.554002790841395
20
-43.526382467702874
30
0
10
37.474627790841389
20
-43.394090801036214
30
0
0
SPLINE
5
1187
100
AcDbEntity
8
0
100
AcDbSpline
70
4
71
3
72
8
73
4
74
0
42
0.000000001
43
0.0000000001
44
0.0000000001
40
0
40
0
40
0
40
0
40
1
40
1
40
1
40
1
41
1
41
1
41
1
41
1
10
37.474627790841389
20
-43.394090801036214
30
0
10
37.395252790841397
20
-43.235340801036202
30
0
10
37.448169457508058
20
-43.129507467702879
30
0
10
37.580461124174718
20
-43.129507467702879
30
0
0
SPLINE
5
1188
100
AcDbEntity
8
0
100
AcDbSpline
70
4
71
3
72
8
73
4
74
0
42
0.000000001
43
0.0000000001
44
0.0000000001
40
0
40
0
40
0
40
0
40
1
40
1
40
1
40
1
41
1
41
1
41
1
41
1
10
37.580461124174718
20
-43.129507467702879
30
0
10
37.739211124174723
20
-43.129507467702879
30
0
10
37.871502790841383
20
-43.235340801036202
30
0
10
37.871502790841383
20
-43.394090801036214
30
0
0
SPLINE
5
1189
100
AcDbEntity
8
0
100
AcDbSpline
70
4
71
3
72
8
73
4
74
0
42
0.000000001
43
0.0000000001
44
0.0000000001
40
0
40
0
40
0
40
0
40
1
40
1
40
1
40
1
41
1
41
1
41
1
41
1
10
38.136086124174724
20
-44.425965801036199
30
0
10
38.136086124174724
20
-44.717007467702878
30
0
10
38.268377790841384
20
-45.034507467702873
30
0
10
38.400669457508059
20
-45.113882467702879
30
0
0
SPLINE
5
1190
100
AcDbEntity
8
0
100
AcDbSpline
70
4
71
3
72
8
73
4
74
0
42
0.000000001
43
0.0000000001
44
0.0000000001
40
0
40
0
40
0
40
0
40
1
40
1
40
1
40
1
41
1
41
1
41
1
41
1
10
38.400669457508059
20
-45.113882467702879
30
0
10
38.559419457508064
20
-45.193257467702878
30
0
10
38.665252790841393
20
-45.510757467702874
30
0
10
38.665252790841393
20
-45.801799134369539
30
0
0
SPLINE
5
1191
100
AcDbEntity
8
0
100
AcDbSpline
70
4
71
3
72
8
73
4
74
0
42
0.000000001
43
0.0000000001
44
0.0000000001
40
0
40
0
40
0
40
0
40
1
40
1
40
1
40
1
41
1
41
1
41
1
41
1
10
38.665252790841393
20
-45.801799134369539
30
0
10
38.665252790841393
20
-46.06638246770288
30
0
10
38.850461124174728
20
-46.304507467702877
30
0
10
39.062127790841387
20
-46.304507467702877
30
0
0
SPLINE
5
1192
100
AcDbEntity
8
0
100
AcDbSpline
70
4
71
3
72
8
73
4
74
0
42
0.000000001
43
0.0000000001
44
0.0000000001
40
0
40
0
40
0
40
0
40
1
40
1
40
1
40
1
41
1
41
1
41
1
41
1
10
39.062127790841387
20
-46.304507467702877
30
0
10
39.27379445750806
20
-46.304507467702877
30
0
10
39.591294457508056
20
-46.542632467702873
30
0
10
39.776502790841391
20
-46.833674134369545
30
0
0
SPLINE
5
1193
100
AcDbEntity
8
0
100
AcDbSpline
70
4
71
3
72
8
73
4
74
0
42
0.000000001
43
0.0000000001
44
0.0000000001
40
0
40
0
40
0
40
0
40
1
40
1
40
1
40
1
41
1
41
1
41
1
41
1
10
39.776502790841391
20
-46.833674134369545
30
0
10
39.96171112417472
20
-47.12471580103621
30
0
10
40.279211124174729
20
-47.362840801036214
30
0
10
40.464419457508065
20
-47.362840801036214
30
0
0
SPLINE
5
1194
100
AcDbEntity
8
0
100
AcDbSpline
70
4
71
3
72
8
73
4
74
0
42
0.000000001
43
0.0000000001
44
0.0000000001
40
0
40
0
40
0
40
0
40
1
40
1
40
1
40
1
41
1
41
1
41
1
41
1
10
40.464419457508065
20
-47.362840801036214
30
0
10
40.702544457508061
20
-47.362840801036214
30
0
10
40.75546112417473
20
-47.548049134369549
30
0
10
40.649627790841393
20
-47.892007467702875
30
0
0
SPLINE
5
1195
100
AcDbEntity
8
0
100
AcDbSpline
70
4
71
3
72
8
73
4
74
0
42
0.000000001
43
0.0000000001
44
0.0000000001
40
0
40
0
40
0
40
0
40
1
40
1
40
1
40
1
41
1
41
1
41
1
41
1
10
40.649627790841393
20
-47.892007467702875
30
0
10
40.543794457508056
20
-48.262424134369539
30
0
10
40.596711124174725
20
-48.421174134369551
30
0
10
40.88775279084139
20
-48.421174134369551
30
0
0
SPLINE
5
1196
100
AcDbEntity
8
0
100
AcDbSpline
70
4
71
3
72
8
73
4
74
0
42
0.000000001
43
0.0000000001
44
0.0000000001
40
0
40
0
40
0
40
0
40
1
40
1
40
1
40
1
41
1
41
1
41
1
41
1
10
40.88775279084139
20
-48.421174134369551
30
0
10
41.099419457508056
20
-48.421174134369551
30
0
10
41.36400279084139
20
-48.288882467702877
30
0
10
41.443377790841389
20
-48.156590801036209
30
0
0
SPLINE
5
1197
100
AcDbEntity
8
0
100
AcDbSpline
70
4
71
3
72
8
73
4
74
0
42
0.000000001
43
0.0000000001
44
0.0000000001
40
0
40
0
40
0
40
0
40
1
40
1
40
1
40
1
41
1
41
1
41
1
41
1
10
41.443377790841389
20
-48.156590801036209
30
0
10
41.522752790841395
20
-47.997840801036205
30
0
10
41.469836124174726
20
-47.892007467702875
30
0
10
41.337544457508066
20
-47.892007467702875
30
0
0
SPLINE
5
1198
100
AcDbEntity
8
0
100
AcDbSpline
70
4
71
3
72
8
73
4
74
0
42
0.000000001
43
0.0000000001
44
0.0000000001
40
0
40
0
40
0
40
0
40
1
40
1
40
1
40
1
41
1
41
1
41
1
41
1
10
41.337544457508066
20
-47.892007467702875
30
0
10
41.178794457508054
20
-47.892007467702875
30
0
10
41.046502790841394
20
-47.759715801036215
30
0
10
41.046502790841394
20
-47.627424134369541
30
0
0
SPLINE
5
1199
100
AcDbEntity
8
0
100
AcDbSpline
70
4
71
3
72
8
73
4
74
0
42
0.000000001
43
0.0000000001
44
0.0000000001
40
0
40
0
40
0
40
0
40
1
40
1
40
1
40
1
41
1
41
1
41
1
41
1
10
41.046502790841394
20
-47.627424134369541
30
0
10
41.046502790841394
20
-47.468674134369536
30
0
10
41.284627790841391
20
-47.362840801036214
30
0
10
41.549211124174725
20
-47.362840801036214
30
0
0
SPLINE
5
1200
100
AcDbEntity
8
0
100
AcDbSpline
70
4
71
3
72
8
73
4
74
0
42
0.000000001
43
0.0000000001
44
0.0000000001
40
0
40
0
40
0
40
0
40
1
40
1
40
1
40
1
41
1
41
1
41
1
41
1
10
41.549211124174725
20
-47.362840801036214
30
0
10
41.84025279084139
20
-47.362840801036214
30
0
10
42.1577527908414
20
-47.12471580103621
30
0
10
42.237127790841392
20
-46.833674134369545
30
0
0
SPLINE
5
1201
100
AcDbEntity
8
0
100
AcDbSpline
70
4
71
3
72
8
73
4
74
0
42
0.000000001
43
0.0000000001
44
0.0000000001
40
0
40
0
40
0
40
0
40
1
40
1
40
1
40
1
41
1
41
1
41
1
41
1
10
42.237127790841392
20
-46.833674134369545
30
0
10
42.31650279084139
20
-46.542632467702873
30
0
10
42.528169457508056
20
-46.304507467702877
30
0
10
42.660461124174731
20
-46.304507467702877
30
0
0
SPLINE
5
1202
100
AcDbEntity
8
0
100
AcDbSpline
70
4
71
3
72
8
73
4
74
0
42
0.000000001
43
0.0000000001
44
0.0000000001
40
0
40
0
40
0
40
0
40
1
40
1
40
1
40
1
41
1
41
1
41
1
41
1
10
42.660461124174731
20
-46.304507467702877
30
0
10
42.792752790841398
20
-46.304507467702877
30
0
10
42.89858612417472
20
-46.119299134369534
30
0
10
42.89858612417472
20
-45.907632467702875
30
0
0
SPLINE
5
1203
100
AcDbEntity
8
0
100
AcDbSpline
70
4
71
3
72
8
73
4
74
0
42
0.000000001
43
0.0000000001
44
0.0000000001
40
0
40
0
40
0
40
0
40
1
40
1
40
1
40
1
41
1
41
1
41
1
41
1
10
42.89858612417472
20
-45.907632467702875
30
0
10
42.89858612417472
20
-45.695965801036209
30
0
10
43.004419457508057
20
-45.510757467702874
30
0
10
43.136711124174724
20
-45.510757467702874
30
0
0
SPLINE
5
1204
100
AcDbEntity
8
0
100
AcDbSpline
70
4
71
3
72
8
73
4
74
0
42
0.000000001
43
0.0000000001
44
0.0000000001
40
0
40
0
40
0
40
0
40
1
40
1
40
1
40
1
41
1
41
1
41
1
41
1
10
43.136711124174724
20
-45.510757467702874
30
0
10
43.269002790841391
20
-45.510757467702874
30
0
10
43.427752790841396
20
-45.14034080103621
30
0
10
43.533586124174725
20
-44.717007467702878
30
0
0
SPLINE
5
1205
100
AcDbEntity
8
0
100
AcDbSpline
70
4
71
3
72
8
73
4
74
0
42
0.000000001
43
0.0000000001
44
0.0000000001
40
0
40
0
40
0
40
0
40
1
40
1
40
1
40
1
41
1
41
1
41
1
41
1
10
43.533586124174725
20
-44.717007467702878
30
0
10
43.612961124174731
20
-44.267215801036208
30
0
10
43.798169457508052
20
-43.923257467702882
30
0
10
43.983377790841402
20
-43.923257467702882
30
0
0
SPLINE
5
1206
100
AcDbEntity
8
0
100
AcDbSpline
70
4
71
3
72
8
73
4
74
0
42
0.000000001
43
0.0000000001
44
0.0000000001
40
0
40
0
40
0
40
0
40
1
40
1
40
1
40
1
41
1
41
1
41
1
41
1
10
43.983377790841402
20
-43.923257467702882
30
0
10
44.30087779084139
20
-43.923257467702882
30
0
10
44.062752790841387
20
-45.457840801036212
30
0
10
43.69233612417473
20
-45.881174134369537
30
0
0
SPLINE
5
1207
100
AcDbEntity
8
0
100
AcDbSpline
70
4
71
3
72
8
73
4
74
0
42
0.000000001
43
0.0000000001
44
0.0000000001
40
0
40
0
40
0
40
0
40
1
40
1
40
1
40
1
41
1
41
1
41
1
41
1
10
43.69233612417473
20
-45.881174134369537
30
0
10
43.560044457508056
20
-46.013465801036205
30
0
10
43.533586124174725
20
-46.251590801036208
30
0
10
43.586502790841394
20
-46.436799134369544
30
0
0
SPLINE
5
1208
100
AcDbEntity
8
0
100
AcDbSpline
70
4
71
3
72
8
73
4
74
0
42
0.000000001
43
0.0000000001
44
0.0000000001
40
0
40
0
40
0
40
0
40
1
40
1
40
1
40
1
41
1
41
1
41
1
41
1
10
43.586502790841394
20
-46.436799134369544
30
0
10
43.665877790841392
20
-46.622007467702879
30
0
10
43.612961124174731
20
-46.860132467702876
30
0
10
43.480669457508057
20
-46.939507467702875
30
0
0
SPLINE
5
1209
100
AcDbEntity
8
0
100
AcDbSpline
70
4
71
3
72
8
73
4
74
0
42
0.000000001
43
0.0000000001
44
0.0000000001
40
0
40
0
40
0
40
0
40
1
40
1
40
1
40
1
41
1
41
1
41
1
41
1
10
43.480669457508057
20
-46.939507467702875
30
0
10
43.321919457508066
20
-47.018882467702873
30
0
10
43.269002790841391
20
-47.336382467702869
30
0
10
43.348377790841397
20
-47.600965801036203
30
0
0
SPLINE
5
1210
100
AcDbEntity
8
0
100
AcDbSpline
70
4
71
3
72
8
73
4
74
0
42
0.000000001
43
0.0000000001
44
0.0000000001
40
0
40
0
40
0
40
0
40
1
40
1
40
1
40
1
41
1
41
1
41
1
41
1
10
43.348377790841397
20
-47.600965801036203
30
0
10
43.427752790841396
20
-47.865549134369545
30
0
10
43.348377790841397
20
-48.18304913436954
30
0
10
43.189627790841392
20
-48.262424134369539
30
0
0
SPLINE
5
1211
100
AcDbEntity
8
0
100
AcDbSpline
70
4
71
3
72
8
73
4
74
0
42
0.000000001
43
0.0000000001
44
0.0000000001
40
0
40
0
40
0
40
0
40
1
40
1
40
1
40
1
41
1
41
1
41
1
41
1
10
43.189627790841392
20
-48.262424134369539
30
0
10
43.057336124174732
20
-48.368257467702875
30
0
10
42.977961124174726
20
-48.606382467702872
30
0
10
43.057336124174732
20
-48.7915908010362
30
0
0
SPLINE
5
1212
100
AcDbEntity
8
0
100
AcDbSpline
70
4
71
3
72
8
73
4
74
0
42
0.000000001
43
0.0000000001
44
0.0000000001
40
0
40
0
40
0
40
0
40
1
40
1
40
1
40
1
41
1
41
1
41
1
41
1
10
43.057336124174732
20
-48.7915908010362
30
0
10
43.136711124174724
20
-49.00325746770288
30
0
10
43.083794457508063
20
-49.241382467702877
30
0
10
42.925044457508065
20
-49.347215801036207
30
0
0
SPLINE
5
1213
100
AcDbEntity
8
0
100
AcDbSpline
70
4
71
3
72
8
73
4
74
0
42
0.000000001
43
0.0000000001
44
0.0000000001
40
0
40
0
40
0
40
0
40
1
40
1
40
1
40
1
41
1
41
1
41
1
41
1
10
42.925044457508065
20
-49.347215801036207
30
0
10
42.76629445750806
20
-49.426590801036205
30
0
10
42.634002790841386
20
-49.744090801036208
30
0
10
42.634002790841386
20
-50.03513246770288
30
0
0
SPLINE
5
1214
100
AcDbEntity
8
0
100
AcDbSpline
70
4
71
3
72
8
73
4
74
0
42
0.000000001
43
0.0000000001
44
0.0000000001
40
0
40
0
40
0
40
0
40
1
40
1
40
1
40
1
41
1
41
1
41
1
41
1
10
42.634002790841386
20
-50.03513246770288
30
0
10
42.634002790841386
20
-50.299715801036207
30
0
10
42.528169457508056
20
-50.537840801036211
30
0
10
42.369419457508059
20
-50.537840801036211
30
0
0
SPLINE
5
1215
100
AcDbEntity
8
0
100
AcDbSpline
70
4
71
3
72
8
73
4
74
0
42
0.000000001
43
0.0000000001
44
0.0000000001
40
0
40
0
40
0
40
0
40
1
40
1
40
1
40
1
41
1
41
1
41
1
41
1
10
42.369419457508059
20
-50.537840801036211
30
0
10
42.237127790841392
20
-50.537840801036211
30
0
10
42.104836124174724
20
-50.775965801036207
30
0
10
42.104836124174724
20
-51.067007467702872
30
0
0
SPLINE
5
1216
100
AcDbEntity
8
0
100
AcDbSpline
70
4
71
3
72
8
73
4
74
0
42
0.000000001
43
0.0000000001
44
0.0000000001
40
0
40
0
40
0
40
0
40
1
40
1
40
1
40
1
41
1
41
1
41
1
41
1
10
42.104836124174724
20
-51.067007467702872
30
0
10
42.104836124174724
20
-51.358049134369551
30
0
10
41.999002790841395
20
-51.596174134369548
30
0
10
41.84025279084139
20
-51.596174134369548
30
0
0
SPLINE
5
1217
100
AcDbEntity
8
0
100
AcDbSpline
70
4
71
3
72
8
73
4
74
0
42
0.000000001
43
0.0000000001
44
0.0000000001
40
0
40
0
40
0
40
0
40
1
40
1
40
1
40
1
41
1
41
1
41
1
41
1
10
41.84025279084139
20
-51.596174134369548
30
0
10
41.707961124174716
20
-51.596174134369548
30
0
10
41.575669457508056
20
-51.754924134369546
30
0
10
41.575669457508056
20
-51.966590801036212
30
0
0
SPLINE
5
1218
100
AcDbEntity
8
0
100
AcDbSpline
70
4
71
3
72
8
73
4
74
0
42
0.000000001
43
0.0000000001
44
0.0000000001
40
0
40
0
40
0
40
0
40
1
40
1
40
1
40
1
41
1
41
1
41
1
41
1
10
41.575669457508056
20
-51.966590801036212
30
0
10
41.575669457508056
20
-52.389924134369544
30
0
10
40.437961124174734
20
-52.760340801036207
30
0
10
40.30566945750806
20
-52.389924134369544
30
0
0
SPLINE
5
1219
100
AcDbEntity
8
0
100
AcDbSpline
70
4
71
3
72
8
73
4
74
0
42
0.000000001
43
0.0000000001
44
0.0000000001
40
0
40
0
40
0
40
0
40
1
40
1
40
1
40
1
41
1
41
1
41
1
41
1
10
40.30566945750806
20
-52.389924134369544
30
0
10
40.252752790841384
20
-52.231174134369539
30
0
10
40.067544457508063
20
-52.125340801036216
30
0
10
39.908794457508058
20
-52.125340801036216
30
0
0
SPLINE
5
1220
100
AcDbEntity
8
0
100
AcDbSpline
70
4
71
3
72
8
73
4
74
0
42
0.000000001
43
0.0000000001
44
0.0000000001
40
0
40
0
40
0
40
0
40
1
40
1
40
1
40
1
41
1
41
1
41
1
41
1
10
39.908794457508058
20
-52.125340801036216
30
0
10
39.485461124174734
20
-52.125340801036216
30
0
10
38.718169457508068
20
-50.326174134369538
30
0
10
38.559419457508064
20
-49.029715801036211
30
0
0
SPLINE
5
1221
100
AcDbEntity
8
0
100
AcDbSpline
70
4
71
3
72
8
73
4
74
0
42
0.000000001
43
0.0000000001
44
0.0000000001
40
0
40
0
40
0
40
0
40
1
40
1
40
1
40
1
41
1
41
1
41
1
41
1
10
38.559419457508064
20
-49.029715801036211
30
0
10
38.506502790841388
20
-48.474090801036205
30
0
10
38.400669457508059
20
-47.971382467702874
30
0
10
38.374211124174728
20
-47.892007467702875
30
0
0
SPLINE
5
1222
100
AcDbEntity
8
0
100
AcDbSpline
70
4
71
3
72
8
73
4
74
0
42
0.000000001
43
0.0000000001
44
0.0000000001
40
0
40
0
40
0
40
0
40
1
40
1
40
1
40
1
41
1
41
1
41
1
41
1
10
38.374211124174728
20
-47.892007467702875
30
0
10
38.347752790841398
20
-47.812632467702876
30
0
10
38.294836124174729
20
-47.627424134369541
30
0
10
38.268377790841384
20
-47.495132467702881
30
0
0
SPLINE
5
1223
100
AcDbEntity
8
0
100
AcDbSpline
70
4
71
3
72
8
73
4
74
0
42
0.000000001
43
0.0000000001
44
0.0000000001
40
0
40
0
40
0
40
0
40
1
40
1
40
1
40
1
41
1
41
1
41
1
41
1
10
38.268377790841384
20
-47.495132467702881
30
0
10
38.215461124174723
20
-47.336382467702869
30
0
10
38.162544457508062
20
-47.177632467702878
30
0
10
38.136086124174724
20
-47.098257467702879
30
0
0
SPLINE
5
1224
100
AcDbEntity
8
0
100
AcDbSpline
70
4
71
3
72
8
73
4
74
0
42
0.000000001
43
0.0000000001
44
0.0000000001
40
0
40
0
40
0
40
0
40
1
40
1
40
1
40
1
41
1
41
1
41
1
41
1
10
38.136086124174724
20
-47.098257467702879
30
0
10
38.109627790841394
20
-47.018882467702873
30
0
10
38.056711124174726
20
-46.595549134369548
30
0
10
38.003794457508057
20
-46.119299134369534
30
0
0
SPLINE
5
1225
100
AcDbEntity
8
0
100
AcDbSpline
70
4
71
3
72
8
73
4
74
0
42
0.000000001
43
0.0000000001
44
0.0000000001
40
0
40
0
40
0
40
0
40
1
40
1
40
1
40
1
41
1
41
1
41
1
41
1
10
38.003794457508057
20
-46.119299134369534
30
0
10
37.977336124174727
20
-45.643049134369548
30
0
10
37.871502790841383
20
-44.955132467702867
30
0
10
37.765669457508068
20
-44.584715801036211
30
0
0
SPLINE
5
1226
100
AcDbEntity
8
0
100
AcDbSpline
70
4
71
3
72
8
73
4
74
0
42
0.000000001
43
0.0000000001
44
0.0000000001
40
0
40
0
40
0
40
0
40
1
40
1
40
1
40
1
41
1
41
1
41
1
41
1
10
37.765669457508068
20
-44.584715801036211
30
0
10
37.659836124174724
20
-44.21429913436954
30
0
10
37.712752790841392
20
-43.923257467702882
30
0
10
37.871502790841383
20
-43.923257467702882
30
0
0
SPLINE
5
1227
100
AcDbEntity
8
0
100
AcDbSpline
70
4
71
3
72
8
73
4
74
0
42
0.000000001
43
0.0000000001
44
0.0000000001
40
0
40
0
40
0
40
0
40
1
40
1
40
1
40
1
41
1
41
1
41
1
41
1
10
37.871502790841383
20
-43.923257467702882
30
0
10
38.003794457508057
20
-43.923257467702882
30
0
10
38.136086124174724
20
-44.161382467702872
30
0
10
38.136086124174724
20
-44.425965801036199
30
0
0
SPLINE
5
1228
100
AcDbEntity
8
0
100
AcDbSpline
70
4
71
3
72
8
73
4
74
0
42
0.000000001
43
0.0000000001
44
0.0000000001
40
0
40
0
40
0
40
0
40
1
40
1
40
1
40
1
41
1
41
1
41
1
41
1
10
47.264211124174722
20
-47.098257467702879
30
0
10
47.343586124174728
20
-47.230549134369546
30
0
10
47.608169457508055
20
-47.283465801036201
30
0
10
47.872752790841389
20
-47.204090801036209
30
0
0
SPLINE
5
1229
100
AcDbEntity
8
0
100
AcDbSpline
70
4
71
3
72
8
73
4
74
0
42
0.000000001
43
0.0000000001
44
0.0000000001
40
0
40
0
40
0
40
0
40
1
40
1
40
1
40
1
41
1
41
1
41
1
41
1
10
47.872752790841389
20
-47.204090801036209
30
0
10
48.243169457508053
20
-47.071799134369535
30
0
10
48.243169457508053
20
-47.098257467702879
30
0
10
47.819836124174728
20
-47.362840801036214
30
0
0
SPLINE
5
1230
100
AcDbEntity
8
0
100
AcDbSpline
70
4
71
3
72
8
73
4
74
0
42
0.000000001
43
0.0000000001
44
0.0000000001
40
0
40
0
40
0
40
0
40
1
40
1
40
1
40
1
41
1
41
1
41
1
41
1
10
47.819836124174728
20
-47.362840801036214
30
0
10
47.449419457508057
20
-47.627424134369541
30
0
10
47.264211124174722
20
-47.600965801036203
30
0
10
46.920252790841403
20
-47.257007467702877
30
0
0
SPLINE
5
1231
100
AcDbEntity
8
0
100
AcDbSpline
70
4
71
3
72
8
73
4
74
0
42
0.000000001
43
0.0000000001
44
0.0000000001
40
0
40
0
40
0
40
0
40
1
40
1
40
1
40
1
41
1
41
1
41
1
41
1
10
46.920252790841403
20
-47.257007467702877
30
0
10
46.655669457508054
20
-47.018882467702873
30
0
10
46.602752790841393
20
-46.833674134369545
30
0
10
46.787961124174728
20
-46.833674134369545
30
0
0
SPLINE
5
1232
100
AcDbEntity
8
0
100
AcDbSpline
70
4
71
3
72
8
73
4
74
0
42
0.000000001
43
0.0000000001
44
0.0000000001
40
0
40
0
40
0
40
0
40
1
40
1
40
1
40
1
41
1
41
1
41
1
41
1
10
46.787961124174728
20
-46.833674134369545
30
0
10
46.973169457508057
20
-46.833674134369545
30
0
10
47.158377790841399
20
-46.939507467702875
30
0
10
47.264211124174722
20
-47.098257467702879
30
0
0
SPLINE
5
1233
100
AcDbEntity
8
0
100
AcDbSpline
70
4
71
3
72
8
73
4
74
0
42
0.000000001
43
0.0000000001
44
0.0000000001
40
0
40
0
40
0
40
0
40
1
40
1
40
1
40
1
41
1
41
1
41
1
41
1
10
53.74650279084139
20
-47.627424134369541
30
0
10
53.74650279084139
20
-47.759715801036215
30
0
10
53.561294457508062
20
-47.892007467702875
30
0
10
53.349627790841396
20
-47.892007467702875
30
0
0
SPLINE
5
1234
100
AcDbEntity
8
0
100
AcDbSpline
70
4
71
3
72
8
73
4
74
0
42
0.000000001
43
0.0000000001
44
0.0000000001
40
0
40
0
40
0
40
0
40
1
40
1
40
1
40
1
41
1
41
1
41
1
41
1
10
53.349627790841396
20
-47.892007467702875
30
0
10
53.137961124174716
20
-47.892007467702875
30
0
10
52.952752790841387
20
-47.997840801036205
30
0
10
52.952752790841387
20
-48.156590801036209
30
0
0
SPLINE
5
1235
100
AcDbEntity
8
0
100
AcDbSpline
70
4
71
3
72
8
73
4
74
0
42
0.000000001
43
0.0000000001
44
0.0000000001
40
0
40
0
40
0
40
0
40
1
40
1
40
1
40
1
41
1
41
1
41
1
41
1
10
52.952752790841387
20
-48.156590801036209
30
0
10
52.952752790841387
20
-48.288882467702877
30
0
10
52.794002790841397
20
-48.421174134369551
30
0
10
52.582336124174731
20
-48.421174134369551
30
0
0
SPLINE
5
1236
100
AcDbEntity
8
0
100
AcDbSpline
70
4
71
3
72
8
73
4
74
0
42
0.000000001
43
0.0000000001
44
0.0000000001
40
0
40
0
40
0
40
0
40
1
40
1
40
1
40
1
41
1
41
1
41
1
41
1
10
52.582336124174731
20
-48.421174134369551
30
0
10
52.370669457508058
20
-48.421174134369551
30
0
10
51.867961124174741
20
-48.579924134369541
30
0
10
51.444627790841395
20
-48.7915908010362
30
0
0
SPLINE
5
1237
100
AcDbEntity
8
0
100
AcDbSpline
70
4
71
3
72
8
73
4
74
0
42
0.000000001
43
0.0000000001
44
0.0000000001
40
0
40
0
40
0
40
0
40
1
40
1
40
1
40
1
41
1
41
1
41
1
41
1
10
51.444627790841395
20
-48.7915908010362
30
0
10
51.047752790841386
20
-49.00325746770288
30
0
10
50.412752790841402
20
-49.294299134369545
30
0
10
50.042336124174724
20
-49.426590801036205
30
0
0
SPLINE
5
1238
100
AcDbEntity
8
0
100
AcDbSpline
70
4
71
3
72
8
73
4
74
0
42
0.000000001
43
0.0000000001
44
0.0000000001
40
0
40
0
40
0
40
0
40
1
40
1
40
1
40
1
41
1
41
1
41
1
41
1
10
50.042336124174724
20
-49.426590801036205
30
0
10
49.671919457508061
20
-49.558882467702873
30
0
10
48.957544457508064
20
-49.876382467702882
30
0
10
48.454836124174719
20
-50.088049134369541
30
0
0
SPLINE
5
1239
100
AcDbEntity
8
0
100
AcDbSpline
70
4
71
3
72
8
73
4
74
0
42
0.000000001
43
0.0000000001
44
0.0000000001
40
0
40
0
40
0
40
0
40
1
40
1
40
1
40
1
41
1
41
1
41
1
41
1
10
48.454836124174719
20
-50.088049134369541
30
0
10
47.952127790841395
20
-50.326174134369538
30
0
10
47.502336124174732
20
-50.458465801036212
30
0
10
47.449419457508057
20
-50.405549134369551
30
0
0
SPLINE
5
1240
100
AcDbEntity
8
0
100
AcDbSpline
70
4
71
3
72
8
73
4
74
0
42
0.000000001
43
0.0000000001
44
0.0000000001
40
0
40
0
40
0
40
0
40
1
40
1
40
1
40
1
41
1
41
1
41
1
41
1
10
47.449419457508057
20
-50.405549134369551
30
0
10
47.18483612417473
20
-50.140965801036216
30
0
10
47.819836124174728
20
-49.744090801036208
30
0
10
49.32796112417472
20
-49.241382467702877
30
0
0
SPLINE
5
1241
100
AcDbEntity
8
0
100
AcDbSpline
70
4
71
3
72
8
73
4
74
0
42
0.000000001
43
0.0000000001
44
0.0000000001
40
0
40
0
40
0
40
0
40
1
40
1
40
1
40
1
41
1
41
1
41
1
41
1
10
49.32796112417472
20
-49.241382467702877
30
0
10
50.227544457508053
20
-48.923882467702875
30
0
10
51.444627790841395
20
-48.394715801036206
30
0
10
52.026711124174724
20
-48.05075746770288
30
0
0
SPLINE
5
1242
100
AcDbEntity
8
0
100
AcDbSpline
70
4
71
3
72
8
73
4
74
0
42
0.000000001
43
0.0000000001
44
0.0000000001
40
0
40
0
40
0
40
0
40
1
40
1
40
1
40
1
41
1
41
1
41
1
41
1
10
52.026711124174724
20
-48.05075746770288
30
0
10
53.190877790841398
20
-47.362840801036214
30
0
10
53.74650279084139
20
-47.230549134369546
30
0
10
53.74650279084139
20
-47.627424134369541
30
0
0
SPLINE
5
1243
100
AcDbEntity
8
0
100
AcDbSpline
70
4
71
3
72
8
73
4
74
0
42
0.000000001
43
0.0000000001
44
0.0000000001
40
0
40
0
40
0
40
0
40
1
40
1
40
1
40
1
41
1
41
1
41
1
41
1
10
53.74650279084139
20
-48.685757467702885
30
0
10
53.74650279084139
20
-49.029715801036211
30
0
10
51.920877790841395
20
-49.955757467702867
30
0
10
49.460252790841395
20
-50.828882467702876
30
0
0
SPLINE
5
1244
100
AcDbEntity
8
0
100
AcDbSpline
70
4
71
3
72
8
73
4
74
0
42
0.000000001
43
0.0000000001
44
0.0000000001
40
0
40
0
40
0
40
0
40
1
40
1
40
1
40
1
41
1
41
1
41
1
41
1
10
49.460252790841395
20
-50.828882467702876
30
0
10
47.79337779084139
20
-51.410965801036205
30
0
10
47.396502790841389
20
-51.463882467702874
30
0
10
47.396502790841389
20
-51.172840801036202
30
0
0
SPLINE
5
1245
100
AcDbEntity
8
0
100
AcDbSpline
70
4
71
3
72
8
73
4
74
0
42
0.000000001
43
0.0000000001
44
0.0000000001
40
0
40
0
40
0
40
0
40
1
40
1
40
1
40
1
41
1
41
1
41
1
41
1
10
47.396502790841389
20
-51.172840801036202
30
0
10
47.396502790841389
20
-50.934715801036212
30
0
10
47.502336124174732
20
-50.828882467702876
30
0
10
47.661086124174723
20
-50.934715801036212
30
0
0
SPLINE
5
1246
100
AcDbEntity
8
0
100
AcDbSpline
70
4
71
3
72
8
73
4
74
0
42
0.000000001
43
0.0000000001
44
0.0000000001
40
0
40
0
40
0
40
0
40
1
40
1
40
1
40
1
41
1
41
1
41
1
41
1
10
47.661086124174723
20
-50.934715801036212
30
0
10
47.79337779084139
20
-51.014090801036211
30
0
10
48.110877790841393
20
-50.961174134369543
30
0
10
48.37546112417472
20
-50.828882467702876
30
0
0
SPLINE
5
1247
100
AcDbEntity
8
0
100
AcDbSpline
70
4
71
3
72
8
73
4
74
0
42
0.000000001
43
0.0000000001
44
0.0000000001
40
0
40
0
40
0
40
0
40
1
40
1
40
1
40
1
41
1
41
1
41
1
41
1
10
48.37546112417472
20
-50.828882467702876
30
0
10
49.407336124174734
20
-50.299715801036207
30
0
10
50.809627790841397
20
-49.744090801036208
30
0
10
51.18004445750806
20
-49.744090801036208
30
0
0
SPLINE
5
1248
100
AcDbEntity
8
0
100
AcDbSpline
70
4
71
3
72
8
73
4
74
0
42
0.000000001
43
0.0000000001
44
0.0000000001
40
0
40
0
40
0
40
0
40
1
40
1
40
1
40
1
41
1
41
1
41
1
41
1
10
51.18004445750806
20
-49.744090801036208
30
0
10
51.391711124174726
20
-49.744090801036208
30
0
10
51.709211124174729
20
-49.558882467702873
30
0
10
51.894419457508064
20
-49.347215801036207
30
0
0
SPLINE
5
1249
100
AcDbEntity
8
0
100
AcDbSpline
70
4
71
3
72
8
73
4
74
0
42
0.000000001
43
0.0000000001
44
0.0000000001
40
0
40
0
40
0
40
0
40
1
40
1
40
1
40
1
41
1
41
1
41
1
41
1
10
51.894419457508064
20
-49.347215801036207
30
0
10
52.079627790841386
20
-49.135549134369541
30
0
10
52.397127790841402
20
-48.950340801036212
30
0
10
52.582336124174731
20
-48.950340801036212
30
0
0
SPLINE
5
1250
100
AcDbEntity
8
0
100
AcDbSpline
70
4
71
3
72
8
73
4
74
0
42
0.000000001
43
0.0000000001
44
0.0000000001
40
0
40
0
40
0
40
0
40
1
40
1
40
1
40
1
41
1
41
1
41
1
41
1
10
52.582336124174731
20
-48.950340801036212
30
0
10
52.794002790841397
20
-48.950340801036212
30
0
10
52.952752790841387
20
-48.818049134369545
30
0
10
52.952752790841387
20
-48.685757467702885
30
0
0
SPLINE
5
1251
100
AcDbEntity
8
0
100
AcDbSpline
70
4
71
3
72
8
73
4
74
0
42
0.000000001
43
0.0000000001
44
0.0000000001
40
0
40
0
40
0
40
0
40
1
40
1
40
1
40
1
41
1
41
1
41
1
41
1
10
52.952752790841387
20
-48.685757467702885
30
0
10
52.952752790841387
20
-48.527007467702873
30
0
10
53.137961124174716
20
-48.421174134369551
30
0
10
53.349627790841396
20
-48.421174134369551
30
0
0
SPLINE
5
1252
100
AcDbEntity
8
0
100
AcDbSpline
70
4
71
3
72
8
73
4
74
0
42
0.000000001
43
0.0000000001
44
0.0000000001
40
0
40
0
40
0
40
0
40
1
40
1
40
1
40
1
41
1
41
1
41
1
41
1
10
53.349627790841396
20
-48.421174134369551
30
0
10
53.561294457508062
20
-48.421174134369551
30
0
10
53.74650279084139
20
-48.527007467702873
30
0
10
53.74650279084139
20
-48.685757467702885
30
0
0
SPLINE
5
1253
100
AcDbEntity
8
0
100
AcDbSpline
70
4
71
3
72
8
73
4
74
0
42
0.000000001
43
0.0000000001
44
0.0000000001
40
0
40
0
40
0
40
0
40
1
40
1
40
1
40
1
41
1
41
1
41
1
41
1
10
22.525669457508055
20
-49.320757467702876
30
0
10
24.695252790841387
20
-49.823465801036207
30
0
10
26.759002790841386
20
-49.849924134369545
30
0
10
28.611086124174719
20
-49.373674134369537
30
0
0
SPLINE
5
1254
100
AcDbEntity
8
0
100
AcDbSpline
70
4
71
3
72
8
73
4
74
0
42
0.000000001
43
0.0000000001
44
0.0000000001
40
0
40
0
40
0
40
0
40
1
40
1
40
1
40
1
41
1
41
1
41
1
41
1
10
28.611086124174719
20
-49.373674134369537
30
0
10
30.14566945750806
20
-48.976799134369543
30
0
10
30.463169457508059
20
-49.00325746770288
30
0
10
30.463169457508059
20
-49.638257467702871
30
0
0
SPLINE
5
1255
100
AcDbEntity
8
0
100
AcDbSpline
70
4
71
3
72
8
73
4
74
0
42
0.000000001
43
0.0000000001
44
0.0000000001
40
0
40
0
40
0
40
0
40
1
40
1
40
1
40
1
41
1
41
1
41
1
41
1
10
30.463169457508059
20
-49.638257467702871
30
0
10
30.463169457508059
20
-49.929299134369536
30
0
10
30.304419457508054
20
-49.982215801036205
30
0
10
29.960461124174724
20
-49.876382467702882
30
0
0
SPLINE
5
1256
100
AcDbEntity
8
0
100
AcDbSpline
70
4
71
3
72
8
73
4
74
0
42
0.000000001
43
0.0000000001
44
0.0000000001
40
0
40
0
40
0
40
0
40
1
40
1
40
1
40
1
41
1
41
1
41
1
41
1
10
29.960461124174724
20
-49.876382467702882
30
0
10
29.669419457508049
20
-49.797007467702876
30
0
10
29.378377790841384
20
-49.849924134369545
30
0
10
29.272544457508054
20
-50.008674134369542
30
0
0
SPLINE
5
1257
100
AcDbEntity
8
0
100
AcDbSpline
70
4
71
3
72
8
73
4
74
0
42
0.000000001
43
0.0000000001
44
0.0000000001
40
0
40
0
40
0
40
0
40
1
40
1
40
1
40
1
41
1
41
1
41
1
41
1
10
29.272544457508054
20
-50.008674134369542
30
0
10
29.166711124174725
20
-50.167424134369547
30
0
10
28.875669457508053
20
-50.220340801036201
30
0
10
28.584627790841388
20
-50.140965801036216
30
0
0
SPLINE
5
1258
100
AcDbEntity
8
0
100
AcDbSpline
70
4
71
3
72
8
73
4
74
0
42
0.000000001
43
0.0000000001
44
0.0000000001
40
0
40
0
40
0
40
0
40
1
40
1
40
1
40
1
41
1
41
1
41
1
41
1
10
28.584627790841388
20
-50.140965801036216
30
0
10
28.320044457508054
20
-50.03513246770288
30
0
10
27.949627790841383
20
-50.061590801036211
30
0
10
27.790877790841392
20
-50.167424134369547
30
0
0
SPLINE
5
1259
100
AcDbEntity
8
0
100
AcDbSpline
70
4
71
3
72
8
73
4
74
0
42
0.000000001
43
0.0000000001
44
0.0000000001
40
0
40
0
40
0
40
0
40
1
40
1
40
1
40
1
41
1
41
1
41
1
41
1
10
27.790877790841392
20
-50.167424134369547
30
0
10
27.420461124174722
20
-50.379090801036206
30
0
10
25.674211124174722
20
-50.484924134369543
30
0
10
25.330252790841392
20
-50.326174134369538
30
0
0
SPLINE
5
1260
100
AcDbEntity
8
0
100
AcDbSpline
70
4
71
3
72
8
73
4
74
0
42
0.000000001
43
0.0000000001
44
0.0000000001
40
0
40
0
40
0
40
0
40
1
40
1
40
1
40
1
41
1
41
1
41
1
41
1
10
25.330252790841392
20
-50.326174134369538
30
0
10
25.197961124174732
20
-50.246799134369539
30
0
10
24.510044457508052
20
-50.167424134369547
30
0
10
23.822127790841385
20
-50.167424134369547
30
0
0
SPLINE
5
1261
100
AcDbEntity
8
0
100
AcDbSpline
70
4
71
3
72
8
73
4
74
0
42
0.000000001
43
0.0000000001
44
0.0000000001
40
0
40
0
40
0
40
0
40
1
40
1
40
1
40
1
41
1
41
1
41
1
41
1
10
23.822127790841385
20
-50.167424134369547
30
0
10
23.134211124174726
20
-50.140965801036216
30
0
10
22.47275279084139
20
-50.03513246770288
30
0
10
22.366919457508054
20
-49.929299134369536
30
0
0
SPLINE
5
1262
100
AcDbEntity
8
0
100
AcDbSpline
70
4
71
3
72
8
73
4
74
0
42
0.000000001
43
0.0000000001
44
0.0000000001
40
0
40
0
40
0
40
0
40
1
40
1
40
1
40
1
41
1
41
1
41
1
41
1
10
22.366919457508054
20
-49.929299134369536
30
0
10
22.261086124174724
20
-49.823465801036207
30
0
10
21.890669457508061
20
-49.744090801036208
30
0
10
21.573169457508055
20
-49.744090801036208
30
0
0
SPLINE
5
1263
100
AcDbEntity
8
0
100
AcDbSpline
70
4
71
3
72
8
73
4
74
0
42
0.000000001
43
0.0000000001
44
0.0000000001
40
0
40
0
40
0
40
0
40
1
40
1
40
1
40
1
41
1
41
1
41
1
41
1
10
21.573169457508055
20
-49.744090801036208
30
0
10
21.229211124174725
20
-49.744090801036208
30
0
10
20.885252790841385
20
-49.611799134369541
30
0
10
20.805877790841389
20
-49.479507467702881
30
0
0
SPLINE
5
1264
100
AcDbEntity
8
0
100
AcDbSpline
70
4
71
3
72
8
73
4
74
0
42
0.000000001
43
0.0000000001
44
0.0000000001
40
0
40
0
40
0
40
0
40
1
40
1
40
1
40
1
41
1
41
1
41
1
41
1
10
20.805877790841389
20
-49.479507467702881
30
0
10
20.70004445750806
20
-49.320757467702876
30
0
10
20.48837779084139
20
-49.214924134369546
30
0
10
20.329627790841389
20
-49.241382467702877
30
0
0
SPLINE
5
1265
100
AcDbEntity
8
0
100
AcDbSpline
70
4
71
3
72
8
73
4
74
0
42
0.000000001
43
0.0000000001
44
0.0000000001
40
0
40
0
40
0
40
0
40
1
40
1
40
1
40
1
41
1
41
1
41
1
41
1
10
20.329627790841389
20
-49.241382467702877
30
0
10
19.694627790841388
20
-49.320757467702876
30
0
10
19.350669457508051
20
-49.214924134369546
30
0
10
19.350669457508051
20
-48.923882467702875
30
0
0
SPLINE
5
1266
100
AcDbEntity
8
0
100
AcDbSpline
70
4
71
3
72
8
73
4
74
0
42
0.000000001
43
0.0000000001
44
0.0000000001
40
0
40
0
40
0
40
0
40
1
40
1
40
1
40
1
41
1
41
1
41
1
41
1
10
19.350669457508051
20
-48.923882467702875
30
0
10
19.350669457508051
20
-48.606382467702872
30
0
10
19.668169457508053
20
-48.65929913436954
30
0
10
22.525669457508055
20
-49.320757467702876
30
0
0
SPLINE
5
1267
100
AcDbEntity
8
0
100
AcDbSpline
70
4
71
3
72
8
73
4
74
0
42
0.000000001
43
0.0000000001
44
0.0000000001
40
0
40
0
40
0
40
0
40
1
40
1
40
1
40
1
41
1
41
1
41
1
41
1
10
54.275669457508059
20
-50.590757467702872
30
0
10
54.434419457508064
20
-51.358049134369551
30
0
10
54.64608612417473
20
-53.157215801036202
30
0
10
54.725461124174721
20
-54.559507467702879
30
0
0
SPLINE
5
1268
100
AcDbEntity
8
0
100
AcDbSpline
70
4
71
3
72
8
73
4
74
0
42
0.000000001
43
0.0000000001
44
0.0000000001
40
0
40
0
40
0
40
0
40
1
40
1
40
1
40
1
41
1
41
1
41
1
41
1
10
54.725461124174721
20
-54.559507467702879
30
0
10
54.857752790841388
20
-56.755549134369545
30
0
10
54.804836124174727
20
-57.390549134369536
30
0
10
54.275669457508059
20
-58.978049134369542
30
0
0
SPLINE
5
1269
100
AcDbEntity
8
0
100
AcDbSpline
70
4
71
3
72
8
73
4
74
0
42
0.000000001
43
0.0000000001
44
0.0000000001
40
0
40
0
40
0
40
0
40
1
40
1
40
1
40
1
41
1
41
1
41
1
41
1
10
54.275669457508059
20
-58.978049134369542
30
0
10
53.640669457508068
20
-60.962424134369542
30
0
10
53.376086124174726
20
-61.253465801036214
30
0
10
53.111502790841392
20
-60.221590801036207
30
0
0
SPLINE
5
1270
100
AcDbEntity
8
0
100
AcDbSpline
70
4
71
3
72
8
73
4
74
0
42
0.000000001
43
0.0000000001
44
0.0000000001
40
0
40
0
40
0
40
0
40
1
40
1
40
1
40
1
41
1
41
1
41
1
41
1
10
53.111502790841392
20
-60.221590801036207
30
0
10
53.005669457508056
20
-59.798257467702882
30
0
10
52.608794457508054
20
-59.454299134369542
30
0
10
51.894419457508064
20
-59.163257467702877
30
0
0
SPLINE
5
1271
100
AcDbEntity
8
0
100
AcDbSpline
70
4
71
3
72
8
73
4
74
0
42
0.000000001
43
0.0000000001
44
0.0000000001
40
0
40
0
40
0
40
0
40
1
40
1
40
1
40
1
41
1
41
1
41
1
41
1
10
51.894419457508064
20
-59.163257467702877
30
0
10
50.571502790841393
20
-58.634090801036216
30
0
10
49.883586124174727
20
-58.634090801036216
30
0
10
48.454836124174719
20
-59.136799134369546
30
0
0
SPLINE
5
1272
100
AcDbEntity
8
0
100
AcDbSpline
70
4
71
3
72
8
73
4
74
0
42
0.000000001
43
0.0000000001
44
0.0000000001
40
0
40
0
40
0
40
0
40
1
40
1
40
1
40
1
41
1
41
1
41
1
41
1
10
48.454836124174719
20
-59.136799134369546
30
0
10
47.819836124174728
20
-59.348465801036205
30
0
10
47.264211124174722
20
-59.480757467702873
30
0
10
47.21129445750806
20
-59.427840801036211
30
0
0
SPLINE
5
1273
100
AcDbEntity
8
0
100
AcDbSpline
70
4
71
3
72
8
73
4
74
0
42
0.000000001
43
0.0000000001
44
0.0000000001
40
0
40
0
40
0
40
0
40
1
40
1
40
1
40
1
41
1
41
1
41
1
41
1
10
47.21129445750806
20
-59.427840801036211
30
0
10
47.026086124174725
20
-59.242632467702876
30
0
10
47.052544457508063
20
-56.252840801036214
30
0
10
47.237752790841398
20
-55.353257467702875
30
0
0
SPLINE
5
1274
100
AcDbEntity
8
0
100
AcDbSpline
70
4
71
3
72
8
73
4
74
0
42
0.000000001
43
0.0000000001
44
0.0000000001
40
0
40
0
40
0
40
0
40
1
40
1
40
1
40
1
41
1
41
1
41
1
41
1
10
47.237752790841398
20
-55.353257467702875
30
0
10
47.449419457508057
20
-54.453674134369543
30
0
10
48.057961124174724
20
-53.977424134369549
30
0
10
49.036919457508048
20
-53.977424134369549
30
0
0
SPLINE
5
1275
100
AcDbEntity
8
0
100
AcDbSpline
70
4
71
3
72
8
73
4
74
0
42
0.000000001
43
0.0000000001
44
0.0000000001
40
0
40
0
40
0
40
0
40
1
40
1
40
1
40
1
41
1
41
1
41
1
41
1
10
49.036919457508048
20
-53.977424134369549
30
0
10
49.380877790841389
20
-53.977424134369549
30
0
10
49.830669457508058
20
-53.845132467702882
30
0
10
50.042336124174724
20
-53.712840801036208
30
0
0
SPLINE
5
1276
100
AcDbEntity
8
0
100
AcDbSpline
70
4
71
3
72
8
73
4
74
0
42
0.000000001
43
0.0000000001
44
0.0000000001
40
0
40
0
40
0
40
0
40
1
40
1
40
1
40
1
41
1
41
1
41
1
41
1
10
50.042336124174724
20
-53.712840801036208
30
0
10
50.333377790841396
20
-53.527632467702873
30
0
10
50.015877790841401
20
-53.448257467702874
30
0
10
48.984002790841394
20
-53.501174134369542
30
0
0
LINE
5
1277
100
AcDbEntity
8
0
100
AcDbLine
10
48.984002790841387
20
-53.501174134369549
30
0
11
47.528794457508063
21
-53.580549134369548
31
0
0
LINE
5
1278
100
AcDbEntity
8
0
100
AcDbLine
10
47.528794457508063
20
-53.580549134369548
30
0
11
47.528794457508063
21
-52.654507467702878
31
0
0
SPLINE
5
1279
100
AcDbEntity
8
0
100
AcDbSpline
70
4
71
3
72
8
73
4
74
0
42
0.000000001
43
0.0000000001
44
0.0000000001
40
0
40
0
40
0
40
0
40
1
40
1
40
1
40
1
41
1
41
1
41
1
41
1
10
47.528794457508063
20
-52.654507467702878
30
0
10
47.528794457508063
20
-51.807840801036207
30
0
10
47.608169457508055
20
-51.728465801036208
30
0
10
48.454836124174719
20
-51.56971580103621
30
0
0
SPLINE
5
1280
100
AcDbEntity
8
0
100
AcDbSpline
70
4
71
3
72
8
73
4
74
0
42
0.000000001
43
0.0000000001
44
0.0000000001
40
0
40
0
40
0
40
0
40
1
40
1
40
1
40
1
41
1
41
1
41
1
41
1
10
48.454836124174719
20
-51.56971580103621
30
0
10
49.671919457508061
20
-51.358049134369551
30
0
10
53.481919457508056
20
-49.770549134369546
30
0
10
53.481919457508056
20
-49.453049134369536
30
0
0
SPLINE
5
1281
100
AcDbEntity
8
0
100
AcDbSpline
70
4
71
3
72
8
73
4
74
0
42
0.000000001
43
0.0000000001
44
0.0000000001
40
0
40
0
40
0
40
0
40
1
40
1
40
1
40
1
41
1
41
1
41
1
41
1
10
53.481919457508056
20
-49.453049134369536
30
0
10
53.481919457508056
20
-49.320757467702876
30
0
10
53.587752790841407
20
-49.214924134369546
30
0
10
53.720044457508067
20
-49.214924134369546
30
0
0
SPLINE
5
1282
100
AcDbEntity
8
0
100
AcDbSpline
70
4
71
3
72
8
73
4
74
0
42
0.000000001
43
0.0000000001
44
0.0000000001
40
0
40
0
40
0
40
0
40
1
40
1
40
1
40
1
41
1
41
1
41
1
41
1
10
53.720044457508067
20
-49.214924134369546
30
0
10
53.852336124174734
20
-49.214924134369546
30
0
10
54.116919457508068
20
-49.849924134369545
30
0
10
54.275669457508059
20
-50.590757467702872
30
0
0
SPLINE
5
1283
100
AcDbEntity
8
0
100
AcDbSpline
70
4
71
3
72
8
73
4
74
0
42
0.000000001
43
0.0000000001
44
0.0000000001
40
0
40
0
40
0
40
0
40
1
40
1
40
1
40
1
41
1
41
1
41
1
41
1
10
22.499211124174721
20
-51.860757467702882
30
0
10
23.875044457508061
20
-52.178257467702878
30
0
10
26.362127790841392
20
-52.125340801036216
30
0
10
28.716919457508059
20
-51.70200746770287
30
0
0
SPLINE
5
1284
100
AcDbEntity
8
0
100
AcDbSpline
70
4
71
3
72
8
73
4
74
0
42
0.000000001
43
0.0000000001
44
0.0000000001
40
0
40
0
40
0
40
0
40
1
40
1
40
1
40
1
41
1
41
1
41
1
41
1
10
28.716919457508059
20
-51.70200746770287
30
0
10
29.695877790841394
20
-51.516799134369542
30
0
10
29.722336124174724
20
-51.543257467702873
30
0
10
29.431294457508059
20
-52.072424134369541
30
0
0
SPLINE
5
1285
100
AcDbEntity
8
0
100
AcDbSpline
70
4
71
3
72
8
73
4
74
0
42
0.000000001
43
0.0000000001
44
0.0000000001
40
0
40
0
40
0
40
0
40
1
40
1
40
1
40
1
41
1
41
1
41
1
41
1
10
29.431294457508059
20
-52.072424134369541
30
0
10
29.272544457508054
20
-52.363465801036206
30
0
10
29.140252790841387
20
-52.972007467702873
30
0
10
29.140252790841387
20
-53.395340801036212
30
0
0
SPLINE
5
1286
100
AcDbEntity
8
0
100
AcDbSpline
70
4
71
3
72
8
73
4
74
0
42
0.000000001
43
0.0000000001
44
0.0000000001
40
0
40
0
40
0
40
0
40
1
40
1
40
1
40
1
41
1
41
1
41
1
41
1
10
29.140252790841387
20
-53.395340801036212
30
0
10
29.140252790841387
20
-53.818674134369537
30
0
10
28.98150279084139
20
-54.321382467702868
30
0
10
28.769836124174724
20
-54.480132467702873
30
0
0
SPLINE
5
1287
100
AcDbEntity
8
0
100
AcDbSpline
70
4
71
3
72
8
73
4
74
0
42
0.000000001
43
0.0000000001
44
0.0000000001
40
0
40
0
40
0
40
0
40
1
40
1
40
1
40
1
41
1
41
1
41
1
41
1
10
28.769836124174724
20
-54.480132467702873
30
0
10
28.240669457508059
20
-54.929924134369543
30
0
10
26.203377790841387
20
-55.220965801036208
30
0
10
25.171502790841387
20
-55.009299134369542
30
0
0
SPLINE
5
1288
100
AcDbEntity
8
0
100
AcDbSpline
70
4
71
3
72
8
73
4
74
0
42
0.000000001
43
0.0000000001
44
0.0000000001
40
0
40
0
40
0
40
0
40
1
40
1
40
1
40
1
41
1
41
1
41
1
41
1
10
25.171502790841387
20
-55.009299134369542
30
0
10
24.139627790841391
20
-54.797632467702883
30
0
10
23.795669457508055
20
-54.929924134369543
30
0
10
24.377752790841392
20
-55.326799134369544
30
0
0
SPLINE
5
1289
100
AcDbEntity
8
0
100
AcDbSpline
70
4
71
3
72
8
73
4
74
0
42
0.000000001
43
0.0000000001
44
0.0000000001
40
0
40
0
40
0
40
0
40
1
40
1
40
1
40
1
41
1
41
1
41
1
41
1
10
24.377752790841392
20
-55.326799134369544
30
0
10
24.615877790841392
20
-55.485549134369535
30
0
10
25.806502790841392
20
-55.538465801036203
30
0
10
27.420461124174722
20
-55.432632467702881
30
0
0
SPLINE
5
1290
100
AcDbEntity
8
0
100
AcDbSpline
70
4
71
3
72
8
73
4
74
0
42
0.000000001
43
0.0000000001
44
0.0000000001
40
0
40
0
40
0
40
0
40
1
40
1
40
1
40
1
41
1
41
1
41
1
41
1
10
27.420461124174722
20
-55.432632467702881
30
0
10
30.436711124174725
20
-55.273882467702869
30
0
10
30.172127790841394
20
-55.168049134369539
30
0
10
34.273169457508061
20
-58.290132467702875
30
0
0
SPLINE
5
1291
100
AcDbEntity
8
0
100
AcDbSpline
70
4
71
3
72
8
73
4
74
0
42
0.000000001
43
0.0000000001
44
0.0000000001
40
0
40
0
40
0
40
0
40
1
40
1
40
1
40
1
41
1
41
1
41
1
41
1
10
34.273169457508061
20
-58.290132467702875
30
0
10
35.384419457508059
20
-59.136799134369546
30
0
10
37.104211124174725
20
-60.300965801036213
30
0
10
38.083169457508063
20
-60.883049134369557
30
0
0
SPLINE
5
1292
100
AcDbEntity
8
0
100
AcDbSpline
70
4
71
3
72
8
73
4
74
0
42
0.000000001
43
0.0000000001
44
0.0000000001
40
0
40
0
40
0
40
0
40
1
40
1
40
1
40
1
41
1
41
1
41
1
41
1
10
38.083169457508063
20
-60.883049134369557
30
0
10
39.98816945750805
20
-62.047215801036216
30
0
10
41.046502790841394
20
-62.920340801036197
30
0
10
41.046502790841394
20
-63.317215801036198
30
0
0
SPLINE
5
1293
100
AcDbEntity
8
0
100
AcDbSpline
70
4
71
3
72
8
73
4
74
0
42
0.000000001
43
0.0000000001
44
0.0000000001
40
0
40
0
40
0
40
0
40
1
40
1
40
1
40
1
41
1
41
1
41
1
41
1
10
41.046502790841394
20
-63.317215801036198
30
0
10
41.046502790841394
20
-63.608257467702877
30
0
10
40.78191945750806
20
-63.528882467702886
30
0
10
38.268377790841384
20
-62.602840801036223
30
0
0
SPLINE
5
1294
100
AcDbEntity
8
0
100
AcDbSpline
70
4
71
3
72
8
73
4
74
0
42
0.000000001
43
0.0000000001
44
0.0000000001
40
0
40
0
40
0
40
0
40
1
40
1
40
1
40
1
41
1
41
1
41
1
41
1
10
38.268377790841384
20
-62.602840801036223
30
0
10
35.278586124174723
20
-61.49159080103621
30
0
10
33.082544457508057
20
-61.7297158010362
30
0
10
29.56358612417473
20
-63.555340801036209
30
0
0
LINE
5
1295
100
AcDbEntity
8
0
100
AcDbLine
10
29.56358612417473
20
-63.555340801036209
30
0
11
28.558169457508061
21
-64.110965801036201
31
0
0
LINE
5
1296
100
AcDbEntity
8
0
100
AcDbLine
10
28.558169457508061
20
-64.110965801036201
30
0
11
26.124002790841388
21
-62.86742413436955
31
0
0
SPLINE
5
1297
100
AcDbEntity
8
0
100
AcDbSpline
70
4
71
3
72
8
73
4
74
0
42
0.000000001
43
0.0000000001
44
0.0000000001
40
0
40
0
40
0
40
0
40
1
40
1
40
1
40
1
41
1
41
1
41
1
41
1
10
26.124002790841388
20
-62.86742413436955
30
0
10
23.610461124174726
20
-61.597424134369533
30
0
10
22.12879445750805
20
-60.406799134369543
30
0
10
21.467336124174714
20
-59.110340801036202
30
0
0
SPLINE
5
1298
100
AcDbEntity
8
0
100
AcDbSpline
70
4
71
3
72
8
73
4
74
0
42
0.000000001
43
0.0000000001
44
0.0000000001
40
0
40
0
40
0
40
0
40
1
40
1
40
1
40
1
41
1
41
1
41
1
41
1
10
21.467336124174714
20
-59.110340801036202
30
0
10
21.255669457508056
20
-58.687007467702877
30
0
10
20.991086124174725
20
-58.290132467702875
30
0
10
20.911711124174719
20
-58.210757467702877
30
0
0
SPLINE
5
1299
100
AcDbEntity
8
0
100
AcDbSpline
70
4
71
3
72
8
73
4
74
0
42
0.000000001
43
0.0000000001
44
0.0000000001
40
0
40
0
40
0
40
0
40
1
40
1
40
1
40
1
41
1
41
1
41
1
41
1
10
20.911711124174719
20
-58.210757467702877
30
0
10
20.673586124174719
20
-58.025549134369541
30
0
10
19.879836124174723
20
-52.998465801036204
30
0
10
19.879836124174723
20
-51.754924134369546
30
0
0
SPLINE
5
1300
100
AcDbEntity
8
0
100
AcDbSpline
70
4
71
3
72
8
73
4
74
0
42
0.000000001
43
0.0000000001
44
0.0000000001
40
0
40
0
40
0
40
0
40
1
40
1
40
1
40
1
41
1
41
1
41
1
41
1
10
19.879836124174723
20
-51.754924134369546
30
0
10
19.879836124174723
20
-50.828882467702876
30
0
10
19.906294457508054
20
-50.802424134369545
30
0
10
20.48837779084139
20
-51.172840801036202
30
0
0
SPLINE
5
1301
100
AcDbEntity
8
0
100
AcDbSpline
70
4
71
3
72
8
73
4
74
0
42
0.000000001
43
0.0000000001
44
0.0000000001
40
0
40
0
40
0
40
0
40
1
40
1
40
1
40
1
41
1
41
1
41
1
41
1
10
20.48837779084139
20
-51.172840801036202
30
0
10
20.805877790841389
20
-51.358049134369551
30
0
10
21.705461124174725
20
-51.675549134369547
30
0
10
22.499211124174721
20
-51.860757467702882
30
0
0
SPLINE
5
1302
100
AcDbEntity
8
0
100
AcDbSpline
70
4
71
3
72
8
73
4
74
0
42
0.000000001
43
0.0000000001
44
0.0000000001
40
0
40
0
40
0
40
0
40
1
40
1
40
1
40
1
41
1
41
1
41
1
41
1
10
46.787961124174728
20
-52.151799134369547
30
0
10
46.708586124174722
20
-52.442840801036212
30
0
10
46.761502790841398
20
-53.024924134369542
30
0
10
46.893794457508065
20
-53.448257467702874
30
0
0
SPLINE
5
1303
100
AcDbEntity
8
0
100
AcDbSpline
70
4
71
3
72
8
73
4
74
0
42
0.000000001
43
0.0000000001
44
0.0000000001
40
0
40
0
40
0
40
0
40
1
40
1
40
1
40
1
41
1
41
1
41
1
41
1
10
46.893794457508065
20
-53.448257467702874
30
0
10
47.105461124174724
20
-54.003882467702873
30
0
10
47.079002790841393
20
-54.400757467702874
30
0
10
46.761502790841398
20
-54.956382467702873
30
0
0
SPLINE
5
1304
100
AcDbEntity
8
0
100
AcDbSpline
70
4
71
3
72
8
73
4
74
0
42
0.000000001
43
0.0000000001
44
0.0000000001
40
0
40
0
40
0
40
0
40
1
40
1
40
1
40
1
41
1
41
1
41
1
41
1
10
46.761502790841398
20
-54.956382467702873
30
0
10
46.549836124174732
20
-55.406174134369543
30
0
10
46.417544457508058
20
-56.252840801036214
30
0
10
46.444002790841388
20
-57.073049134369541
30
0
0
SPLINE
5
1305
100
AcDbEntity
8
0
100
AcDbSpline
70
4
71
3
72
8
73
4
74
0
42
0.000000001
43
0.0000000001
44
0.0000000001
40
0
40
0
40
0
40
0
40
1
40
1
40
1
40
1
41
1
41
1
41
1
41
1
10
46.444002790841388
20
-57.073049134369541
30
0
10
46.523377790841394
20
-58.395965801036212
30
0
10
46.496919457508064
20
-58.422424134369535
30
0
10
45.888377790841389
20
-58.131382467702871
30
0
0
SPLINE
5
1306
100
AcDbEntity
8
0
100
AcDbSpline
70
4
71
3
72
8
73
4
74
0
42
0.000000001
43
0.0000000001
44
0.0000000001
40
0
40
0
40
0
40
0
40
1
40
1
40
1
40
1
41
1
41
1
41
1
41
1
10
45.888377790841389
20
-58.131382467702871
30
0
10
45.570877790841394
20
-57.999090801036211
30
0
10
45.279836124174722
20
-57.734507467702876
30
0
10
45.253377790841391
20
-57.575757467702871
30
0
0
SPLINE
5
1307
100
AcDbEntity
8
0
100
AcDbSpline
70
4
71
3
72
8
73
4
74
0
42
0.000000001
43
0.0000000001
44
0.0000000001
40
0
40
0
40
0
40
0
40
1
40
1
40
1
40
1
41
1
41
1
41
1
41
1
10
45.253377790841391
20
-57.575757467702871
30
0
10
45.253377790841391
20
-57.417007467702881
30
0
10
45.200461124174723
20
-57.073049134369541
30
0
10
45.147544457508062
20
-56.834924134369544
30
0
0
SPLINE
5
1308
100
AcDbEntity
8
0
100
AcDbSpline
70
4
71
3
72
8
73
4
74
0
42
0.000000001
43
0.0000000001
44
0.0000000001
40
0
40
0
40
0
40
0
40
1
40
1
40
1
40
1
41
1
41
1
41
1
41
1
10
45.147544457508062
20
-56.834924134369544
30
0
10
45.094627790841393
20
-56.57034080103621
30
0
10
45.22691945750806
20
-55.803049134369537
30
0
10
45.465044457508057
20
-55.115132467702878
30
0
0
SPLINE
5
1309
100
AcDbEntity
8
0
100
AcDbSpline
70
4
71
3
72
8
73
4
74
0
42
0.000000001
43
0.0000000001
44
0.0000000001
40
0
40
0
40
0
40
0
40
1
40
1
40
1
40
1
41
1
41
1
41
1
41
1
10
45.465044457508057
20
-55.115132467702878
30
0
10
45.676711124174723
20
-54.400757467702874
30
0
10
45.914836124174727
20
-53.554090801036203
30
0
10
45.967752790841402
20
-53.183674134369539
30
0
0
SPLINE
5
1310
100
AcDbEntity
8
0
100
AcDbSpline
70
4
71
3
72
8
73
4
74
0
42
0.000000001
43
0.0000000001
44
0.0000000001
40
0
40
0
40
0
40
0
40
1
40
1
40
1
40
1
41
1
41
1
41
1
41
1
10
45.967752790841402
20
-53.183674134369539
30
0
10
46.047127790841394
20
-52.813257467702883
30
0
10
46.205877790841392
20
-52.469299134369543
30
0
10
46.364627790841396
20
-52.442840801036212
30
0
0
SPLINE
5
1311
100
AcDbEntity
8
0
100
AcDbSpline
70
4
71
3
72
8
73
4
74
0
42
0.000000001
43
0.0000000001
44
0.0000000001
40
0
40
0
40
0
40
0
40
1
40
1
40
1
40
1
41
1
41
1
41
1
41
1
10
46.364627790841396
20
-52.442840801036212
30
0
10
46.496919457508064
20
-52.389924134369544
30
0
10
46.602752790841393
20
-52.178257467702878
30
0
10
46.602752790841393
20
-51.966590801036212
30
0
0
SPLINE
5
1312
100
AcDbEntity
8
0
100
AcDbSpline
70
4
71
3
72
8
73
4
74
0
42
0.000000001
43
0.0000000001
44
0.0000000001
40
0
40
0
40
0
40
0
40
1
40
1
40
1
40
1
41
1
41
1
41
1
41
1
10
46.602752790841393
20
-51.966590801036212
30
0
10
46.602752790841393
20
-51.754924134369546
30
0
10
46.682127790841392
20
-51.596174134369548
30
0
10
46.761502790841398
20
-51.596174134369548
30
0
0
SPLINE
5
1313
100
AcDbEntity
8
0
100
AcDbSpline
70
4
71
3
72
8
73
4
74
0
42
0.000000001
43
0.0000000001
44
0.0000000001
40
0
40
0
40
0
40
0
40
1
40
1
40
1
40
1
41
1
41
1
41
1
41
1
10
46.761502790841398
20
-51.596174134369548
30
0
10
46.867336124174727
20
-51.596174134369548
30
0
10
46.867336124174727
20
-51.834299134369537
30
0
10
46.787961124174728
20
-52.151799134369547
30
0
0
SPLINE
5
1314
100
AcDbEntity
8
0
100
AcDbSpline
70
4
71
3
72
8
73
4
74
0
42
0.000000001
43
0.0000000001
44
0.0000000001
40
0
40
0
40
0
40
0
40
1
40
1
40
1
40
1
41
1
41
1
41
1
41
1
10
68.034002790841384
20
-57.52284080103621
30
0
10
70.944419457508047
20
-59.03096580103621
30
0
10
71.711711124174741
20
-61.676799134369553
30
0
10
70.177127790841411
20
-64.931174134369542
30
0
0
SPLINE
5
1315
100
AcDbEntity
8
0
100
AcDbSpline
70
4
71
3
72
8
73
4
74
0
42
0.000000001
43
0.0000000001
44
0.0000000001
40
0
40
0
40
0
40
0
40
1
40
1
40
1
40
1
41
1
41
1
41
1
41
1
10
70.177127790841411
20
-64.931174134369542
30
0
10
69.568586124174743
20
-66.174715801036228
30
0
10
68.986502790841399
20
-66.889090801036204
30
0
10
67.584211124174729
20
-68.026799134369554
30
0
0
SPLINE
5
1316
100
AcDbEntity
8
0
100
AcDbSpline
70
4
71
3
72
8
73
4
74
0
42
0.000000001
43
0.0000000001
44
0.0000000001
40
0
40
0
40
0
40
0
40
1
40
1
40
1
40
1
41
1
41
1
41
1
41
1
10
67.584211124174729
20
-68.026799134369554
30
0
10
64.435669457508055
20
-70.619715801036207
30
0
10
62.345461124174726
20
-71.783882467702881
30
0
10
55.863169457508057
20
-74.482632467702885
30
0
0
SPLINE
5
1317
100
AcDbEntity
8
0
100
AcDbSpline
70
4
71
3
72
8
73
4
74
0
42
0.000000001
43
0.0000000001
44
0.0000000001
40
0
40
0
40
0
40
0
40
1
40
1
40
1
40
1
41
1
41
1
41
1
41
1
10
55.863169457508057
20
-74.482632467702885
30
0
10
54.19629445750806
20
-75.170549134369566
30
0
10
52.317752790841396
20
-75.964299134369554
30
0
10
51.735669457508067
20
-76.228882467702888
30
0
0
SPLINE
5
1318
100
AcDbEntity
8
0
100
AcDbSpline
70
4
71
3
72
8
73
4
74
0
42
0.000000001
43
0.0000000001
44
0.0000000001
40
0
40
0
40
0
40
0
40
1
40
1
40
1
40
1
41
1
41
1
41
1
41
1
10
51.735669457508067
20
-76.228882467702888
30
0
10
51.127127790841399
20
-76.493465801036223
30
0
10
50.333377790841396
20
-76.78450746770288
30
0
10
49.962961124174718
20
-76.863882467702894
30
0
0
SPLINE
5
1319
100
AcDbEntity
8
0
100
AcDbSpline
70
4
71
3
72
8
73
4
74
0
42
0.000000001
43
0.0000000001
44
0.0000000001
40
0
40
0
40
0
40
0
40
1
40
1
40
1
40
1
41
1
41
1
41
1
41
1
10
49.962961124174718
20
-76.863882467702894
30
0
10
49.32796112417472
20
-77.022632467702877
30
0
10
49.30150279084139
20
-76.996174134369554
30
0
10
49.30150279084139
20
-75.699715801036234
30
0
0
SPLINE
5
1320
100
AcDbEntity
8
0
100
AcDbSpline
70
4
71
3
72
8
73
4
74
0
42
0.000000001
43
0.0000000001
44
0.0000000001
40
0
40
0
40
0
40
0
40
1
40
1
40
1
40
1
41
1
41
1
41
1
41
1
10
49.30150279084139
20
-75.699715801036234
30
0
10
49.30150279084139
20
-74.958882467702892
30
0
10
49.380877790841389
20
-74.350340801036211
30
0
10
49.486711124174732
20
-74.350340801036211
30
0
0
SPLINE
5
1321
100
AcDbEntity
8
0
100
AcDbSpline
70
4
71
3
72
8
73
4
74
0
42
0.000000001
43
0.0000000001
44
0.0000000001
40
0
40
0
40
0
40
0
40
1
40
1
40
1
40
1
41
1
41
1
41
1
41
1
10
49.486711124174732
20
-74.350340801036211
30
0
10
49.91004445750805
20
-74.350340801036211
30
0
10
52.68816945750806
20
-71.439924134369548
30
0
10
54.064002790841386
20
-69.561382467702884
30
0
0
SPLINE
5
1322
100
AcDbEntity
8
0
100
AcDbSpline
70
4
71
3
72
8
73
4
74
0
42
0.000000001
43
0.0000000001
44
0.0000000001
40
0
40
0
40
0
40
0
40
1
40
1
40
1
40
1
41
1
41
1
41
1
41
1
10
54.064002790841386
20
-69.561382467702884
30
0
10
55.519211124174717
20
-67.57700746770287
30
0
10
56.683377790841398
20
-66.677424134369545
30
0
10
57.821086124174734
20
-66.677424134369545
30
0
0
SPLINE
5
1323
100
AcDbEntity
8
0
100
AcDbSpline
70
4
71
3
72
8
73
4
74
0
42
0.000000001
43
0.0000000001
44
0.0000000001
40
0
40
0
40
0
40
0
40
1
40
1
40
1
40
1
41
1
41
1
41
1
41
1
10
57.821086124174734
20
-66.677424134369545
30
0
10
59.461502790841401
20
-66.650965801036207
30
0
10
61.895669457508063
20
-64.296174134369551
30
0
10
62.133794457508067
20
-62.470549134369548
30
0
0
SPLINE
5
1324
100
AcDbEntity
8
0
100
AcDbSpline
70
4
71
3
72
8
73
4
74
0
42
0.000000001
43
0.0000000001
44
0.0000000001
40
0
40
0
40
0
40
0
40
1
40
1
40
1
40
1
41
1
41
1
41
1
41
1
10
62.133794457508067
20
-62.470549134369548
30
0
10
62.213169457508059
20
-61.888465801036212
30
0
10
62.398377790841408
20
-61.385757467702874
30
0
10
62.557127790841406
20
-61.385757467702874
30
0
0
SPLINE
5
1325
100
AcDbEntity
8
0
100
AcDbSpline
70
4
71
3
72
8
73
4
74
0
42
0.000000001
43
0.0000000001
44
0.0000000001
40
0
40
0
40
0
40
0
40
1
40
1
40
1
40
1
41
1
41
1
41
1
41
1
10
62.557127790841406
20
-61.385757467702874
30
0
10
63.430252790841394
20
-61.385757467702874
30
0
10
64.224002790841411
20
-59.560132467702886
30
0
10
63.53608612417473
20
-59.136799134369546
30
0
0
SPLINE
5
1326
100
AcDbEntity
8
0
100
AcDbSpline
70
4
71
3
72
8
73
4
74
0
42
0.000000001
43
0.0000000001
44
0.0000000001
40
0
40
0
40
0
40
0
40
1
40
1
40
1
40
1
41
1
41
1
41
1
41
1
10
63.53608612417473
20
-59.136799134369546
30
0
10
63.377336124174732
20
-59.03096580103621
30
0
10
63.271502790841382
20
-59.295549134369537
30
0
10
63.271502790841382
20
-59.771799134369545
30
0
0
SPLINE
5
1327
100
AcDbEntity
8
0
100
AcDbSpline
70
4
71
3
72
8
73
4
74
0
42
0.000000001
43
0.0000000001
44
0.0000000001
40
0
40
0
40
0
40
0
40
1
40
1
40
1
40
1
41
1
41
1
41
1
41
1
10
63.271502790841382
20
-59.771799134369545
30
0
10
63.271502790841382
20
-60.67138246770287
30
0
10
63.377336124174732
20
-60.618465801036223
30
0
10
60.228794457508066
20
-61.121174134369546
30
0
0
SPLINE
5
1328
100
AcDbEntity
8
0
100
AcDbSpline
70
4
71
3
72
8
73
4
74
0
42
0.000000001
43
0.0000000001
44
0.0000000001
40
0
40
0
40
0
40
0
40
1
40
1
40
1
40
1
41
1
41
1
41
1
41
1
10
60.228794457508066
20
-61.121174134369546
30
0
10
58.747127790841404
20
-61.359299134369543
30
0
10
56.815669457508065
20
-62.100132467702878
30
0
10
54.222752790841398
20
-63.449507467702873
30
0
0
SPLINE
5
1329
100
AcDbEntity
8
0
100
AcDbSpline
70
4
71
3
72
8
73
4
74
0
42
0.000000001
43
0.0000000001
44
0.0000000001
40
0
40
0
40
0
40
0
40
1
40
1
40
1
40
1
41
1
41
1
41
1
41
1
10
54.222752790841398
20
-63.449507467702873
30
0
10
53.799419457508051
20
-63.661174134369546
30
0
10
54.037544457508062
20
-61.200549134369531
30
0
10
54.566711124174731
20
-59.798257467702882
30
0
0
SPLINE
5
1330
100
AcDbEntity
8
0
100
AcDbSpline
70
4
71
3
72
8
73
4
74
0
42
0.000000001
43
0.0000000001
44
0.0000000001
40
0
40
0
40
0
40
0
40
1
40
1
40
1
40
1
41
1
41
1
41
1
41
1
10
54.566711124174731
20
-59.798257467702882
30
0
10
54.857752790841388
20
-59.004507467702879
30
0
10
55.14879445750806
20
-58.316590801036206
30
0
10
55.175252790841398
20
-58.263674134369545
30
0
0
SPLINE
5
1331
100
AcDbEntity
8
0
100
AcDbSpline
70
4
71
3
72
8
73
4
74
0
42
0.000000001
43
0.0000000001
44
0.0000000001
40
0
40
0
40
0
40
0
40
1
40
1
40
1
40
1
41
1
41
1
41
1
41
1
10
55.175252790841398
20
-58.263674134369545
30
0
10
55.228169457508059
20
-58.237215801036214
30
0
10
56.365877790841395
20
-57.893257467702874
30
0
10
57.741711124174735
20
-57.549299134369541
30
0
0
SPLINE
5
1332
100
AcDbEntity
8
0
100
AcDbSpline
70
4
71
3
72
8
73
4
74
0
42
0.000000001
43
0.0000000001
44
0.0000000001
40
0
40
0
40
0
40
0
40
1
40
1
40
1
40
1
41
1
41
1
41
1
41
1
10
57.741711124174735
20
-57.549299134369541
30
0
10
59.911294457508063
20
-56.967215801036204
30
0
10
60.678586124174728
20
-56.887840801036219
30
0
10
63.668377790841397
20
-56.967215801036204
30
0
0
SPLINE
5
1333
100
AcDbEntity
8
0
100
AcDbSpline
70
4
71
3
72
8
73
4
74
0
42
0.000000001
43
0.0000000001
44
0.0000000001
40
0
40
0
40
0
40
0
40
1
40
1
40
1
40
1
41
1
41
1
41
1
41
1
10
63.668377790841397
20
-56.967215801036204
30
0
10
66.367127790841408
20
-57.020132467702879
30
0
10
67.319627790841395
20
-57.152424134369546
30
0
10
68.034002790841384
20
-57.52284080103621
30
0
0
SPLINE
5
1334
100
AcDbEntity
8
0
100
AcDbSpline
70
4
71
3
72
8
73
4
74
0
42
0.000000001
43
0.0000000001
44
0.0000000001
40
0
40
0
40
0
40
0
40
1
40
1
40
1
40
1
41
1
41
1
41
1
41
1
10
44.909419457508058
20
-59.480757467702873
30
0
10
44.327336124174721
20
-60.618465801036223
30
0
10
42.634002790841386
20
-61.888465801036212
30
0
10
42.634002790841386
20
-61.174090801036208
30
0
0
SPLINE
5
1335
100
AcDbEntity
8
0
100
AcDbSpline
70
4
71
3
72
8
73
4
74
0
42
0.000000001
43
0.0000000001
44
0.0000000001
40
0
40
0
40
0
40
0
40
1
40
1
40
1
40
1
41
1
41
1
41
1
41
1
10
42.634002790841386
20
-61.174090801036208
30
0
10
42.634002790841386
20
-61.068257467702871
30
0
10
42.89858612417472
20
-60.856590801036212
30
0
10
43.24254445750806
20
-60.724299134369552
30
0
0
SPLINE
5
1336
100
AcDbEntity
8
0
100
AcDbSpline
70
4
71
3
72
8
73
4
74
0
42
0.000000001
43
0.0000000001
44
0.0000000001
40
0
40
0
40
0
40
0
40
1
40
1
40
1
40
1
41
1
41
1
41
1
41
1
10
43.24254445750806
20
-60.724299134369552
30
0
10
43.560044457508056
20
-60.565549134369547
30
0
10
44.062752790841387
20
-59.95700746770288
30
0
10
44.353794457508052
20
-59.348465801036205
30
0
0
SPLINE
5
1337
100
AcDbEntity
8
0
100
AcDbSpline
70
4
71
3
72
8
73
4
74
0
42
0.000000001
43
0.0000000001
44
0.0000000001
40
0
40
0
40
0
40
0
40
1
40
1
40
1
40
1
41
1
41
1
41
1
41
1
10
44.353794457508052
20
-59.348465801036205
30
0
10
44.644836124174731
20
-58.713465801036207
30
0
10
44.962336124174726
20
-58.316590801036206
30
0
10
45.094627790841393
20
-58.448882467702873
30
0
0
SPLINE
5
1338
100
AcDbEntity
8
0
100
AcDbSpline
70
4
71
3
72
8
73
4
74
0
42
0.000000001
43
0.0000000001
44
0.0000000001
40
0
40
0
40
0
40
0
40
1
40
1
40
1
40
1
41
1
41
1
41
1
41
1
10
45.094627790841393
20
-58.448882467702873
30
0
10
45.22691945750806
20
-58.58117413436954
30
0
10
45.147544457508062
20
-59.03096580103621
30
0
10
44.909419457508058
20
-59.480757467702873
30
0
0
SPLINE
5
1339
100
AcDbEntity
8
0
100
AcDbSpline
70
4
71
3
72
8
73
4
74
0
42
0.000000001
43
0.0000000001
44
0.0000000001
40
0
40
0
40
0
40
0
40
1
40
1
40
1
40
1
41
1
41
1
41
1
41
1
10
46.814419457508059
20
-60.115757467702878
30
0
10
46.920252790841403
20
-61.279924134369558
30
0
10
46.100044457508062
20
-62.311799134369544
30
0
10
45.279836124174722
20
-62.047215801036216
30
0
0
SPLINE
5
1340
100
AcDbEntity
8
0
100
AcDbSpline
70
4
71
3
72
8
73
4
74
0
42
0.000000001
43
0.0000000001
44
0.0000000001
40
0
40
0
40
0
40
0
40
1
40
1
40
1
40
1
41
1
41
1
41
1
41
1
10
45.279836124174722
20
-62.047215801036216
30
0
10
45.015252790841387
20
-61.967840801036203
30
0
10
44.724211124174722
20
-62.020757467702872
30
0
10
44.618377790841386
20
-62.179507467702884
30
0
0
SPLINE
5
1341
100
AcDbEntity
8
0
100
AcDbSpline
70
4
71
3
72
8
73
4
74
0
42
0.000000001
43
0.0000000001
44
0.0000000001
40
0
40
0
40
0
40
0
40
1
40
1
40
1
40
1
41
1
41
1
41
1
41
1
10
44.618377790841386
20
-62.179507467702884
30
0
10
44.380252790841396
20
-62.549924134369533
30
0
10
42.713377790841392
20
-62.497007467702879
30
0
10
41.522752790841395
20
-62.100132467702878
30
0
0
SPLINE
5
1342
100
AcDbEntity
8
0
100
AcDbSpline
70
4
71
3
72
8
73
4
74
0
42
0.000000001
43
0.0000000001
44
0.0000000001
40
0
40
0
40
0
40
0
40
1
40
1
40
1
40
1
41
1
41
1
41
1
41
1
10
41.522752790841395
20
-62.100132467702878
30
0
10
40.279211124174729
20
-61.650340801036208
30
0
10
39.98816945750805
20
-61.385757467702874
30
0
10
40.75546112417473
20
-61.385757467702874
30
0
0
SPLINE
5
1343
100
AcDbEntity
8
0
100
AcDbSpline
70
4
71
3
72
8
73
4
74
0
42
0.000000001
43
0.0000000001
44
0.0000000001
40
0
40
0
40
0
40
0
40
1
40
1
40
1
40
1
41
1
41
1
41
1
41
1
10
40.75546112417473
20
-61.385757467702874
30
0
10
41.072961124174725
20
-61.385757467702874
30
0
10
41.25816945750806
20
-61.279924134369558
30
0
10
41.178794457508054
20
-61.121174134369546
30
0
0
SPLINE
5
1344
100
AcDbEntity
8
0
100
AcDbSpline
70
4
71
3
72
8
73
4
74
0
42
0.000000001
43
0.0000000001
44
0.0000000001
40
0
40
0
40
0
40
0
40
1
40
1
40
1
40
1
41
1
41
1
41
1
41
1
10
41.178794457508054
20
-61.121174134369546
30
0
10
41.099419457508056
20
-60.962424134369542
30
0
10
40.543794457508056
20
-60.856590801036212
30
0
10
39.98816945750805
20
-60.856590801036212
30
0
0
SPLINE
5
1345
100
AcDbEntity
8
0
100
AcDbSpline
70
4
71
3
72
8
73
4
74
0
42
0.000000001
43
0.0000000001
44
0.0000000001
40
0
40
0
40
0
40
0
40
1
40
1
40
1
40
1
41
1
41
1
41
1
41
1
10
39.98816945750805
20
-60.856590801036212
30
0
10
39.432544457508058
20
-60.856590801036212
30
0
10
38.876919457508059
20
-60.724299134369552
30
0
10
38.797544457508053
20
-60.592007467702878
30
0
0
SPLINE
5
1346
100
AcDbEntity
8
0
100
AcDbSpline
70
4
71
3
72
8
73
4
74
0
42
0.000000001
43
0.0000000001
44
0.0000000001
40
0
40
0
40
0
40
0
40
1
40
1
40
1
40
1
41
1
41
1
41
1
41
1
10
38.797544457508053
20
-60.592007467702878
30
0
10
38.480044457508058
20
-60.062840801036216
30
0
10
40.411502790841396
20
-60.353882467702881
30
0
10
41.655044457508062
20
-61.015340801036217
30
0
0
SPLINE
5
1347
100
AcDbEntity
8
0
100
AcDbSpline
70
4
71
3
72
8
73
4
74
0
42
0.000000001
43
0.0000000001
44
0.0000000001
40
0
40
0
40
0
40
0
40
1
40
1
40
1
40
1
41
1
41
1
41
1
41
1
10
41.655044457508062
20
-61.015340801036217
30
0
10
42.76629445750806
20
-61.597424134369533
30
0
10
43.057336124174732
20
-61.650340801036208
30
0
10
43.745252790841391
20
-61.412215801036218
30
0
0
SPLINE
5
1348
100
AcDbEntity
8
0
100
AcDbSpline
70
4
71
3
72
8
73
4
74
0
42
0.000000001
43
0.0000000001
44
0.0000000001
40
0
40
0
40
0
40
0
40
1
40
1
40
1
40
1
41
1
41
1
41
1
41
1
10
43.745252790841391
20
-61.412215801036218
30
0
10
44.777127790841398
20
-61.041799134369548
30
0
10
44.935877790841388
20
-61.041799134369548
30
0
10
44.565461124174732
20
-61.412215801036218
30
0
0
SPLINE
5
1349
100
AcDbEntity
8
0
100
AcDbSpline
70
4
71
3
72
8
73
4
74
0
42
0.000000001
43
0.0000000001
44
0.0000000001
40
0
40
0
40
0
40
0
40
1
40
1
40
1
40
1
41
1
41
1
41
1
41
1
10
44.565461124174732
20
-61.412215801036218
30
0
10
44.406711124174727
20
-61.570965801036209
30
0
10
43.877544457508066
20
-61.80909080103622
30
0
10
43.374836124174728
20
-61.914924134369542
30
0
0
SPLINE
5
1350
100
AcDbEntity
8
0
100
AcDbSpline
70
4
71
3
72
8
73
4
74
0
42
0.000000001
43
0.0000000001
44
0.0000000001
40
0
40
0
40
0
40
0
40
1
40
1
40
1
40
1
41
1
41
1
41
1
41
1
10
43.374836124174728
20
-61.914924134369542
30
0
10
42.660461124174731
20
-62.100132467702878
30
0
10
42.607544457508055
20
-62.126590801036201
30
0
10
43.163169457508054
20
-62.153049134369539
30
0
0
SPLINE
5
1351
100
AcDbEntity
8
0
100
AcDbSpline
70
4
71
3
72
8
73
4
74
0
42
0.000000001
43
0.0000000001
44
0.0000000001
40
0
40
0
40
0
40
0
40
1
40
1
40
1
40
1
41
1
41
1
41
1
41
1
10
43.163169457508054
20
-62.153049134369539
30
0
10
43.533586124174725
20
-62.153049134369539
30
0
10
44.168586124174723
20
-61.994299134369527
30
0
10
44.591919457508062
20
-61.782632467702882
30
0
0
SPLINE
5
1352
100
AcDbEntity
8
0
100
AcDbSpline
70
4
71
3
72
8
73
4
74
0
42
0.000000001
43
0.0000000001
44
0.0000000001
40
0
40
0
40
0
40
0
40
1
40
1
40
1
40
1
41
1
41
1
41
1
41
1
10
44.591919457508062
20
-61.782632467702882
30
0
10
45.465044457508057
20
-61.306382467702882
30
0
10
45.623794457508062
20
-61.279924134369558
30
0
10
45.412127790841396
20
-61.650340801036208
30
0
0
SPLINE
5
1353
100
AcDbEntity
8
0
100
AcDbSpline
70
4
71
3
72
8
73
4
74
0
42
0.000000001
43
0.0000000001
44
0.0000000001
40
0
40
0
40
0
40
0
40
1
40
1
40
1
40
1
41
1
41
1
41
1
41
1
10
45.412127790841396
20
-61.650340801036208
30
0
10
45.174002790841392
20
-62.020757467702872
30
0
10
45.623794457508062
20
-61.994299134369527
30
0
10
46.020669457508063
20
-61.597424134369533
30
0
0
SPLINE
5
1354
100
AcDbEntity
8
0
100
AcDbSpline
70
4
71
3
72
8
73
4
74
0
42
0.000000001
43
0.0000000001
44
0.0000000001
40
0
40
0
40
0
40
0
40
1
40
1
40
1
40
1
41
1
41
1
41
1
41
1
10
46.020669457508063
20
-61.597424134369533
30
0
10
46.391086124174727
20
-61.227007467702876
30
0
10
46.444002790841388
20
-59.533674134369548
30
0
10
46.100044457508062
20
-59.533674134369548
30
0
0
SPLINE
5
1355
100
AcDbEntity
8
0
100
AcDbSpline
70
4
71
3
72
8
73
4
74
0
42
0.000000001
43
0.0000000001
44
0.0000000001
40
0
40
0
40
0
40
0
40
1
40
1
40
1
40
1
41
1
41
1
41
1
41
1
10
46.100044457508062
20
-59.533674134369548
30
0
10
45.967752790841402
20
-59.533674134369548
30
0
10
45.80900279084139
20
-59.798257467702882
30
0
10
45.756086124174729
20
-60.115757467702878
30
0
0
SPLINE
5
1356
100
AcDbEntity
8
0
100
AcDbSpline
70
4
71
3
72
8
73
4
74
0
42
0.000000001
43
0.0000000001
44
0.0000000001
40
0
40
0
40
0
40
0
40
1
40
1
40
1
40
1
41
1
41
1
41
1
41
1
10
45.756086124174729
20
-60.115757467702878
30
0
10
45.703169457508068
20
-60.433257467702887
30
0
10
45.517961124174718
20
-60.724299134369552
30
0
10
45.332752790841397
20
-60.803674134369537
30
0
0
SPLINE
5
1357
100
AcDbEntity
8
0
100
AcDbSpline
70
4
71
3
72
8
73
4
74
0
42
0.000000001
43
0.0000000001
44
0.0000000001
40
0
40
0
40
0
40
0
40
1
40
1
40
1
40
1
41
1
41
1
41
1
41
1
10
45.332752790841397
20
-60.803674134369537
30
0
10
45.041711124174732
20
-60.883049134369557
30
0
10
45.015252790841387
20
-60.803674134369537
30
0
10
45.253377790841391
20
-60.380340801036212
30
0
0
SPLINE
5
1358
100
AcDbEntity
8
0
100
AcDbSpline
70
4
71
3
72
8
73
4
74
0
42
0.000000001
43
0.0000000001
44
0.0000000001
40
0
40
0
40
0
40
0
40
1
40
1
40
1
40
1
41
1
41
1
41
1
41
1
10
45.253377790841391
20
-60.380340801036212
30
0
10
45.412127790841396
20
-60.089299134369547
30
0
10
45.465044457508057
20
-59.665965801036208
30
0
10
45.385669457508058
20
-59.427840801036211
30
0
0
SPLINE
5
1359
100
AcDbEntity
8
0
100
AcDbSpline
70
4
71
3
72
8
73
4
74
0
42
0.000000001
43
0.0000000001
44
0.0000000001
40
0
40
0
40
0
40
0
40
1
40
1
40
1
40
1
41
1
41
1
41
1
41
1
10
45.385669457508058
20
-59.427840801036211
30
0
10
45.279836124174722
20
-59.136799134369546
30
0
10
45.412127790841396
20
-59.057424134369541
30
0
10
45.994211124174733
20
-59.083882467702871
30
0
0
SPLINE
5
1360
100
AcDbEntity
8
0
100
AcDbSpline
70
4
71
3
72
8
73
4
74
0
42
0.000000001
43
0.0000000001
44
0.0000000001
40
0
40
0
40
0
40
0
40
1
40
1
40
1
40
1
41
1
41
1
41
1
41
1
10
45.994211124174733
20
-59.083882467702871
30
0
10
46.655669457508054
20
-59.136799134369546
30
0
10
46.735044457508053
20
-59.269090801036214
30
0
10
46.814419457508059
20
-60.115757467702878
30
0
0
SPLINE
5
1361
100
AcDbEntity
8
0
100
AcDbSpline
70
4
71
3
72
8
73
4
74
0
42
0.000000001
43
0.0000000001
44
0.0000000001
40
0
40
0
40
0
40
0
40
1
40
1
40
1
40
1
41
1
41
1
41
1
41
1
10
51.894419457508064
20
-59.665965801036208
30
0
10
52.34421112417472
20
-59.904090801036205
30
0
10
52.68816945750806
20
-60.195132467702877
30
0
10
52.68816945750806
20
-60.327424134369551
30
0
0
SPLINE
5
1362
100
AcDbEntity
8
0
100
AcDbSpline
70
4
71
3
72
8
73
4
74
0
42
0.000000001
43
0.0000000001
44
0.0000000001
40
0
40
0
40
0
40
0
40
1
40
1
40
1
40
1
41
1
41
1
41
1
41
1
10
52.68816945750806
20
-60.327424134369551
30
0
10
52.68816945750806
20
-60.486174134369541
30
0
10
52.397127790841402
20
-60.433257467702887
30
0
10
52.079627790841386
20
-60.195132467702877
30
0
0
SPLINE
5
1363
100
AcDbEntity
8
0
100
AcDbSpline
70
4
71
3
72
8
73
4
74
0
42
0.000000001
43
0.0000000001
44
0.0000000001
40
0
40
0
40
0
40
0
40
1
40
1
40
1
40
1
41
1
41
1
41
1
41
1
10
52.079627790841386
20
-60.195132467702877
30
0
10
51.312336124174735
20
-59.692424134369546
30
0
10
49.248586124174729
20
-59.480757467702873
30
0
10
48.798794457508059
20
-59.851174134369543
30
0
0
SPLINE
5
1364
100
AcDbEntity
8
0
100
AcDbSpline
70
4
71
3
72
8
73
4
74
0
42
0.000000001
43
0.0000000001
44
0.0000000001
40
0
40
0
40
0
40
0
40
1
40
1
40
1
40
1
41
1
41
1
41
1
41
1
10
48.798794457508059
20
-59.851174134369543
30
0
10
48.613586124174731
20
-60.009924134369541
30
0
10
48.454836124174719
20
-60.036382467702872
30
0
10
48.454836124174719
20
-59.95700746770288
30
0
0
SPLINE
5
1365
100
AcDbEntity
8
0
100
AcDbSpline
70
4
71
3
72
8
73
4
74
0
42
0.000000001
43
0.0000000001
44
0.0000000001
40
0
40
0
40
0
40
0
40
1
40
1
40
1
40
1
41
1
41
1
41
1
41
1
10
48.454836124174719
20
-59.95700746770288
30
0
10
48.454836124174719
20
-59.851174134369543
30
0
10
48.216711124174729
20
-59.904090801036205
30
0
10
47.899211124174734
20
-60.062840801036216
30
0
0
SPLINE
5
1366
100
AcDbEntity
8
0
100
AcDbSpline
70
4
71
3
72
8
73
4
74
0
42
0.000000001
43
0.0000000001
44
0.0000000001
40
0
40
0
40
0
40
0
40
1
40
1
40
1
40
1
41
1
41
1
41
1
41
1
10
47.899211124174734
20
-60.062840801036216
30
0
10
47.608169457508055
20
-60.248049134369538
30
0
10
47.290669457508059
20
-60.300965801036213
30
0
10
47.21129445750806
20
-60.221590801036207
30
0
0
SPLINE
5
1367
100
AcDbEntity
8
0
100
AcDbSpline
70
4
71
3
72
8
73
4
74
0
42
0.000000001
43
0.0000000001
44
0.0000000001
40
0
40
0
40
0
40
0
40
1
40
1
40
1
40
1
41
1
41
1
41
1
41
1
10
47.21129445750806
20
-60.221590801036207
30
0
10
46.920252790841403
20
-59.930549134369542
30
0
10
48.851711124174727
20
-59.295549134369537
30
0
10
49.989419457508063
20
-59.269090801036214
30
0
0
SPLINE
5
1368
100
AcDbEntity
8
0
100
AcDbSpline
70
4
71
3
72
8
73
4
74
0
42
0.000000001
43
0.0000000001
44
0.0000000001
40
0
40
0
40
0
40
0
40
1
40
1
40
1
40
1
41
1
41
1
41
1
41
1
10
49.989419457508063
20
-59.269090801036214
30
0
10
50.624419457508054
20
-59.269090801036214
30
0
10
51.471086124174732
20
-59.454299134369542
30
0
10
51.894419457508064
20
-59.665965801036208
30
0
0
SPLINE
5
1369
100
AcDbEntity
8
0
100
AcDbSpline
70
4
71
3
72
8
73
4
74
0
42
0.000000001
43
0.0000000001
44
0.0000000001
40
0
40
0
40
0
40
0
40
1
40
1
40
1
40
1
41
1
41
1
41
1
41
1
10
51.894419457508064
20
-60.67138246770287
30
0
10
53.058586124174738
20
-61.279924134369558
30
0
10
53.561294457508062
20
-61.914924134369542
30
0
10
52.899836124174726
20
-61.914924134369542
30
0
0
SPLINE
5
1370
100
AcDbEntity
8
0
100
AcDbSpline
70
4
71
3
72
8
73
4
74
0
42
0.000000001
43
0.0000000001
44
0.0000000001
40
0
40
0
40
0
40
0
40
1
40
1
40
1
40
1
41
1
41
1
41
1
41
1
10
52.899836124174726
20
-61.914924134369542
30
0
10
52.68816945750806
20
-61.914924134369542
30
0
10
52.23837779084139
20
-61.597424134369533
30
0
10
51.867961124174741
20
-61.227007467702876
30
0
0
SPLINE
5
1371
100
AcDbEntity
8
0
100
AcDbSpline
70
4
71
3
72
8
73
4
74
0
42
0.000000001
43
0.0000000001
44
0.0000000001
40
0
40
0
40
0
40
0
40
1
40
1
40
1
40
1
41
1
41
1
41
1
41
1
10
51.867961124174741
20
-61.227007467702876
30
0
10
51.312336124174735
20
-60.618465801036223
30
0
10
51.074211124174731
20
-60.565549134369547
30
0
10
49.645461124174723
20
-60.644924134369546
30
0
0
SPLINE
5
1372
100
AcDbEntity
8
0
100
AcDbSpline
70
4
71
3
72
8
73
4
74
0
42
0.000000001
43
0.0000000001
44
0.0000000001
40
0
40
0
40
0
40
0
40
1
40
1
40
1
40
1
41
1
41
1
41
1
41
1
10
49.645461124174723
20
-60.644924134369546
30
0
10
48.772336124174714
20
-60.697840801036207
30
0
10
47.846294457508058
20
-60.856590801036212
30
0
10
47.608169457508055
20
-60.962424134369542
30
0
0
SPLINE
5
1373
100
AcDbEntity
8
0
100
AcDbSpline
70
4
71
3
72
8
73
4
74
0
42
0.000000001
43
0.0000000001
44
0.0000000001
40
0
40
0
40
0
40
0
40
1
40
1
40
1
40
1
41
1
41
1
41
1
41
1
10
47.608169457508055
20
-60.962424134369542
30
0
10
47.317127790841397
20
-61.094715801036202
30
0
10
47.131919457508062
20
-61.068257467702871
30
0
10
47.131919457508062
20
-60.935965801036204
30
0
0
SPLINE
5
1374
100
AcDbEntity
8
0
100
AcDbSpline
70
4
71
3
72
8
73
4
74
0
42
0.000000001
43
0.0000000001
44
0.0000000001
40
0
40
0
40
0
40
0
40
1
40
1
40
1
40
1
41
1
41
1
41
1
41
1
10
47.131919457508062
20
-60.935965801036204
30
0
10
47.131919457508062
20
-60.592007467702878
30
0
10
48.613586124174731
20
-60.115757467702878
30
0
10
49.804211124174735
20
-60.089299134369547
30
0
0
SPLINE
5
1375
100
AcDbEntity
8
0
100
AcDbSpline
70
4
71
3
72
8
73
4
74
0
42
0.000000001
43
0.0000000001
44
0.0000000001
40
0
40
0
40
0
40
0
40
1
40
1
40
1
40
1
41
1
41
1
41
1
41
1
10
49.804211124174735
20
-60.089299134369547
30
0
10
50.333377790841396
20
-60.062840801036216
30
0
10
51.259419457508066
20
-60.327424134369551
30
0
10
51.894419457508064
20
-60.67138246770287
30
0
0
SPLINE
5
1376
100
AcDbEntity
8
0
100
AcDbSpline
70
4
71
3
72
8
73
4
74
0
42
0.000000001
43
0.0000000001
44
0.0000000001
40
0
40
0
40
0
40
0
40
1
40
1
40
1
40
1
41
1
41
1
41
1
41
1
10
22.552127790841396
20
-61.465132467702865
30
0
10
22.393377790841384
20
-61.623882467702877
30
0
10
22.261086124174724
20
-62.126590801036201
30
0
10
22.261086124174724
20
-62.602840801036223
30
0
0
SPLINE
5
1377
100
AcDbEntity
8
0
100
AcDbSpline
70
4
71
3
72
8
73
4
74
0
42
0.000000001
43
0.0000000001
44
0.0000000001
40
0
40
0
40
0
40
0
40
1
40
1
40
1
40
1
41
1
41
1
41
1
41
1
10
22.261086124174724
20
-62.602840801036223
30
0
10
22.261086124174724
20
-63.396590801036218
30
0
10
21.202752790841384
20
-64.825340801036219
30
0
10
20.620669457508054
20
-64.825340801036219
30
0
0
SPLINE
5
1378
100
AcDbEntity
8
0
100
AcDbSpline
70
4
71
3
72
8
73
4
74
0
42
0.000000001
43
0.0000000001
44
0.0000000001
40
0
40
0
40
0
40
0
40
1
40
1
40
1
40
1
41
1
41
1
41
1
41
1
10
20.620669457508054
20
-64.825340801036219
30
0
10
20.356086124174723
20
-64.825340801036219
30
0
10
18.477544457508056
20
-66.068882467702878
30
0
10
17.604419457508055
20
-66.836174134369557
30
0
0
SPLINE
5
1379
100
AcDbEntity
8
0
100
AcDbSpline
70
4
71
3
72
8
73
4
74
0
42
0.000000001
43
0.0000000001
44
0.0000000001
40
0
40
0
40
0
40
0
40
1
40
1
40
1
40
1
41
1
41
1
41
1
41
1
10
17.604419457508055
20
-66.836174134369557
30
0
10
16.625461124174727
20
-67.709299134369545
30
0
10
15.911086124174719
20
-69.138049134369552
30
0
10
15.911086124174719
20
-70.249299134369551
30
0
0
SPLINE
5
1380
100
AcDbEntity
8
0
100
AcDbSpline
70
4
71
3
72
8
73
4
74
0
42
0.000000001
43
0.0000000001
44
0.0000000001
40
0
40
0
40
0
40
0
40
1
40
1
40
1
40
1
41
1
41
1
41
1
41
1
10
15.911086124174719
20
-70.249299134369551
30
0
10
15.911086124174719
20
-72.260132467702888
30
0
10
17.498586124174722
20
-73.847632467702894
30
0
10
20.435461124174729
20
-74.747215801036205
30
0
0
SPLINE
5
1381
100
AcDbEntity
8
0
100
AcDbSpline
70
4
71
3
72
8
73
4
74
0
42
0.000000001
43
0.0000000001
44
0.0000000001
40
0
40
0
40
0
40
0
40
1
40
1
40
1
40
1
41
1
41
1
41
1
41
1
10
20.435461124174729
20
-74.747215801036205
30
0
10
22.922544457508049
20
-75.51450746770287
30
0
10
23.425252790841391
20
-75.752632467702895
30
0
10
24.192544457508056
20
-76.546382467702884
30
0
0
SPLINE
5
1382
100
AcDbEntity
8
0
100
AcDbSpline
70
4
71
3
72
8
73
4
74
0
42
0.000000001
43
0.0000000001
44
0.0000000001
40
0
40
0
40
0
40
0
40
1
40
1
40
1
40
1
41
1
41
1
41
1
41
1
10
24.192544457508056
20
-76.546382467702884
30
0
10
25.303794457508051
20
-77.737007467702881
30
0
10
25.171502790841387
20
-79.033465801036215
30
0
10
23.636919457508057
20
-82.287840801036225
30
0
0
SPLINE
5
1383
100
AcDbEntity
8
0
100
AcDbSpline
70
4
71
3
72
8
73
4
74
0
42
0.000000001
43
0.0000000001
44
0.0000000001
40
0
40
0
40
0
40
0
40
1
40
1
40
1
40
1
41
1
41
1
41
1
41
1
10
23.636919457508057
20
-82.287840801036225
30
0
10
23.39879445750806
20
-82.790549134369542
30
0
10
23.134211124174726
20
-83.743049134369556
30
0
10
23.05483612417472
20
-84.404507467702885
30
0
0
SPLINE
5
1384
100
AcDbEntity
8
0
100
AcDbSpline
70
4
71
3
72
8
73
4
74
0
42
0.000000001
43
0.0000000001
44
0.0000000001
40
0
40
0
40
0
40
0
40
1
40
1
40
1
40
1
41
1
41
1
41
1
41
1
10
23.05483612417472
20
-84.404507467702885
30
0
10
22.922544457508049
20
-85.595132467702882
30
0
10
22.922544457508049
20
-85.595132467702882
30
0
10
21.811294457508055
20
-85.674507467702895
30
0
0
SPLINE
5
1385
100
AcDbEntity
8
0
100
AcDbSpline
70
4
71
3
72
8
73
4
74
0
42
0.000000001
43
0.0000000001
44
0.0000000001
40
0
40
0
40
0
40
0
40
1
40
1
40
1
40
1
41
1
41
1
41
1
41
1
10
21.811294457508055
20
-85.674507467702895
30
0
10
20.435461124174729
20
-85.780340801036218
30
0
10
20.435461124174729
20
-85.700965801036219
30
0
10
21.440877790841384
20
-83.081590801036214
30
0
0
SPLINE
5
1386
100
AcDbEntity
8
0
100
AcDbSpline
70
4
71
3
72
8
73
4
74
0
42
0.000000001
43
0.0000000001
44
0.0000000001
40
0
40
0
40
0
40
0
40
1
40
1
40
1
40
1
41
1
41
1
41
1
41
1
10
21.440877790841384
20
-83.081590801036214
30
0
10
22.869627790841392
20
-79.35096580103621
30
0
10
23.05483612417472
20
-78.504299134369546
30
0
10
22.60504445750805
20
-77.55179913436956
30
0
0
SPLINE
5
1387
100
AcDbEntity
8
0
100
AcDbSpline
70
4
71
3
72
8
73
4
74
0
42
0.000000001
43
0.0000000001
44
0.0000000001
40
0
40
0
40
0
40
0
40
1
40
1
40
1
40
1
41
1
41
1
41
1
41
1
10
22.60504445750805
20
-77.55179913436956
30
0
10
22.208169457508056
20
-76.731590801036219
30
0
10
21.917127790841391
20
-76.572840801036207
30
0
10
17.419211124174723
20
-74.509090801036223
30
0
0
SPLINE
5
1388
100
AcDbEntity
8
0
100
AcDbSpline
70
4
71
3
72
8
73
4
74
0
42
0.000000001
43
0.0000000001
44
0.0000000001
40
0
40
0
40
0
40
0
40
1
40
1
40
1
40
1
41
1
41
1
41
1
41
1
10
17.419211124174723
20
-74.509090801036223
30
0
10
16.995877790841384
20
-74.29742413436955
30
0
10
16.519627790841387
20
-73.874090801036218
30
0
10
16.334419457508051
20
-73.53013246770287
30
0
0
SPLINE
5
1389
100
AcDbEntity
8
0
100
AcDbSpline
70
4
71
3
72
8
73
4
74
0
42
0.000000001
43
0.0000000001
44
0.0000000001
40
0
40
0
40
0
40
0
40
1
40
1
40
1
40
1
41
1
41
1
41
1
41
1
10
16.334419457508051
20
-73.53013246770287
30
0
10
16.14921112417472
20
-73.106799134369552
30
0
10
15.805252790841386
20
-72.895132467702894
30
0
10
15.381919457508051
20
-72.895132467702894
30
0
0
SPLINE
5
1390
100
AcDbEntity
8
0
100
AcDbSpline
70
4
71
3
72
8
73
4
74
0
42
0.000000001
43
0.0000000001
44
0.0000000001
40
0
40
0
40
0
40
0
40
1
40
1
40
1
40
1
41
1
41
1
41
1
41
1
10
15.381919457508051
20
-72.895132467702894
30
0
10
14.905669457508054
20
-72.895132467702894
30
0
10
14.614627790841386
20
-72.68346580103622
30
0
10
14.402961124174723
20
-72.127840801036228
30
0
0
SPLINE
5
1391
100
AcDbEntity
8
0
100
AcDbSpline
70
4
71
3
72
8
73
4
74
0
42
0.000000001
43
0.0000000001
44
0.0000000001
40
0
40
0
40
0
40
0
40
1
40
1
40
1
40
1
41
1
41
1
41
1
41
1
10
14.402961124174723
20
-72.127840801036228
30
0
10
13.95316945750805
20
-71.122424134369552
30
0
10
13.979627790841391
20
-68.159090801036214
30
0
10
14.429419457508054
20
-67.259507467702875
30
0
0
SPLINE
5
1392
100
AcDbEntity
8
0
100
AcDbSpline
70
4
71
3
72
8
73
4
74
0
42
0.000000001
43
0.0000000001
44
0.0000000001
40
0
40
0
40
0
40
0
40
1
40
1
40
1
40
1
41
1
41
1
41
1
41
1
10
14.429419457508054
20
-67.259507467702875
30
0
10
14.932127790841388
20
-66.307007467702888
30
0
10
16.704836124174719
20
-64.693049134369545
30
0
10
18.953794457508053
20
-63.184924134369531
30
0
0
SPLINE
5
1393
100
AcDbEntity
8
0
100
AcDbSpline
70
4
71
3
72
8
73
4
74
0
42
0.000000001
43
0.0000000001
44
0.0000000001
40
0
40
0
40
0
40
0
40
1
40
1
40
1
40
1
41
1
41
1
41
1
41
1
10
18.953794457508053
20
-63.184924134369531
30
0
10
19.985669457508052
20
-62.497007467702879
30
0
10
21.096919457508065
20
-61.703257467702876
30
0
10
21.440877790841384
20
-61.412215801036218
30
0
0
SPLINE
5
1394
100
AcDbEntity
8
0
100
AcDbSpline
70
4
71
3
72
8
73
4
74
0
42
0.000000001
43
0.0000000001
44
0.0000000001
40
0
40
0
40
0
40
0
40
1
40
1
40
1
40
1
41
1
41
1
41
1
41
1
10
21.440877790841384
20
-61.412215801036218
30
0
10
22.12879445750805
20
-60.883049134369557
30
0
10
23.081294457508061
20
-60.935965801036204
30
0
10
22.552127790841396
20
-61.465132467702865
30
0
0
SPLINE
5
1395
100
AcDbEntity
8
0
100
AcDbSpline
70
4
71
3
72
8
73
4
74
0
42
0.000000001
43
0.0000000001
44
0.0000000001
40
0
40
0
40
0
40
0
40
1
40
1
40
1
40
1
41
1
41
1
41
1
41
1
10
49.407336124174734
20
-61.676799134369553
30
0
10
49.063377790841393
20
-62.629299134369546
30
0
10
48.745877790841391
20
-62.682215801036207
30
0
10
48.931086124174726
20
-61.782632467702882
30
0
0
SPLINE
5
1396
100
AcDbEntity
8
0
100
AcDbSpline
70
4
71
3
72
8
73
4
74
0
42
0.000000001
43
0.0000000001
44
0.0000000001
40
0
40
0
40
0
40
0
40
1
40
1
40
1
40
1
41
1
41
1
41
1
41
1
10
48.931086124174726
20
-61.782632467702882
30
0
10
49.063377790841393
20
-60.988882467702879
30
0
10
48.481294457508064
20
-60.856590801036212
30
0
10
48.269627790841398
20
-61.650340801036208
30
0
0
SPLINE
5
1397
100
AcDbEntity
8
0
100
AcDbSpline
70
4
71
3
72
8
73
4
74
0
42
0.000000001
43
0.0000000001
44
0.0000000001
40
0
40
0
40
0
40
0
40
1
40
1
40
1
40
1
41
1
41
1
41
1
41
1
10
48.269627790841398
20
-61.650340801036208
30
0
10
48.110877790841393
20
-62.232424134369538
30
0
10
47.661086124174723
20
-62.364715801036212
30
0
10
47.6346277908414
20
-61.835549134369543
30
0
0
SPLINE
5
1398
100
AcDbEntity
8
0
100
AcDbSpline
70
4
71
3
72
8
73
4
74
0
42
0.000000001
43
0.0000000001
44
0.0000000001
40
0
40
0
40
0
40
0
40
1
40
1
40
1
40
1
41
1
41
1
41
1
41
1
10
47.6346277908414
20
-61.835549134369543
30
0
10
47.6346277908414
20
-61.570965801036209
30
0
10
47.581711124174717
20
-61.570965801036209
30
0
10
47.475877790841395
20
-61.835549134369543
30
0
0
SPLINE
5
1399
100
AcDbEntity
8
0
100
AcDbSpline
70
4
71
3
72
8
73
4
74
0
42
0.000000001
43
0.0000000001
44
0.0000000001
40
0
40
0
40
0
40
0
40
1
40
1
40
1
40
1
41
1
41
1
41
1
41
1
10
47.475877790841395
20
-61.835549134369543
30
0
10
47.422961124174734
20
-62.020757467702872
30
0
10
47.21129445750806
20
-62.179507467702884
30
0
10
47.052544457508063
20
-62.179507467702884
30
0
0
SPLINE
5
1400
100
AcDbEntity
8
0
100
AcDbSpline
70
4
71
3
72
8
73
4
74
0
42
0.000000001
43
0.0000000001
44
0.0000000001
40
0
40
0
40
0
40
0
40
1
40
1
40
1
40
1
41
1
41
1
41
1
41
1
10
47.052544457508063
20
-62.179507467702884
30
0
10
46.205877790841392
20
-62.179507467702884
30
0
10
48.269627790841398
20
-60.962424134369542
30
0
10
49.142752790841399
20
-60.935965801036204
30
0
0
SPLINE
5
1401
100
AcDbEntity
8
0
100
AcDbSpline
70
4
71
3
72
8
73
4
74
0
42
0.000000001
43
0.0000000001
44
0.0000000001
40
0
40
0
40
0
40
0
40
1
40
1
40
1
40
1
41
1
41
1
41
1
41
1
10
49.142752790841399
20
-60.935965801036204
30
0
10
49.645461124174723
20
-60.935965801036204
30
0
10
49.671919457508061
20
-60.988882467702879
30
0
10
49.407336124174734
20
-61.676799134369553
30
0
0
SPLINE
5
1402
100
AcDbEntity
8
0
100
AcDbSpline
70
4
71
3
72
8
73
4
74
0
42
0.000000001
43
0.0000000001
44
0.0000000001
40
0
40
0
40
0
40
0
40
1
40
1
40
1
40
1
41
1
41
1
41
1
41
1
10
51.471086124174732
20
-61.465132467702865
30
0
10
51.682752790841384
20
-61.782632467702882
30
0
10
51.656294457508061
20
-61.994299134369527
30
0
10
51.41816945750805
20
-62.232424134369538
30
0
0
SPLINE
5
1403
100
AcDbEntity
8
0
100
AcDbSpline
70
4
71
3
72
8
73
4
74
0
42
0.000000001
43
0.0000000001
44
0.0000000001
40
0
40
0
40
0
40
0
40
1
40
1
40
1
40
1
41
1
41
1
41
1
41
1
10
51.41816945750805
20
-62.232424134369538
30
0
10
51.18004445750806
20
-62.470549134369548
30
0
10
51.100669457508054
20
-62.417632467702873
30
0
10
51.100669457508054
20
-61.967840801036203
30
0
0
SPLINE
5
1404
100
AcDbEntity
8
0
100
AcDbSpline
70
4
71
3
72
8
73
4
74
0
42
0.000000001
43
0.0000000001
44
0.0000000001
40
0
40
0
40
0
40
0
40
1
40
1
40
1
40
1
41
1
41
1
41
1
41
1
10
51.100669457508054
20
-61.967840801036203
30
0
10
51.100669457508054
20
-61.650340801036208
30
0
10
50.994836124174732
20
-61.385757467702874
30
0
10
50.83608612417472
20
-61.385757467702874
30
0
0
SPLINE
5
1405
100
AcDbEntity
8
0
100
AcDbSpline
70
4
71
3
72
8
73
4
74
0
42
0.000000001
43
0.0000000001
44
0.0000000001
40
0
40
0
40
0
40
0
40
1
40
1
40
1
40
1
41
1
41
1
41
1
41
1
10
50.83608612417472
20
-61.385757467702874
30
0
10
50.70379445750806
20
-61.385757467702874
30
0
10
50.571502790841393
20
-61.623882467702877
30
0
10
50.571502790841393
20
-61.914924134369542
30
0
0
SPLINE
5
1406
100
AcDbEntity
8
0
100
AcDbSpline
70
4
71
3
72
8
73
4
74
0
42
0.000000001
43
0.0000000001
44
0.0000000001
40
0
40
0
40
0
40
0
40
1
40
1
40
1
40
1
41
1
41
1
41
1
41
1
10
50.571502790841393
20
-61.914924134369542
30
0
10
50.571502790841393
20
-62.205965801036214
30
0
10
50.465669457508056
20
-62.444090801036218
30
0
10
50.35983612417472
20
-62.444090801036218
30
0
0
SPLINE
5
1407
100
AcDbEntity
8
0
100
AcDbSpline
70
4
71
3
72
8
73
4
74
0
42
0.000000001
43
0.0000000001
44
0.0000000001
40
0
40
0
40
0
40
0
40
1
40
1
40
1
40
1
41
1
41
1
41
1
41
1
10
50.35983612417472
20
-62.444090801036218
30
0
10
50.227544457508053
20
-62.444090801036218
30
0
10
50.12171112417473
20
-62.100132467702878
30
0
10
50.12171112417473
20
-61.703257467702876
30
0
0
SPLINE
5
1408
100
AcDbEntity
8
0
100
AcDbSpline
70
4
71
3
72
8
73
4
74
0
42
0.000000001
43
0.0000000001
44
0.0000000001
40
0
40
0
40
0
40
0
40
1
40
1
40
1
40
1
41
1
41
1
41
1
41
1
10
50.12171112417473
20
-61.703257467702876
30
0
10
50.12171112417473
20
-61.121174134369546
30
0
10
50.25400279084139
20
-60.962424134369542
30
0
10
50.677336124174737
20
-60.988882467702879
30
0
0
SPLINE
5
1409
100
AcDbEntity
8
0
100
AcDbSpline
70
4
71
3
72
8
73
4
74
0
42
0.000000001
43
0.0000000001
44
0.0000000001
40
0
40
0
40
0
40
0
40
1
40
1
40
1
40
1
41
1
41
1
41
1
41
1
10
50.677336124174737
20
-60.988882467702879
30
0
10
50.968377790841394
20
-61.015340801036217
30
0
10
51.312336124174735
20
-61.227007467702876
30
0
10
51.471086124174732
20
-61.465132467702865
30
0
0
SPLINE
5
1410
100
AcDbEntity
8
0
100
AcDbSpline
70
4
71
3
72
8
73
4
74
0
42
0.000000001
43
0.0000000001
44
0.0000000001
40
0
40
0
40
0
40
0
40
1
40
1
40
1
40
1
41
1
41
1
41
1
41
1
10
61.525252790841392
20
-62.100132467702878
30
0
10
61.049002790841399
20
-64.058049134369554
30
0
10
59.408586124174732
20
-65.724924134369545
30
0
10
57.688794457508067
20
-66.015965801036216
30
0
0
SPLINE
5
1411
100
AcDbEntity
8
0
100
AcDbSpline
70
4
71
3
72
8
73
4
74
0
42
0.000000001
43
0.0000000001
44
0.0000000001
40
0
40
0
40
0
40
0
40
1
40
1
40
1
40
1
41
1
41
1
41
1
41
1
10
57.688794457508067
20
-66.015965801036216
30
0
10
57.106711124174723
20
-66.121799134369539
30
0
10
56.604002790841399
20
-66.307007467702888
30
0
10
56.49816945750807
20
-66.439299134369548
30
0
0
SPLINE
5
1412
100
AcDbEntity
8
0
100
AcDbSpline
70
4
71
3
72
8
73
4
74
0
42
0.000000001
43
0.0000000001
44
0.0000000001
40
0
40
0
40
0
40
0
40
1
40
1
40
1
40
1
41
1
41
1
41
1
41
1
10
56.49816945750807
20
-66.439299134369548
30
0
10
56.418794457508064
20
-66.571590801036223
30
0
10
56.127752790841392
20
-66.677424134369545
30
0
10
55.836711124174734
20
-66.677424134369545
30
0
0
SPLINE
5
1413
100
AcDbEntity
8
0
100
AcDbSpline
70
4
71
3
72
8
73
4
74
0
42
0.000000001
43
0.0000000001
44
0.0000000001
40
0
40
0
40
0
40
0
40
1
40
1
40
1
40
1
41
1
41
1
41
1
41
1
10
55.836711124174734
20
-66.677424134369545
30
0
10
55.5721277908414
20
-66.677424134369545
30
0
10
55.334002790841396
20
-66.783257467702867
30
0
10
55.334002790841396
20
-66.915549134369542
30
0
0
SPLINE
5
1414
100
AcDbEntity
8
0
100
AcDbSpline
70
4
71
3
72
8
73
4
74
0
42
0.000000001
43
0.0000000001
44
0.0000000001
40
0
40
0
40
0
40
0
40
1
40
1
40
1
40
1
41
1
41
1
41
1
41
1
10
55.334002790841396
20
-66.915549134369542
30
0
10
55.334002790841396
20
-67.047840801036202
30
0
10
55.095877790841399
20
-67.206590801036214
30
0
10
54.831294457508065
20
-67.285965801036212
30
0
0
SPLINE
5
1415
100
AcDbEntity
8
0
100
AcDbSpline
70
4
71
3
72
8
73
4
74
0
42
0.000000001
43
0.0000000001
44
0.0000000001
40
0
40
0
40
0
40
0
40
1
40
1
40
1
40
1
41
1
41
1
41
1
41
1
10
54.831294457508065
20
-67.285965801036212
30
0
10
54.540252790841393
20
-67.338882467702888
30
0
10
53.984627790841401
20
-67.920965801036203
30
0
10
53.561294457508062
20
-68.529507467702885
30
0
0
SPLINE
5
1416
100
AcDbEntity
8
0
100
AcDbSpline
70
4
71
3
72
8
73
4
74
0
42
0.000000001
43
0.0000000001
44
0.0000000001
40
0
40
0
40
0
40
0
40
1
40
1
40
1
40
1
41
1
41
1
41
1
41
1
10
53.561294457508062
20
-68.529507467702885
30
0
10
52.68816945750806
20
-69.825965801036205
30
0
10
50.465669457508056
20
-72.630549134369545
30
0
10
49.6190027908414
20
-73.503674134369547
30
0
0
SPLINE
5
1417
100
AcDbEntity
8
0
100
AcDbSpline
70
4
71
3
72
8
73
4
74
0
42
0.000000001
43
0.0000000001
44
0.0000000001
40
0
40
0
40
0
40
0
40
1
40
1
40
1
40
1
41
1
41
1
41
1
41
1
10
49.6190027908414
20
-73.503674134369547
30
0
10
49.142752790841399
20
-74.006382467702878
30
0
10
48.984002790841394
20
-74.03284080103623
30
0
10
48.798794457508059
20
-73.741799134369543
30
0
0
SPLINE
5
1418
100
AcDbEntity
8
0
100
AcDbSpline
70
4
71
3
72
8
73
4
74
0
42
0.000000001
43
0.0000000001
44
0.0000000001
40
0
40
0
40
0
40
0
40
1
40
1
40
1
40
1
41
1
41
1
41
1
41
1
10
48.798794457508059
20
-73.741799134369543
30
0
10
48.69296112417473
20
-73.556590801036208
30
0
10
48.190252790841384
20
-73.106799134369552
30
0
10
47.740461124174729
20
-72.762840801036205
30
0
0
LINE
5
1419
100
AcDbEntity
8
0
100
AcDbLine
10
47.740461124174736
20
-72.762840801036205
30
0
11
46.867336124174727
21
-72.127840801036214
31
0
0
LINE
5
1420
100
AcDbEntity
8
0
100
AcDbLine
10
46.867336124174727
20
-72.127840801036214
30
0
11
47.502336124174739
21
-71.704507467702882
31
0
0
SPLINE
5
1421
100
AcDbEntity
8
0
100
AcDbSpline
70
4
71
3
72
8
73
4
74
0
42
0.000000001
43
0.0000000001
44
0.0000000001
40
0
40
0
40
0
40
0
40
1
40
1
40
1
40
1
41
1
41
1
41
1
41
1
10
47.502336124174732
20
-71.704507467702882
30
0
10
48.904627790841388
20
-70.804924134369557
30
0
10
53.16441945750806
20
-66.174715801036228
30
0
10
53.349627790841396
20
-65.407424134369549
30
0
0
SPLINE
5
1422
100
AcDbEntity
8
0
100
AcDbSpline
70
4
71
3
72
8
73
4
74
0
42
0.000000001
43
0.0000000001
44
0.0000000001
40
0
40
0
40
0
40
0
40
1
40
1
40
1
40
1
41
1
41
1
41
1
41
1
10
53.349627790841396
20
-65.407424134369549
30
0
10
53.429002790841395
20
-64.957632467702879
30
0
10
53.720044457508067
20
-64.428465801036211
30
0
10
53.958169457508063
20
-64.216799134369552
30
0
0
SPLINE
5
1423
100
AcDbEntity
8
0
100
AcDbSpline
70
4
71
3
72
8
73
4
74
0
42
0.000000001
43
0.0000000001
44
0.0000000001
40
0
40
0
40
0
40
0
40
1
40
1
40
1
40
1
41
1
41
1
41
1
41
1
10
53.958169457508063
20
-64.216799134369552
30
0
10
54.751919457508066
20
-63.502424134369548
30
0
10
58.614836124174737
20
-61.862007467702867
30
0
10
59.964211124174724
20
-61.650340801036208
30
0
0
SPLINE
5
1424
100
AcDbEntity
8
0
100
AcDbSpline
70
4
71
3
72
8
73
4
74
0
42
0.000000001
43
0.0000000001
44
0.0000000001
40
0
40
0
40
0
40
0
40
1
40
1
40
1
40
1
41
1
41
1
41
1
41
1
10
59.964211124174724
20
-61.650340801036208
30
0
10
60.705044457508066
20
-61.544507467702886
30
0
10
61.366502790841402
20
-61.438674134369542
30
0
10
61.498794457508055
20
-61.412215801036218
30
0
0
SPLINE
5
1425
100
AcDbEntity
8
0
100
AcDbSpline
70
4
71
3
72
8
73
4
74
0
42
0.000000001
43
0.0000000001
44
0.0000000001
40
0
40
0
40
0
40
0
40
1
40
1
40
1
40
1
41
1
41
1
41
1
41
1
10
61.498794457508055
20
-61.412215801036218
30
0
10
61.604627790841405
20
-61.412215801036218
30
0
10
61.604627790841405
20
-61.703257467702876
30
0
10
61.525252790841392
20
-62.100132467702878
30
0
0
SPLINE
5
1426
100
AcDbEntity
8
0
100
AcDbSpline
70
4
71
3
72
8
73
4
74
0
42
0.000000001
43
0.0000000001
44
0.0000000001
40
0
40
0
40
0
40
0
40
1
40
1
40
1
40
1
41
1
41
1
41
1
41
1
10
24.060252790841396
20
-62.391174134369535
30
0
10
24.774627790841386
20
-62.86742413436955
30
0
10
25.621294457508057
20
-63.264299134369551
30
0
10
26.626711124174722
20
-63.661174134369546
30
0
0
LINE
5
1427
100
AcDbEntity
8
0
100
AcDbLine
10
26.626711124174719
20
-63.661174134369546
30
0
11
27.155877790841387
21
-63.846382467702867
31
0
0
LINE
5
1428
100
AcDbEntity
8
0
100
AcDbLine
10
27.155877790841387
20
-63.846382467702867
30
0
11
26.626711124174722
21
-63.978674134369541
31
0
0
SPLINE
5
1429
100
AcDbEntity
8
0
100
AcDbSpline
70
4
71
3
72
8
73
4
74
0
42
0.000000001
43
0.0000000001
44
0.0000000001
40
0
40
0
40
0
40
0
40
1
40
1
40
1
40
1
41
1
41
1
41
1
41
1
10
26.626711124174722
20
-63.978674134369541
30
0
10
26.335669457508057
20
-64.031590801036216
30
0
10
25.700669457508056
20
-64.428465801036211
30
0
10
25.224419457508063
20
-64.851799134369543
30
0
0
SPLINE
5
1430
100
AcDbEntity
8
0
100
AcDbSpline
70
4
71
3
72
8
73
4
74
0
42
0.000000001
43
0.0000000001
44
0.0000000001
40
0
40
0
40
0
40
0
40
1
40
1
40
1
40
1
41
1
41
1
41
1
41
1
10
25.224419457508063
20
-64.851799134369543
30
0
10
24.324836124174727
20
-65.64554913436956
30
0
10
23.848586124174716
20
-65.804299134369543
30
0
10
23.848586124174716
20
-65.354507467702888
30
0
0
SPLINE
5
1431
100
AcDbEntity
8
0
100
AcDbSpline
70
4
71
3
72
8
73
4
74
0
42
0.000000001
43
0.0000000001
44
0.0000000001
40
0
40
0
40
0
40
0
40
1
40
1
40
1
40
1
41
1
41
1
41
1
41
1
10
23.848586124174716
20
-65.354507467702888
30
0
10
23.848586124174716
20
-65.195757467702876
30
0
10
23.954419457508056
20
-65.089924134369554
30
0
10
24.08671112417472
20
-65.089924134369554
30
0
0
SPLINE
5
1432
100
AcDbEntity
8
0
100
AcDbSpline
70
4
71
3
72
8
73
4
74
0
42
0.000000001
43
0.0000000001
44
0.0000000001
40
0
40
0
40
0
40
0
40
1
40
1
40
1
40
1
41
1
41
1
41
1
41
1
10
24.08671112417472
20
-65.089924134369554
30
0
10
24.192544457508056
20
-65.089924134369554
30
0
10
24.642336124174726
20
-64.825340801036219
30
0
10
25.03921112417472
20
-64.507840801036195
30
0
0
SPLINE
5
1433
100
AcDbEntity
8
0
100
AcDbSpline
70
4
71
3
72
8
73
4
74
0
42
0.000000001
43
0.0000000001
44
0.0000000001
40
0
40
0
40
0
40
0
40
1
40
1
40
1
40
1
41
1
41
1
41
1
41
1
10
25.03921112417472
20
-64.507840801036195
30
0
10
25.647752790841388
20
-64.031590801036216
30
0
10
25.700669457508056
20
-63.925757467702894
30
0
10
25.330252790841392
20
-63.714090801036207
30
0
0
SPLINE
5
1434
100
AcDbEntity
8
0
100
AcDbSpline
70
4
71
3
72
8
73
4
74
0
42
0.000000001
43
0.0000000001
44
0.0000000001
40
0
40
0
40
0
40
0
40
1
40
1
40
1
40
1
41
1
41
1
41
1
41
1
10
25.330252790841392
20
-63.714090801036207
30
0
10
25.092127790841392
20
-63.581799134369533
30
0
10
24.774627790841386
20
-63.555340801036209
30
0
10
24.615877790841392
20
-63.661174134369546
30
0
0
SPLINE
5
1435
100
AcDbEntity
8
0
100
AcDbSpline
70
4
71
3
72
8
73
4
74
0
42
0.000000001
43
0.0000000001
44
0.0000000001
40
0
40
0
40
0
40
0
40
1
40
1
40
1
40
1
41
1
41
1
41
1
41
1
10
24.615877790841392
20
-63.661174134369546
30
0
10
24.45712779084139
20
-63.740549134369537
30
0
10
24.060252790841396
20
-63.555340801036209
30
0
10
23.716294457508056
20
-63.237840801036214
30
0
0
LINE
5
1436
100
AcDbEntity
8
0
100
AcDbLine
10
23.716294457508056
20
-63.237840801036214
30
0
11
23.107752790841396
21
-62.65575746770287
31
0
0
LINE
5
1437
100
AcDbEntity
8
0
100
AcDbLine
10
23.107752790841396
20
-62.65575746770287
30
0
11
22.922544457508053
21
-63.475965801036203
31
0
0
SPLINE
5
1438
100
AcDbEntity
8
0
100
AcDbSpline
70
4
71
3
72
8
73
4
74
0
42
0.000000001
43
0.0000000001
44
0.0000000001
40
0
40
0
40
0
40
0
40
1
40
1
40
1
40
1
41
1
41
1
41
1
41
1
10
22.922544457508049
20
-63.475965801036203
30
0
10
22.816711124174731
20
-63.925757467702894
30
0
10
22.631502790841385
20
-64.375549134369535
30
0
10
22.47275279084139
20
-64.454924134369548
30
0
0
SPLINE
5
1439
100
AcDbEntity
8
0
100
AcDbSpline
70
4
71
3
72
8
73
4
74
0
42
0.000000001
43
0.0000000001
44
0.0000000001
40
0
40
0
40
0
40
0
40
1
40
1
40
1
40
1
41
1
41
1
41
1
41
1
10
22.47275279084139
20
-64.454924134369548
30
0
10
22.261086124174724
20
-64.587215801036223
30
0
10
22.23462779084139
20
-64.428465801036211
30
0
10
22.366919457508054
20
-64.005132467702865
30
0
0
SPLINE
5
1440
100
AcDbEntity
8
0
100
AcDbSpline
70
4
71
3
72
8
73
4
74
0
42
0.000000001
43
0.0000000001
44
0.0000000001
40
0
40
0
40
0
40
0
40
1
40
1
40
1
40
1
41
1
41
1
41
1
41
1
10
22.366919457508054
20
-64.005132467702865
30
0
10
22.44629445750806
20
-63.661174134369546
30
0
10
22.60504445750805
20
-63.052632467702871
30
0
10
22.684419457508056
20
-62.629299134369546
30
0
0
SPLINE
5
1441
100
AcDbEntity
8
0
100
AcDbSpline
70
4
71
3
72
8
73
4
74
0
42
0.000000001
43
0.0000000001
44
0.0000000001
40
0
40
0
40
0
40
0
40
1
40
1
40
1
40
1
41
1
41
1
41
1
41
1
10
22.684419457508056
20
-62.629299134369546
30
0
10
22.896086124174726
20
-61.782632467702882
30
0
10
23.107752790841396
20
-61.756174134369537
30
0
10
24.060252790841396
20
-62.391174134369535
30
0
0
SPLINE
5
1442
100
AcDbEntity
8
0
100
AcDbSpline
70
4
71
3
72
8
73
4
74
0
42
0.000000001
43
0.0000000001
44
0.0000000001
40
0
40
0
40
0
40
0
40
1
40
1
40
1
40
1
41
1
41
1
41
1
41
1
10
36.601502790841394
20
-62.682215801036207
30
0
10
36.945461124174727
20
-62.814507467702882
30
0
10
37.924419457508058
20
-63.132007467702884
30
0
10
38.771086124174722
20
-63.396590801036218
30
0
0
SPLINE
5
1443
100
AcDbEntity
8
0
100
AcDbSpline
70
4
71
3
72
8
73
4
74
0
42
0.000000001
43
0.0000000001
44
0.0000000001
40
0
40
0
40
0
40
0
40
1
40
1
40
1
40
1
41
1
41
1
41
1
41
1
10
38.771086124174722
20
-63.396590801036218
30
0
10
40.88775279084139
20
-64.084507467702878
30
0
10
42.104836124174724
20
-65.195757467702876
30
0
10
42.104836124174724
20
-66.518674134369547
30
0
0
SPLINE
5
1444
100
AcDbEntity
8
0
100
AcDbSpline
70
4
71
3
72
8
73
4
74
0
42
0.000000001
43
0.0000000001
44
0.0000000001
40
0
40
0
40
0
40
0
40
1
40
1
40
1
40
1
41
1
41
1
41
1
41
1
10
42.104836124174724
20
-66.518674134369547
30
0
10
42.104836124174724
20
-67.047840801036202
30
0
10
41.866711124174728
20
-68.000340801036216
30
0
10
41.575669457508056
20
-68.582424134369546
30
0
0
SPLINE
5
1445
100
AcDbEntity
8
0
100
AcDbSpline
70
4
71
3
72
8
73
4
74
0
42
0.000000001
43
0.0000000001
44
0.0000000001
40
0
40
0
40
0
40
0
40
1
40
1
40
1
40
1
41
1
41
1
41
1
41
1
10
41.575669457508056
20
-68.582424134369546
30
0
10
40.88775279084139
20
-69.984715801036216
30
0
10
41.072961124174725
20
-70.143465801036214
30
0
10
41.97254445750805
20
-68.952840801036217
30
0
0
SPLINE
5
1446
100
AcDbEntity
8
0
100
AcDbSpline
70
4
71
3
72
8
73
4
74
0
42
0.000000001
43
0.0000000001
44
0.0000000001
40
0
40
0
40
0
40
0
40
1
40
1
40
1
40
1
41
1
41
1
41
1
41
1
10
41.97254445750805
20
-68.952840801036217
30
0
10
42.422336124174727
20
-68.370757467702873
30
0
10
42.73983612417473
20
-67.524090801036209
30
0
10
42.819211124174728
20
-66.809715801036219
30
0
0
LINE
5
1447
100
AcDbEntity
8
0
100
AcDbLine
10
42.819211124174743
20
-66.809715801036219
30
0
11
42.977961124174726
21
-65.64554913436956
31
0
0
LINE
5
1448
100
AcDbEntity
8
0
100
AcDbLine
10
42.977961124174726
20
-65.64554913436956
30
0
11
43.665877790841392
21
-66.015965801036216
31
0
0
SPLINE
5
1449
100
AcDbEntity
8
0
100
AcDbSpline
70
4
71
3
72
8
73
4
74
0
42
0.000000001
43
0.0000000001
44
0.0000000001
40
0
40
0
40
0
40
0
40
1
40
1
40
1
40
1
41
1
41
1
41
1
41
1
10
43.665877790841392
20
-66.015965801036216
30
0
10
44.036294457508056
20
-66.227632467702875
30
0
10
45.068169457508063
20
-67.021382467702878
30
0
10
45.914836124174727
20
-67.788674134369543
30
0
0
SPLINE
5
1450
100
AcDbEntity
8
0
100
AcDbSpline
70
4
71
3
72
8
73
4
74
0
42
0.000000001
43
0.0000000001
44
0.0000000001
40
0
40
0
40
0
40
0
40
1
40
1
40
1
40
1
41
1
41
1
41
1
41
1
10
45.914836124174727
20
-67.788674134369543
30
0
10
47.581711124174717
20
-69.296799134369536
30
0
10
47.661086124174723
20
-69.693674134369545
30
0
10
46.655669457508054
20
-70.83138246770288
30
0
0
SPLINE
5
1451
100
AcDbEntity
8
0
100
AcDbSpline
70
4
71
3
72
8
73
4
74
0
42
0.000000001
43
0.0000000001
44
0.0000000001
40
0
40
0
40
0
40
0
40
1
40
1
40
1
40
1
41
1
41
1
41
1
41
1
10
46.655669457508054
20
-70.83138246770288
30
0
10
46.126502790841393
20
-71.439924134369548
30
0
10
44.247961124174736
20
-72.762840801036205
30
0
10
43.904002790841396
20
-72.762840801036205
30
0
0
SPLINE
5
1452
100
AcDbEntity
8
0
100
AcDbSpline
70
4
71
3
72
8
73
4
74
0
42
0.000000001
43
0.0000000001
44
0.0000000001
40
0
40
0
40
0
40
0
40
1
40
1
40
1
40
1
41
1
41
1
41
1
41
1
10
43.904002790841396
20
-72.762840801036205
30
0
10
43.771711124174722
20
-72.762840801036205
30
0
10
43.877544457508066
20
-72.392424134369563
30
0
10
44.089211124174724
20
-71.942632467702879
30
0
0
SPLINE
5
1453
100
AcDbEntity
8
0
100
AcDbSpline
70
4
71
3
72
8
73
4
74
0
42
0.000000001
43
0.0000000001
44
0.0000000001
40
0
40
0
40
0
40
0
40
1
40
1
40
1
40
1
41
1
41
1
41
1
41
1
10
44.089211124174724
20
-71.942632467702879
30
0
10
44.327336124174721
20
-71.492840801036209
30
0
10
44.459627790841395
20
-70.990132467702878
30
0
10
44.406711124174727
20
-70.83138246770288
30
0
0
SPLINE
5
1454
100
AcDbEntity
8
0
100
AcDbSpline
70
4
71
3
72
8
73
4
74
0
42
0.000000001
43
0.0000000001
44
0.0000000001
40
0
40
0
40
0
40
0
40
1
40
1
40
1
40
1
41
1
41
1
41
1
41
1
10
44.406711124174727
20
-70.83138246770288
30
0
10
44.353794457508052
20
-70.646174134369545
30
0
10
44.036294457508056
20
-71.016590801036216
30
0
10
43.745252790841391
20
-71.625132467702869
30
0
0
SPLINE
5
1455
100
AcDbEntity
8
0
100
AcDbSpline
70
4
71
3
72
8
73
4
74
0
42
0.000000001
43
0.0000000001
44
0.0000000001
40
0
40
0
40
0
40
0
40
1
40
1
40
1
40
1
41
1
41
1
41
1
41
1
10
43.745252790841391
20
-71.625132467702869
30
0
10
42.792752790841398
20
-73.477215801036223
30
0
10
42.31650279084139
20
-73.768257467702881
30
0
10
40.676086124174731
20
-73.53013246770287
30
0
0
SPLINE
5
1456
100
AcDbEntity
8
0
100
AcDbSpline
70
4
71
3
72
8
73
4
74
0
42
0.000000001
43
0.0000000001
44
0.0000000001
40
0
40
0
40
0
40
0
40
1
40
1
40
1
40
1
41
1
41
1
41
1
41
1
10
40.676086124174731
20
-73.53013246770287
30
0
10
39.24733612417473
20
-73.344924134369549
30
0
10
38.347752790841398
20
-73.000965801036202
30
0
10
37.580461124174718
20
-72.339507467702873
30
0
0
SPLINE
5
1457
100
AcDbEntity
8
0
100
AcDbSpline
70
4
71
3
72
8
73
4
74
0
42
0.000000001
43
0.0000000001
44
0.0000000001
40
0
40
0
40
0
40
0
40
1
40
1
40
1
40
1
41
1
41
1
41
1
41
1
10
37.580461124174718
20
-72.339507467702873
30
0
10
37.315877790841384
20
-72.101382467702877
30
0
10
35.781294457508054
20
-71.86325746770288
30
0
10
33.188377790841386
20
-71.678049134369545
30
0
0
SPLINE
5
1458
100
AcDbEntity
8
0
100
AcDbSpline
70
4
71
3
72
8
73
4
74
0
42
0.000000001
43
0.0000000001
44
0.0000000001
40
0
40
0
40
0
40
0
40
1
40
1
40
1
40
1
41
1
41
1
41
1
41
1
10
33.188377790841386
20
-71.678049134369545
30
0
10
29.590044457508064
20
-71.387007467702887
30
0
10
29.113794457508053
20
-71.28117413436955
30
0
10
28.187752790841387
20
-70.646174134369545
30
0
0
SPLINE
5
1459
100
AcDbEntity
8
0
100
AcDbSpline
70
4
71
3
72
8
73
4
74
0
42
0.000000001
43
0.0000000001
44
0.0000000001
40
0
40
0
40
0
40
0
40
1
40
1
40
1
40
1
41
1
41
1
41
1
41
1
10
28.187752790841387
20
-70.646174134369545
30
0
10
27.050044457508058
20
-69.87888246770288
30
0
10
26.970669457508059
20
-69.42909080103621
30
0
10
27.685044457508052
20
-67.338882467702888
30
0
0
SPLINE
5
1460
100
AcDbEntity
8
0
100
AcDbSpline
70
4
71
3
72
8
73
4
74
0
42
0.000000001
43
0.0000000001
44
0.0000000001
40
0
40
0
40
0
40
0
40
1
40
1
40
1
40
1
41
1
41
1
41
1
41
1
10
27.685044457508052
20
-67.338882467702888
30
0
10
28.425877790841394
20
-65.116382467702877
30
0
10
28.902127790841394
20
-64.402007467702873
30
0
10
29.960461124174724
20
-63.952215801036218
30
0
0
SPLINE
5
1461
100
AcDbEntity
8
0
100
AcDbSpline
70
4
71
3
72
8
73
4
74
0
42
0.000000001
43
0.0000000001
44
0.0000000001
40
0
40
0
40
0
40
0
40
1
40
1
40
1
40
1
41
1
41
1
41
1
41
1
10
29.960461124174724
20
-63.952215801036218
30
0
10
30.542544457508054
20
-63.714090801036207
30
0
10
31.124627790841384
20
-63.502424134369548
30
0
10
31.256919457508054
20
-63.502424134369548
30
0
0
SPLINE
5
1462
100
AcDbEntity
8
0
100
AcDbSpline
70
4
71
3
72
8
73
4
74
0
42
0.000000001
43
0.0000000001
44
0.0000000001
40
0
40
0
40
0
40
0
40
1
40
1
40
1
40
1
41
1
41
1
41
1
41
1
10
31.256919457508054
20
-63.502424134369548
30
0
10
31.415669457508059
20
-63.502424134369548
30
0
10
31.733169457508055
20
-63.396590801036218
30
0
10
31.997752790841389
20
-63.264299134369551
30
0
0
SPLINE
5
1463
100
AcDbEntity
8
0
100
AcDbSpline
70
4
71
3
72
8
73
4
74
0
42
0.000000001
43
0.0000000001
44
0.0000000001
40
0
40
0
40
0
40
0
40
1
40
1
40
1
40
1
41
1
41
1
41
1
41
1
10
31.997752790841389
20
-63.264299134369551
30
0
10
33.241294457508054
20
-62.602840801036223
30
0
10
35.649002790841394
20
-62.311799134369544
30
0
10
36.601502790841394
20
-62.682215801036207
30
0
0
SPLINE
5
1464
100
AcDbEntity
8
0
100
AcDbSpline
70
4
71
3
72
8
73
4
74
0
42
0.000000001
43
0.0000000001
44
0.0000000001
40
0
40
0
40
0
40
0
40
1
40
1
40
1
40
1
41
1
41
1
41
1
41
1
10
48.322544457508059
20
-62.708674134369545
30
0
10
48.534211124174725
20
-63.052632467702871
30
0
10
50.994836124174732
20
-63.052632467702871
30
0
10
51.656294457508061
20
-62.708674134369545
30
0
0
SPLINE
5
1465
100
AcDbEntity
8
0
100
AcDbSpline
70
4
71
3
72
8
73
4
74
0
42
0.000000001
43
0.0000000001
44
0.0000000001
40
0
40
0
40
0
40
0
40
1
40
1
40
1
40
1
41
1
41
1
41
1
41
1
10
51.656294457508061
20
-62.708674134369545
30
0
10
52.053169457508062
20
-62.497007467702879
30
0
10
52.264836124174735
20
-62.523465801036203
30
0
10
52.555877790841386
20
-62.814507467702882
30
0
0
SPLINE
5
1466
100
AcDbEntity
8
0
100
AcDbSpline
70
4
71
3
72
8
73
4
74
0
42
0.000000001
43
0.0000000001
44
0.0000000001
40
0
40
0
40
0
40
0
40
1
40
1
40
1
40
1
41
1
41
1
41
1
41
1
10
52.555877790841386
20
-62.814507467702882
30
0
10
52.767544457508066
20
-63.026174134369548
30
0
10
52.952752790841387
20
-63.264299134369551
30
0
10
52.952752790841387
20
-63.343674134369543
30
0
0
SPLINE
5
1467
100
AcDbEntity
8
0
100
AcDbSpline
70
4
71
3
72
8
73
4
74
0
42
0.000000001
43
0.0000000001
44
0.0000000001
40
0
40
0
40
0
40
0
40
1
40
1
40
1
40
1
41
1
41
1
41
1
41
1
10
52.952752790841387
20
-63.343674134369543
30
0
10
52.952752790841387
20
-63.661174134369546
30
0
10
52.21191945750806
20
-63.502424134369548
30
0
10
52.079627790841386
20
-63.158465801036208
30
0
0
SPLINE
5
1468
100
AcDbEntity
8
0
100
AcDbSpline
70
4
71
3
72
8
73
4
74
0
42
0.000000001
43
0.0000000001
44
0.0000000001
40
0
40
0
40
0
40
0
40
1
40
1
40
1
40
1
41
1
41
1
41
1
41
1
10
52.079627790841386
20
-63.158465801036208
30
0
10
51.973794457508056
20
-62.973257467702879
30
0
10
51.920877790841395
20
-62.999715801036224
30
0
10
51.920877790841395
20
-63.264299134369551
30
0
0
SPLINE
5
1469
100
AcDbEntity
8
0
100
AcDbSpline
70
4
71
3
72
8
73
4
74
0
42
0.000000001
43
0.0000000001
44
0.0000000001
40
0
40
0
40
0
40
0
40
1
40
1
40
1
40
1
41
1
41
1
41
1
41
1
10
51.920877790841395
20
-63.264299134369551
30
0
10
51.894419457508064
20
-63.714090801036207
30
0
10
50.174627790841399
20
-64.296174134369551
30
0
10
48.878169457508065
20
-64.296174134369551
30
0
0
SPLINE
5
1470
100
AcDbEntity
8
0
100
AcDbSpline
70
4
71
3
72
8
73
4
74
0
42
0.000000001
43
0.0000000001
44
0.0000000001
40
0
40
0
40
0
40
0
40
1
40
1
40
1
40
1
41
1
41
1
41
1
41
1
10
48.878169457508065
20
-64.296174134369551
30
0
10
48.507752790841387
20
-64.296174134369551
30
0
10
48.190252790841384
20
-64.402007467702873
30
0
10
48.190252790841384
20
-64.560757467702871
30
0
0
SPLINE
5
1471
100
AcDbEntity
8
0
100
AcDbSpline
70
4
71
3
72
8
73
4
74
0
42
0.000000001
43
0.0000000001
44
0.0000000001
40
0
40
0
40
0
40
0
40
1
40
1
40
1
40
1
41
1
41
1
41
1
41
1
10
48.190252790841384
20
-64.560757467702871
30
0
10
48.190252790841384
20
-64.693049134369545
30
0
10
48.454836124174719
20
-64.825340801036219
30
0
10
48.745877790841391
20
-64.825340801036219
30
0
0
SPLINE
5
1472
100
AcDbEntity
8
0
100
AcDbSpline
70
4
71
3
72
8
73
4
74
0
42
0.000000001
43
0.0000000001
44
0.0000000001
40
0
40
0
40
0
40
0
40
1
40
1
40
1
40
1
41
1
41
1
41
1
41
1
10
48.745877790841391
20
-64.825340801036219
30
0
10
49.460252790841395
20
-64.825340801036219
30
0
10
51.41816945750805
20
-64.269715801036213
30
0
10
51.76212779084139
20
-63.978674134369541
30
0
0
SPLINE
5
1473
100
AcDbEntity
8
0
100
AcDbSpline
70
4
71
3
72
8
73
4
74
0
42
0.000000001
43
0.0000000001
44
0.0000000001
40
0
40
0
40
0
40
0
40
1
40
1
40
1
40
1
41
1
41
1
41
1
41
1
10
51.76212779084139
20
-63.978674134369541
30
0
10
51.894419457508064
20
-63.872840801036205
30
0
10
52.23837779084139
20
-63.767007467702882
30
0
10
52.502961124174732
20
-63.767007467702882
30
0
0
SPLINE
5
1474
100
AcDbEntity
8
0
100
AcDbSpline
70
4
71
3
72
8
73
4
74
0
42
0.000000001
43
0.0000000001
44
0.0000000001
40
0
40
0
40
0
40
0
40
1
40
1
40
1
40
1
41
1
41
1
41
1
41
1
10
52.502961124174732
20
-63.767007467702882
30
0
10
52.952752790841387
20
-63.767007467702882
30
0
10
53.005669457508056
20
-63.899299134369549
30
0
10
52.873377790841388
20
-64.851799134369543
30
0
0
SPLINE
5
1475
100
AcDbEntity
8
0
100
AcDbSpline
70
4
71
3
72
8
73
4
74
0
42
0.000000001
43
0.0000000001
44
0.0000000001
40
0
40
0
40
0
40
0
40
1
40
1
40
1
40
1
41
1
41
1
41
1
41
1
10
52.873377790841388
20
-64.851799134369543
30
0
10
52.714627790841398
20
-66.042424134369554
30
0
10
51.76212779084139
20
-67.259507467702875
30
0
10
51.127127790841399
20
-67.100757467702891
30
0
0
SPLINE
5
1476
100
AcDbEntity
8
0
100
AcDbSpline
70
4
71
3
72
8
73
4
74
0
42
0.000000001
43
0.0000000001
44
0.0000000001
40
0
40
0
40
0
40
0
40
1
40
1
40
1
40
1
41
1
41
1
41
1
41
1
10
51.127127790841399
20
-67.100757467702891
30
0
10
50.889002790841388
20
-67.047840801036202
30
0
10
50.386294457508065
20
-66.915549134369542
30
0
10
49.989419457508063
20
-66.836174134369557
30
0
0
SPLINE
5
1477
100
AcDbEntity
8
0
100
AcDbSpline
70
4
71
3
72
8
73
4
74
0
42
0.000000001
43
0.0000000001
44
0.0000000001
40
0
40
0
40
0
40
0
40
1
40
1
40
1
40
1
41
1
41
1
41
1
41
1
10
49.989419457508063
20
-66.836174134369557
30
0
10
49.566086124174724
20
-66.730340801036206
30
0
10
49.275044457508059
20
-66.518674134369547
30
0
10
49.32796112417472
20
-66.333465801036212
30
0
0
SPLINE
5
1478
100
AcDbEntity
8
0
100
AcDbSpline
70
4
71
3
72
8
73
4
74
0
42
0.000000001
43
0.0000000001
44
0.0000000001
40
0
40
0
40
0
40
0
40
1
40
1
40
1
40
1
41
1
41
1
41
1
41
1
10
49.32796112417472
20
-66.333465801036212
30
0
10
49.354419457508065
20
-66.148257467702877
30
0
10
49.116294457508054
20
-66.015965801036216
30
0
10
48.798794457508059
20
-66.042424134369554
30
0
0
SPLINE
5
1479
100
AcDbEntity
8
0
100
AcDbSpline
70
4
71
3
72
8
73
4
74
0
42
0.000000001
43
0.0000000001
44
0.0000000001
40
0
40
0
40
0
40
0
40
1
40
1
40
1
40
1
41
1
41
1
41
1
41
1
10
48.798794457508059
20
-66.042424134369554
30
0
10
48.481294457508064
20
-66.042424134369554
30
0
10
48.269627790841398
20
-65.963049134369541
30
0
10
48.349002790841396
20
-65.830757467702867
30
0
0
SPLINE
5
1480
100
AcDbEntity
8
0
100
AcDbSpline
70
4
71
3
72
8
73
4
74
0
42
0.000000001
43
0.0000000001
44
0.0000000001
40
0
40
0
40
0
40
0
40
1
40
1
40
1
40
1
41
1
41
1
41
1
41
1
10
48.349002790841396
20
-65.830757467702867
30
0
10
48.428377790841395
20
-65.724924134369545
30
0
10
48.931086124174726
20
-65.619090801036208
30
0
10
49.486711124174732
20
-65.619090801036208
30
0
0
SPLINE
5
1481
100
AcDbEntity
8
0
100
AcDbSpline
70
4
71
3
72
8
73
4
74
0
42
0.000000001
43
0.0000000001
44
0.0000000001
40
0
40
0
40
0
40
0
40
1
40
1
40
1
40
1
41
1
41
1
41
1
41
1
10
49.486711124174732
20
-65.619090801036208
30
0
10
50.889002790841388
20
-65.619090801036208
30
0
10
52.159002790841392
20
-65.328049134369536
30
0
10
52.159002790841392
20
-65.037007467702864
30
0
0
SPLINE
5
1482
100
AcDbEntity
8
0
100
AcDbSpline
70
4
71
3
72
8
73
4
74
0
42
0.000000001
43
0.0000000001
44
0.0000000001
40
0
40
0
40
0
40
0
40
1
40
1
40
1
40
1
41
1
41
1
41
1
41
1
10
52.159002790841392
20
-65.037007467702864
30
0
10
52.159002790841392
20
-64.878257467702866
30
0
10
51.867961124174741
20
-64.851799134369543
30
0
10
51.497544457508056
20
-64.931174134369542
30
0
0
SPLINE
5
1483
100
AcDbEntity
8
0
100
AcDbSpline
70
4
71
3
72
8
73
4
74
0
42
0.000000001
43
0.0000000001
44
0.0000000001
40
0
40
0
40
0
40
0
40
1
40
1
40
1
40
1
41
1
41
1
41
1
41
1
10
51.497544457508056
20
-64.931174134369542
30
0
10
51.047752790841386
20
-65.037007467702864
30
0
10
50.83608612417472
20
-64.984090801036217
30
0
10
50.83608612417472
20
-64.77242413436953
30
0
0
SPLINE
5
1484
100
AcDbEntity
8
0
100
AcDbSpline
70
4
71
3
72
8
73
4
74
0
42
0.000000001
43
0.0000000001
44
0.0000000001
40
0
40
0
40
0
40
0
40
1
40
1
40
1
40
1
41
1
41
1
41
1
41
1
10
50.83608612417472
20
-64.77242413436953
30
0
10
50.809627790841397
20
-64.560757467702871
30
0
10
50.677336124174737
20
-64.613674134369546
30
0
10
50.465669457508056
20
-64.904715801036204
30
0
0
SPLINE
5
1485
100
AcDbEntity
8
0
100
AcDbSpline
70
4
71
3
72
8
73
4
74
0
42
0.000000001
43
0.0000000001
44
0.0000000001
40
0
40
0
40
0
40
0
40
1
40
1
40
1
40
1
41
1
41
1
41
1
41
1
10
50.465669457508056
20
-64.904715801036204
30
0
10
50.201086124174729
20
-65.222215801036214
30
0
10
49.91004445750805
20
-65.328049134369536
30
0
10
49.486711124174732
20
-65.222215801036214
30
0
0
SPLINE
5
1486
100
AcDbEntity
8
0
100
AcDbSpline
70
4
71
3
72
8
73
4
74
0
42
0.000000001
43
0.0000000001
44
0.0000000001
40
0
40
0
40
0
40
0
40
1
40
1
40
1
40
1
41
1
41
1
41
1
41
1
10
49.486711124174732
20
-65.222215801036214
30
0
10
48.666502790841399
20
-65.010549134369541
30
0
10
47.766919457508067
20
-65.64554913436956
30
0
10
48.005044457508063
20
-66.280549134369551
30
0
0
SPLINE
5
1487
100
AcDbEntity
8
0
100
AcDbSpline
70
4
71
3
72
8
73
4
74
0
42
0.000000001
43
0.0000000001
44
0.0000000001
40
0
40
0
40
0
40
0
40
1
40
1
40
1
40
1
41
1
41
1
41
1
41
1
10
48.005044457508063
20
-66.280549134369551
30
0
10
48.163794457508061
20
-66.650965801036207
30
0
10
48.269627790841398
20
-66.677424134369545
30
0
10
48.587127790841393
20
-66.412840801036211
30
0
0
SPLINE
5
1488
100
AcDbEntity
8
0
100
AcDbSpline
70
4
71
3
72
8
73
4
74
0
42
0.000000001
43
0.0000000001
44
0.0000000001
40
0
40
0
40
0
40
0
40
1
40
1
40
1
40
1
41
1
41
1
41
1
41
1
10
48.587127790841393
20
-66.412840801036211
30
0
10
48.851711124174727
20
-66.201174134369552
30
0
10
48.984002790841394
20
-66.174715801036228
30
0
10
48.984002790841394
20
-66.386382467702873
30
0
0
SPLINE
5
1489
100
AcDbEntity
8
0
100
AcDbSpline
70
4
71
3
72
8
73
4
74
0
42
0.000000001
43
0.0000000001
44
0.0000000001
40
0
40
0
40
0
40
0
40
1
40
1
40
1
40
1
41
1
41
1
41
1
41
1
10
48.984002790841394
20
-66.386382467702873
30
0
10
48.984002790841394
20
-66.650965801036207
30
0
10
48.69296112417473
20
-66.75679913436953
30
0
10
46.893794457508065
20
-67.047840801036202
30
0
0
SPLINE
5
1490
100
AcDbEntity
8
0
100
AcDbSpline
70
4
71
3
72
8
73
4
74
0
42
0.000000001
43
0.0000000001
44
0.0000000001
40
0
40
0
40
0
40
0
40
1
40
1
40
1
40
1
41
1
41
1
41
1
41
1
10
46.893794457508065
20
-67.047840801036202
30
0
10
45.650252790841392
20
-67.259507467702875
30
0
10
44.591919457508062
20
-66.465757467702872
30
0
10
44.406711124174727
20
-65.169299134369538
30
0
0
SPLINE
5
1491
100
AcDbEntity
8
0
100
AcDbSpline
70
4
71
3
72
8
73
4
74
0
42
0.000000001
43
0.0000000001
44
0.0000000001
40
0
40
0
40
0
40
0
40
1
40
1
40
1
40
1
41
1
41
1
41
1
41
1
10
44.406711124174727
20
-65.169299134369538
30
0
10
44.327336124174721
20
-64.613674134369546
30
0
10
44.195044457508061
20
-63.899299134369549
30
0
10
44.089211124174724
20
-63.581799134369533
30
0
0
SPLINE
5
1492
100
AcDbEntity
8
0
100
AcDbSpline
70
4
71
3
72
8
73
4
74
0
42
0.000000001
43
0.0000000001
44
0.0000000001
40
0
40
0
40
0
40
0
40
1
40
1
40
1
40
1
41
1
41
1
41
1
41
1
10
44.089211124174724
20
-63.581799134369533
30
0
10
43.930461124174727
20
-63.105549134369539
30
0
10
44.036294457508056
20
-62.920340801036197
30
0
10
44.512544457508064
20
-62.73513246770289
30
0
0
SPLINE
5
1493
100
AcDbEntity
8
0
100
AcDbSpline
70
4
71
3
72
8
73
4
74
0
42
0.000000001
43
0.0000000001
44
0.0000000001
40
0
40
0
40
0
40
0
40
1
40
1
40
1
40
1
41
1
41
1
41
1
41
1
10
44.512544457508064
20
-62.73513246770289
30
0
10
45.359211124174728
20
-62.391174134369535
30
0
10
48.110877790841393
20
-62.364715801036212
30
0
10
48.322544457508059
20
-62.708674134369545
30
0
0
SPLINE
5
1494
100
AcDbEntity
8
0
100
AcDbSpline
70
4
71
3
72
8
73
4
74
0
42
0.000000001
43
0.0000000001
44
0.0000000001
40
0
40
0
40
0
40
0
40
1
40
1
40
1
40
1
41
1
41
1
41
1
41
1
10
42.369419457508059
20
-63.370132467702888
30
0
10
42.76629445750806
20
-64.428465801036211
30
0
10
42.89858612417472
20
-65.354507467702888
30
0
10
42.607544457508055
20
-65.354507467702888
30
0
0
SPLINE
5
1495
100
AcDbEntity
8
0
100
AcDbSpline
70
4
71
3
72
8
73
4
74
0
42
0.000000001
43
0.0000000001
44
0.0000000001
40
0
40
0
40
0
40
0
40
1
40
1
40
1
40
1
41
1
41
1
41
1
41
1
10
42.607544457508055
20
-65.354507467702888
30
0
10
42.475252790841395
20
-65.354507467702888
30
0
10
42.29004445750806
20
-65.142840801036215
30
0
10
42.210669457508061
20
-64.878257467702866
30
0
0
SPLINE
5
1496
100
AcDbEntity
8
0
100
AcDbSpline
70
4
71
3
72
8
73
4
74
0
42
0.000000001
43
0.0000000001
44
0.0000000001
40
0
40
0
40
0
40
0
40
1
40
1
40
1
40
1
41
1
41
1
41
1
41
1
10
42.210669457508061
20
-64.878257467702866
30
0
10
42.131294457508062
20
-64.64013246770287
30
0
10
41.946086124174727
20
-64.216799134369552
30
0
10
41.81379445750806
20
-63.978674134369541
30
0
0
SPLINE
5
1497
100
AcDbEntity
8
0
100
AcDbSpline
70
4
71
3
72
8
73
4
74
0
42
0.000000001
43
0.0000000001
44
0.0000000001
40
0
40
0
40
0
40
0
40
1
40
1
40
1
40
1
41
1
41
1
41
1
41
1
10
41.81379445750806
20
-63.978674134369541
30
0
10
41.496294457508057
20
-63.370132467702888
30
0
10
41.496294457508057
20
-62.708674134369545
30
0
10
41.84025279084139
20
-62.708674134369545
30
0
0
SPLINE
5
1498
100
AcDbEntity
8
0
100
AcDbSpline
70
4
71
3
72
8
73
4
74
0
42
0.000000001
43
0.0000000001
44
0.0000000001
40
0
40
0
40
0
40
0
40
1
40
1
40
1
40
1
41
1
41
1
41
1
41
1
10
41.84025279084139
20
-62.708674134369545
30
0
10
41.999002790841395
20
-62.708674134369545
30
0
10
42.237127790841392
20
-62.999715801036224
30
0
10
42.369419457508059
20
-63.370132467702888
30
0
0
SPLINE
5
1499
100
AcDbEntity
8
0
100
AcDbSpline
70
4
71
3
72
8
73
4
74
0
42
0.000000001
43
0.0000000001
44
0.0000000001
40
0
40
0
40
0
40
0
40
1
40
1
40
1
40
1
41
1
41
1
41
1
41
1
10
43.877544457508066
20
-64.507840801036195
30
0
10
43.956919457508057
20
-64.851799134369543
30
0
10
43.877544457508066
20
-65.275132467702875
30
0
10
43.718794457508061
20
-65.433882467702873
30
0
0
SPLINE
5
1500
100
AcDbEntity
8
0
100
AcDbSpline
70
4
71
3
72
8
73
4
74
0
42
0.000000001
43
0.0000000001
44
0.0000000001
40
0
40
0
40
0
40
0
40
1
40
1
40
1
40
1
41
1
41
1
41
1
41
1
10
43.718794457508061
20
-65.433882467702873
30
0
10
43.507127790841395
20
-65.64554913436956
30
0
10
43.427752790841396
20
-65.59263246770287
30
0
10
43.374836124174728
20
-65.195757467702876
30
0
0
SPLINE
5
1501
100
AcDbEntity
8
0
100
AcDbSpline
70
4
71
3
72
8
73
4
74
0
42
0.000000001
43
0.0000000001
44
0.0000000001
40
0
40
0
40
0
40
0
40
1
40
1
40
1
40
1
41
1
41
1
41
1
41
1
10
43.374836124174728
20
-65.195757467702876
30
0
10
43.295461124174722
20
-64.163882467702877
30
0
10
43.295461124174722
20
-64.058049134369554
30
0
10
43.083794457508063
20
-63.872840801036205
30
0
0
SPLINE
5
1502
100
AcDbEntity
8
0
100
AcDbSpline
70
4
71
3
72
8
73
4
74
0
42
0.000000001
43
0.0000000001
44
0.0000000001
40
0
40
0
40
0
40
0
40
1
40
1
40
1
40
1
41
1
41
1
41
1
41
1
10
43.083794457508063
20
-63.872840801036205
30
0
10
42.977961124174726
20
-63.767007467702882
30
0
10
42.89858612417472
20
-63.502424134369548
30
0
10
42.89858612417472
20
-63.264299134369551
30
0
0
SPLINE
5
1503
100
AcDbEntity
8
0
100
AcDbSpline
70
4
71
3
72
8
73
4
74
0
42
0.000000001
43
0.0000000001
44
0.0000000001
40
0
40
0
40
0
40
0
40
1
40
1
40
1
40
1
41
1
41
1
41
1
41
1
10
42.89858612417472
20
-63.264299134369551
30
0
10
42.925044457508065
20
-62.920340801036197
30
0
10
43.004419457508057
20
-62.946799134369542
30
0
10
43.321919457508066
20
-63.370132467702888
30
0
0
SPLINE
5
1504
100
AcDbEntity
8
0
100
AcDbSpline
70
4
71
3
72
8
73
4
74
0
42
0.000000001
43
0.0000000001
44
0.0000000001
40
0
40
0
40
0
40
0
40
1
40
1
40
1
40
1
41
1
41
1
41
1
41
1
10
43.321919457508066
20
-63.370132467702888
30
0
10
43.533586124174725
20
-63.661174134369546
30
0
10
43.771711124174722
20
-64.163882467702877
30
0
10
43.877544457508066
20
-64.507840801036195
30
0
0
SPLINE
5
1505
100
AcDbEntity
8
0
100
AcDbSpline
70
4
71
3
72
8
73
4
74
0
42
0.000000001
43
0.0000000001
44
0.0000000001
40
0
40
0
40
0
40
0
40
1
40
1
40
1
40
1
41
1
41
1
41
1
41
1
10
25.171502790841387
20
-63.872840801036205
30
0
10
25.171502790841387
20
-64.031590801036216
30
0
10
23.451711124174722
20
-65.089924134369554
30
0
10
23.213586124174725
20
-65.089924134369554
30
0
0
SPLINE
5
1506
100
AcDbEntity
8
0
100
AcDbSpline
70
4
71
3
72
8
73
4
74
0
42
0.000000001
43
0.0000000001
44
0.0000000001
40
0
40
0
40
0
40
0
40
1
40
1
40
1
40
1
41
1
41
1
41
1
41
1
10
23.213586124174725
20
-65.089924134369554
30
0
10
22.790252790841386
20
-65.089924134369554
30
0
10
24.510044457508052
20
-63.819924134369543
30
0
10
24.986294457508052
20
-63.79346580103622
30
0
0
SPLINE
5
1507
100
AcDbEntity
8
0
100
AcDbSpline
70
4
71
3
72
8
73
4
74
0
42
0.000000001
43
0.0000000001
44
0.0000000001
40
0
40
0
40
0
40
0
40
1
40
1
40
1
40
1
41
1
41
1
41
1
41
1
10
24.986294457508052
20
-63.79346580103622
30
0
10
25.092127790841392
20
-63.767007467702882
30
0
10
25.171502790841387
20
-63.819924134369543
30
0
10
25.171502790841387
20
-63.872840801036205
30
0
0
SPLINE
5
1508
100
AcDbEntity
8
0
100
AcDbSpline
70
4
71
3
72
8
73
4
74
0
42
0.000000001
43
0.0000000001
44
0.0000000001
40
0
40
0
40
0
40
0
40
1
40
1
40
1
40
1
41
1
41
1
41
1
41
1
10
27.737961124174724
20
-64.878257467702866
30
0
10
27.658586124174718
20
-65.222215801036214
30
0
10
27.341086124174723
20
-66.148257467702877
30
0
10
27.050044457508058
20
-66.942007467702879
30
0
0
SPLINE
5
1509
100
AcDbEntity
8
0
100
AcDbSpline
70
4
71
3
72
8
73
4
74
0
42
0.000000001
43
0.0000000001
44
0.0000000001
40
0
40
0
40
0
40
0
40
1
40
1
40
1
40
1
41
1
41
1
41
1
41
1
10
27.050044457508058
20
-66.942007467702879
30
0
10
26.759002790841386
20
-67.735757467702882
30
0
10
26.520877790841393
20
-68.952840801036217
30
0
10
26.494419457508052
20
-69.640757467702883
30
0
0
SPLINE
5
1510
100
AcDbEntity
8
0
100
AcDbSpline
70
4
71
3
72
8
73
4
74
0
42
0.000000001
43
0.0000000001
44
0.0000000001
40
0
40
0
40
0
40
0
40
1
40
1
40
1
40
1
41
1
41
1
41
1
41
1
10
26.494419457508052
20
-69.640757467702883
30
0
10
26.494419457508052
20
-70.990132467702878
30
0
10
26.494419457508052
20
-70.990132467702878
30
0
10
25.859419457508057
20
-70.752007467702867
30
0
0
SPLINE
5
1511
100
AcDbEntity
8
0
100
AcDbSpline
70
4
71
3
72
8
73
4
74
0
42
0.000000001
43
0.0000000001
44
0.0000000001
40
0
40
0
40
0
40
0
40
1
40
1
40
1
40
1
41
1
41
1
41
1
41
1
10
25.859419457508057
20
-70.752007467702867
30
0
10
24.959836124174721
20
-70.408049134369548
30
0
10
25.647752790841388
20
-66.015965801036216
30
0
10
26.785461124174724
20
-64.719507467702883
30
0
0
SPLINE
5
1512
100
AcDbEntity
8
0
100
AcDbSpline
70
4
71
3
72
8
73
4
74
0
42
0.000000001
43
0.0000000001
44
0.0000000001
40
0
40
0
40
0
40
0
40
1
40
1
40
1
40
1
41
1
41
1
41
1
41
1
10
26.785461124174724
20
-64.719507467702883
30
0
10
27.341086124174723
20
-64.084507467702878
30
0
10
27.896711124174722
20
-64.190340801036228
30
0
10
27.737961124174724
20
-64.878257467702866
30
0
0
SPLINE
5
1513
100
AcDbEntity
8
0
100
AcDbSpline
70
4
71
3
72
8
73
4
74
0
42
0.000000001
43
0.0000000001
44
0.0000000001
40
0
40
0
40
0
40
0
40
1
40
1
40
1
40
1
41
1
41
1
41
1
41
1
10
22.763794457508055
20
-65.698465801036207
30
0
10
23.240044457508056
20
-65.407424134369549
30
0
10
23.584002790841385
20
-65.486799134369548
30
0
10
23.584002790841385
20
-65.910132467702894
30
0
0
SPLINE
5
1514
100
AcDbEntity
8
0
100
AcDbSpline
70
4
71
3
72
8
73
4
74
0
42
0.000000001
43
0.0000000001
44
0.0000000001
40
0
40
0
40
0
40
0
40
1
40
1
40
1
40
1
41
1
41
1
41
1
41
1
10
23.584002790841385
20
-65.910132467702894
30
0
10
23.584002790841385
20
-66.201174134369552
30
0
10
22.34046112417472
20
-66.359924134369535
30
0
10
21.890669457508061
20
-66.095340801036201
30
0
0
SPLINE
5
1515
100
AcDbEntity
8
0
100
AcDbSpline
70
4
71
3
72
8
73
4
74
0
42
0.000000001
43
0.0000000001
44
0.0000000001
40
0
40
0
40
0
40
0
40
1
40
1
40
1
40
1
41
1
41
1
41
1
41
1
10
21.890669457508061
20
-66.095340801036201
30
0
10
21.652544457508061
20
-65.963049134369541
30
0
10
21.467336124174714
20
-65.64554913436956
30
0
10
21.467336124174714
20
-65.407424134369549
30
0
0
SPLINE
5
1516
100
AcDbEntity
8
0
100
AcDbSpline
70
4
71
3
72
8
73
4
74
0
42
0.000000001
43
0.0000000001
44
0.0000000001
40
0
40
0
40
0
40
0
40
1
40
1
40
1
40
1
41
1
41
1
41
1
41
1
10
21.467336124174714
20
-65.407424134369549
30
0
10
21.493794457508059
20
-65.010549134369541
30
0
10
21.54671112417472
20
-65.037007467702864
30
0
10
21.890669457508061
20
-65.486799134369548
30
0
0
SPLINE
5
1517
100
AcDbEntity
8
0
100
AcDbSpline
70
4
71
3
72
8
73
4
74
0
42
0.000000001
43
0.0000000001
44
0.0000000001
40
0
40
0
40
0
40
0
40
1
40
1
40
1
40
1
41
1
41
1
41
1
41
1
10
21.890669457508061
20
-65.486799134369548
30
0
10
22.208169457508056
20
-65.910132467702894
30
0
10
22.366919457508054
20
-65.936590801036218
30
0
10
22.763794457508055
20
-65.698465801036207
30
0
0
SPLINE
5
1518
100
AcDbEntity
8
0
100
AcDbSpline
70
4
71
3
72
8
73
4
74
0
42
0.000000001
43
0.0000000001
44
0.0000000001
40
0
40
0
40
0
40
0
40
1
40
1
40
1
40
1
41
1
41
1
41
1
41
1
10
21.202752790841384
20
-65.566174134369533
30
0
10
21.202752790841384
20
-65.672007467702883
30
0
10
21.07046112417472
20
-65.910132467702894
30
0
10
20.911711124174719
20
-66.068882467702878
30
0
0
SPLINE
5
1519
100
AcDbEntity
8
0
100
AcDbSpline
70
4
71
3
72
8
73
4
74
0
42
0.000000001
43
0.0000000001
44
0.0000000001
40
0
40
0
40
0
40
0
40
1
40
1
40
1
40
1
41
1
41
1
41
1
41
1
10
20.911711124174719
20
-66.068882467702878
30
0
10
20.170877790841388
20
-66.809715801036219
30
0
10
20.435461124174729
20
-72.074924134369539
30
0
10
21.308586124174724
20
-73.847632467702894
30
0
0
SPLINE
5
1520
100
AcDbEntity
8
0
100
AcDbSpline
70
4
71
3
72
8
73
4
74
0
42
0.000000001
43
0.0000000001
44
0.0000000001
40
0
40
0
40
0
40
0
40
1
40
1
40
1
40
1
41
1
41
1
41
1
41
1
10
21.308586124174724
20
-73.847632467702894
30
0
10
21.54671112417472
20
-74.323882467702873
30
0
10
21.705461124174725
20
-74.720757467702867
30
0
10
21.679002790841395
20
-74.773674134369543
30
0
0
SPLINE
5
1521
100
AcDbEntity
8
0
100
AcDbSpline
70
4
71
3
72
8
73
4
74
0
42
0.000000001
43
0.0000000001
44
0.0000000001
40
0
40
0
40
0
40
0
40
1
40
1
40
1
40
1
41
1
41
1
41
1
41
1
10
21.679002790841395
20
-74.773674134369543
30
0
10
21.440877790841384
20
-74.985340801036216
30
0
10
17.234002790841387
20
-72.68346580103622
30
0
10
16.890044457508058
20
-72.127840801036228
30
0
0
SPLINE
5
1522
100
AcDbEntity
8
0
100
AcDbSpline
70
4
71
3
72
8
73
4
74
0
42
0.000000001
43
0.0000000001
44
0.0000000001
40
0
40
0
40
0
40
0
40
1
40
1
40
1
40
1
41
1
41
1
41
1
41
1
10
16.890044457508058
20
-72.127840801036228
30
0
10
16.334419457508051
20
-71.307632467702874
30
0
10
16.307961124174717
20
-69.534924134369547
30
0
10
16.810669457508055
20
-68.582424134369546
30
0
0
SPLINE
5
1523
100
AcDbEntity
8
0
100
AcDbSpline
70
4
71
3
72
8
73
4
74
0
42
0.000000001
43
0.0000000001
44
0.0000000001
40
0
40
0
40
0
40
0
40
1
40
1
40
1
40
1
41
1
41
1
41
1
41
1
10
16.810669457508055
20
-68.582424134369546
30
0
10
17.207544457508057
20
-67.815132467702881
30
0
10
18.530461124174721
20
-66.518674134369547
30
0
10
19.615252790841385
20
-65.804299134369543
30
0
0
SPLINE
5
1524
100
AcDbEntity
8
0
100
AcDbSpline
70
4
71
3
72
8
73
4
74
0
42
0.000000001
43
0.0000000001
44
0.0000000001
40
0
40
0
40
0
40
0
40
1
40
1
40
1
40
1
41
1
41
1
41
1
41
1
10
19.615252790841385
20
-65.804299134369543
30
0
10
20.329627790841389
20
-65.354507467702888
30
0
10
21.202752790841384
20
-65.222215801036214
30
0
10
21.202752790841384
20
-65.566174134369533
30
0
0
SPLINE
5
1525
100
AcDbEntity
8
0
100
AcDbSpline
70
4
71
3
72
8
73
4
74
0
42
0.000000001
43
0.0000000001
44
0.0000000001
40
0
40
0
40
0
40
0
40
1
40
1
40
1
40
1
41
1
41
1
41
1
41
1
10
25.03921112417472
20
-67.074299134369554
30
0
10
24.827544457508061
20
-67.947424134369555
30
0
10
24.615877790841392
20
-69.534924134369547
30
0
10
24.589419457508058
20
-70.566799134369546
30
0
0
SPLINE
5
1526
100
AcDbEntity
8
0
100
AcDbSpline
70
4
71
3
72
8
73
4
74
0
42
0.000000001
43
0.0000000001
44
0.0000000001
40
0
40
0
40
0
40
0
40
1
40
1
40
1
40
1
41
1
41
1
41
1
41
1
10
24.589419457508058
20
-70.566799134369546
30
0
10
24.536502790841396
20
-71.625132467702869
30
0
10
24.483586124174721
20
-72.498257467702871
30
0
10
24.45712779084139
20
-72.498257467702871
30
0
0
SPLINE
5
1527
100
AcDbEntity
8
0
100
AcDbSpline
70
4
71
3
72
8
73
4
74
0
42
0.000000001
43
0.0000000001
44
0.0000000001
40
0
40
0
40
0
40
0
40
1
40
1
40
1
40
1
41
1
41
1
41
1
41
1
10
24.45712779084139
20
-72.498257467702871
30
0
10
23.795669457508055
20
-72.498257467702871
30
0
10
23.689836124174725
20
-72.101382467702877
30
0
10
23.901502790841391
20
-70.169924134369538
30
0
0
SPLINE
5
1528
100
AcDbEntity
8
0
100
AcDbSpline
70
4
71
3
72
8
73
4
74
0
42
0.000000001
43
0.0000000001
44
0.0000000001
40
0
40
0
40
0
40
0
40
1
40
1
40
1
40
1
41
1
41
1
41
1
41
1
10
23.901502790841391
20
-70.169924134369538
30
0
10
24.007336124174728
20
-69.058674134369539
30
0
10
24.166086124174726
20
-67.815132467702881
30
0
10
24.219002790841387
20
-67.391799134369549
30
0
0
SPLINE
5
1529
100
AcDbEntity
8
0
100
AcDbSpline
70
4
71
3
72
8
73
4
74
0
42
0.000000001
43
0.0000000001
44
0.0000000001
40
0
40
0
40
0
40
0
40
1
40
1
40
1
40
1
41
1
41
1
41
1
41
1
10
24.219002790841387
20
-67.391799134369549
30
0
10
24.298377790841393
20
-66.994924134369541
30
0
10
24.245461124174721
20
-66.677424134369545
30
0
10
24.11316945750805
20
-66.677424134369545
30
0
0
SPLINE
5
1530
100
AcDbEntity
8
0
100
AcDbSpline
70
4
71
3
72
8
73
4
74
0
42
0.000000001
43
0.0000000001
44
0.0000000001
40
0
40
0
40
0
40
0
40
1
40
1
40
1
40
1
41
1
41
1
41
1
41
1
10
24.11316945750805
20
-66.677424134369545
30
0
10
23.716294457508056
20
-66.677424134369545
30
0
10
23.319419457508054
20
-68.529507467702885
30
0
10
23.319419457508054
20
-70.434507467702872
30
0
0
SPLINE
5
1531
100
AcDbEntity
8
0
100
AcDbSpline
70
4
71
3
72
8
73
4
74
0
42
0.000000001
43
0.0000000001
44
0.0000000001
40
0
40
0
40
0
40
0
40
1
40
1
40
1
40
1
41
1
41
1
41
1
41
1
10
23.319419457508054
20
-70.434507467702872
30
0
10
23.319419457508054
20
-71.572215801036222
30
0
10
23.213586124174725
20
-72.233674134369551
30
0
10
23.02837779084139
20
-72.233674134369551
30
0
0
SPLINE
5
1532
100
AcDbEntity
8
0
100
AcDbSpline
70
4
71
3
72
8
73
4
74
0
42
0.000000001
43
0.0000000001
44
0.0000000001
40
0
40
0
40
0
40
0
40
1
40
1
40
1
40
1
41
1
41
1
41
1
41
1
10
23.02837779084139
20
-72.233674134369551
30
0
10
22.843169457508061
20
-72.233674134369551
30
0
10
22.763794457508055
20
-71.41346580103621
30
0
10
22.843169457508061
20
-69.720132467702882
30
0
0
SPLINE
5
1533
100
AcDbEntity
8
0
100
AcDbSpline
70
4
71
3
72
8
73
4
74
0
42
0.000000001
43
0.0000000001
44
0.0000000001
40
0
40
0
40
0
40
0
40
1
40
1
40
1
40
1
41
1
41
1
41
1
41
1
10
22.843169457508061
20
-69.720132467702882
30
0
10
22.869627790841392
20
-68.34429913436955
30
0
10
22.843169457508061
20
-67.206590801036214
30
0
10
22.737336124174725
20
-67.206590801036214
30
0
0
SPLINE
5
1534
100
AcDbEntity
8
0
100
AcDbSpline
70
4
71
3
72
8
73
4
74
0
42
0.000000001
43
0.0000000001
44
0.0000000001
40
0
40
0
40
0
40
0
40
1
40
1
40
1
40
1
41
1
41
1
41
1
41
1
10
22.737336124174725
20
-67.206590801036214
30
0
10
22.60504445750805
20
-67.206590801036214
30
0
10
22.525669457508055
20
-67.074299134369554
30
0
10
22.525669457508055
20
-66.942007467702879
30
0
0
SPLINE
5
1535
100
AcDbEntity
8
0
100
AcDbSpline
70
4
71
3
72
8
73
4
74
0
42
0.000000001
43
0.0000000001
44
0.0000000001
40
0
40
0
40
0
40
0
40
1
40
1
40
1
40
1
41
1
41
1
41
1
41
1
10
22.525669457508055
20
-66.942007467702879
30
0
10
22.525669457508055
20
-66.783257467702867
30
0
10
22.737336124174725
20
-66.677424134369545
30
0
10
23.02837779084139
20
-66.677424134369545
30
0
0
SPLINE
5
1536
100
AcDbEntity
8
0
100
AcDbSpline
70
4
71
3
72
8
73
4
74
0
42
0.000000001
43
0.0000000001
44
0.0000000001
40
0
40
0
40
0
40
0
40
1
40
1
40
1
40
1
41
1
41
1
41
1
41
1
10
23.02837779084139
20
-66.677424134369545
30
0
10
23.29296112417472
20
-66.677424134369545
30
0
10
23.901502790841391
20
-66.386382467702873
30
0
10
24.404211124174722
20
-66.068882467702878
30
0
0
SPLINE
5
1537
100
AcDbEntity
8
0
100
AcDbSpline
70
4
71
3
72
8
73
4
74
0
42
0.000000001
43
0.0000000001
44
0.0000000001
40
0
40
0
40
0
40
0
40
1
40
1
40
1
40
1
41
1
41
1
41
1
41
1
10
24.404211124174722
20
-66.068882467702878
30
0
10
24.906919457508057
20
-65.724924134369545
30
0
10
25.330252790841392
20
-65.46034080103621
30
0
10
25.356711124174723
20
-65.46034080103621
30
0
0
SPLINE
5
1538
100
AcDbEntity
8
0
100
AcDbSpline
70
4
71
3
72
8
73
4
74
0
42
0.000000001
43
0.0000000001
44
0.0000000001
40
0
40
0
40
0
40
0
40
1
40
1
40
1
40
1
41
1
41
1
41
1
41
1
10
25.356711124174723
20
-65.46034080103621
30
0
10
25.383169457508057
20
-65.486799134369548
30
0
10
25.224419457508063
20
-66.201174134369552
30
0
10
25.03921112417472
20
-67.074299134369554
30
0
0
SPLINE
5
1539
100
AcDbEntity
8
0
100
AcDbSpline
70
4
71
3
72
8
73
4
74
0
42
0.000000001
43
0.0000000001
44
0.0000000001
40
0
40
0
40
0
40
0
40
1
40
1
40
1
40
1
41
1
41
1
41
1
41
1
10
22.049419457508055
20
-68.238465801036213
30
0
10
21.943586124174725
20
-69.74659080103622
30
0
10
22.314002790841386
20
-73.503674134369547
30
0
10
22.684419457508056
20
-74.429715801036224
30
0
0
SPLINE
5
1540
100
AcDbEntity
8
0
100
AcDbSpline
70
4
71
3
72
8
73
4
74
0
42
0.000000001
43
0.0000000001
44
0.0000000001
40
0
40
0
40
0
40
0
40
1
40
1
40
1
40
1
41
1
41
1
41
1
41
1
10
22.684419457508056
20
-74.429715801036224
30
0
10
22.763794457508055
20
-74.66784080103622
30
0
10
22.737336124174725
20
-74.879507467702879
30
0
10
22.60504445750805
20
-74.879507467702879
30
0
0
SPLINE
5
1541
100
AcDbEntity
8
0
100
AcDbSpline
70
4
71
3
72
8
73
4
74
0
42
0.000000001
43
0.0000000001
44
0.0000000001
40
0
40
0
40
0
40
0
40
1
40
1
40
1
40
1
41
1
41
1
41
1
41
1
10
22.60504445750805
20
-74.879507467702879
30
0
10
22.287544457508062
20
-74.879507467702879
30
0
10
21.811294457508055
20
-73.080340801036215
30
0
10
21.440877790841384
20
-70.355132467702873
30
0
0
SPLINE
5
1542
100
AcDbEntity
8
0
100
AcDbSpline
70
4
71
3
72
8
73
4
74
0
42
0.000000001
43
0.0000000001
44
0.0000000001
40
0
40
0
40
0
40
0
40
1
40
1
40
1
40
1
41
1
41
1
41
1
41
1
10
21.440877790841384
20
-70.355132467702873
30
0
10
21.123377790841396
20
-67.947424134369555
30
0
10
21.255669457508056
20
-66.677424134369545
30
0
10
21.811294457508055
20
-66.677424134369545
30
0
0
SPLINE
5
1543
100
AcDbEntity
8
0
100
AcDbSpline
70
4
71
3
72
8
73
4
74
0
42
0.000000001
43
0.0000000001
44
0.0000000001
40
0
40
0
40
0
40
0
40
1
40
1
40
1
40
1
41
1
41
1
41
1
41
1
10
21.811294457508055
20
-66.677424134369545
30
0
10
22.075877790841389
20
-66.677424134369545
30
0
10
22.12879445750805
20
-67.074299134369554
30
0
10
22.049419457508055
20
-68.238465801036213
30
0
0
SPLINE
5
1544
100
AcDbEntity
8
0
100
AcDbSpline
70
4
71
3
72
8
73
4
74
0
42
0.000000001
43
0.0000000001
44
0.0000000001
40
0
40
0
40
0
40
0
40
1
40
1
40
1
40
1
41
1
41
1
41
1
41
1
10
51.100669457508054
20
-67.365340801036226
30
0
10
51.100669457508054
20
-67.656382467702883
30
0
10
49.513169457508056
20
-68.053257467702878
30
0
10
48.401919457508065
20
-68.026799134369554
30
0
0
SPLINE
5
1545
100
AcDbEntity
8
0
100
AcDbSpline
70
4
71
3
72
8
73
4
74
0
42
0.000000001
43
0.0000000001
44
0.0000000001
40
0
40
0
40
0
40
0
40
1
40
1
40
1
40
1
41
1
41
1
41
1
41
1
10
48.401919457508065
20
-68.026799134369554
30
0
10
46.84087779084139
20
-68.026799134369554
30
0
10
45.676711124174723
20
-67.497632467702886
30
0
10
47.131919457508062
20
-67.471174134369548
30
0
0
SPLINE
5
1546
100
AcDbEntity
8
0
100
AcDbSpline
70
4
71
3
72
8
73
4
74
0
42
0.000000001
43
0.0000000001
44
0.0000000001
40
0
40
0
40
0
40
0
40
1
40
1
40
1
40
1
41
1
41
1
41
1
41
1
10
47.131919457508062
20
-67.471174134369548
30
0
10
47.6346277908414
20
-67.44471580103621
30
0
10
48.269627790841398
20
-67.338882467702888
30
0
10
48.534211124174725
20
-67.259507467702875
30
0
0
SPLINE
5
1547
100
AcDbEntity
8
0
100
AcDbSpline
70
4
71
3
72
8
73
4
74
0
42
0.000000001
43
0.0000000001
44
0.0000000001
40
0
40
0
40
0
40
0
40
1
40
1
40
1
40
1
41
1
41
1
41
1
41
1
10
48.534211124174725
20
-67.259507467702875
30
0
10
49.010461124174725
20
-67.074299134369554
30
0
10
51.100669457508054
20
-67.153674134369552
30
0
10
51.100669457508054
20
-67.365340801036226
30
0
0
SPLINE
5
1548
100
AcDbEntity
8
0
100
AcDbSpline
70
4
71
3
72
8
73
4
74
0
42
0.000000001
43
0.0000000001
44
0.0000000001
40
0
40
0
40
0
40
0
40
1
40
1
40
1
40
1
41
1
41
1
41
1
41
1
10
48.163794457508061
20
-69.349715801036226
30
0
10
47.952127790841395
20
-69.482007467702886
30
0
10
47.899211124174734
20
-69.587840801036208
30
0
10
48.031502790841401
20
-69.587840801036208
30
0
0
SPLINE
5
1549
100
AcDbEntity
8
0
100
AcDbSpline
70
4
71
3
72
8
73
4
74
0
42
0.000000001
43
0.0000000001
44
0.0000000001
40
0
40
0
40
0
40
0
40
1
40
1
40
1
40
1
41
1
41
1
41
1
41
1
10
48.031502790841401
20
-69.587840801036208
30
0
10
48.163794457508061
20
-69.587840801036208
30
0
10
48.507752790841387
20
-69.402632467702887
30
0
10
48.772336124174714
20
-69.138049134369552
30
0
0
SPLINE
5
1550
100
AcDbEntity
8
0
100
AcDbSpline
70
4
71
3
72
8
73
4
74
0
42
0.000000001
43
0.0000000001
44
0.0000000001
40
0
40
0
40
0
40
0
40
1
40
1
40
1
40
1
41
1
41
1
41
1
41
1
10
48.772336124174714
20
-69.138049134369552
30
0
10
49.645461124174723
20
-68.370757467702873
30
0
10
49.539627790841401
20
-68.926382467702879
30
0
10
48.640044457508054
20
-69.931799134369555
30
0
0
SPLINE
5
1551
100
AcDbEntity
8
0
100
AcDbSpline
70
4
71
3
72
8
73
4
74
0
42
0.000000001
43
0.0000000001
44
0.0000000001
40
0
40
0
40
0
40
0
40
1
40
1
40
1
40
1
41
1
41
1
41
1
41
1
10
48.640044457508054
20
-69.931799134369555
30
0
10
48.137336124174723
20
-70.46096580103621
30
0
10
47.740461124174729
20
-70.725549134369544
30
0
10
47.740461124174729
20
-70.487424134369533
30
0
0
SPLINE
5
1552
100
AcDbEntity
8
0
100
AcDbSpline
70
4
71
3
72
8
73
4
74
0
42
0.000000001
43
0.0000000001
44
0.0000000001
40
0
40
0
40
0
40
0
40
1
40
1
40
1
40
1
41
1
41
1
41
1
41
1
10
47.740461124174729
20
-70.487424134369533
30
0
10
47.740461124174729
20
-70.275757467702888
30
0
10
47.846294457508058
20
-70.117007467702891
30
0
10
47.978586124174718
20
-70.117007467702891
30
0
0
SPLINE
5
1553
100
AcDbEntity
8
0
100
AcDbSpline
70
4
71
3
72
8
73
4
74
0
42
0.000000001
43
0.0000000001
44
0.0000000001
40
0
40
0
40
0
40
0
40
1
40
1
40
1
40
1
41
1
41
1
41
1
41
1
10
47.978586124174718
20
-70.117007467702891
30
0
10
48.110877790841393
20
-70.117007467702891
30
0
10
48.137336124174723
20
-69.958257467702879
30
0
10
48.005044457508063
20
-69.773049134369543
30
0
0
SPLINE
5
1554
100
AcDbEntity
8
0
100
AcDbSpline
70
4
71
3
72
8
73
4
74
0
42
0.000000001
43
0.0000000001
44
0.0000000001
40
0
40
0
40
0
40
0
40
1
40
1
40
1
40
1
41
1
41
1
41
1
41
1
10
48.005044457508063
20
-69.773049134369543
30
0
10
47.714002790841391
20
-69.296799134369536
30
0
10
47.661086124174723
20
-68.767632467702867
30
0
10
47.952127790841395
20
-68.952840801036217
30
0
0
SPLINE
5
1555
100
AcDbEntity
8
0
100
AcDbSpline
70
4
71
3
72
8
73
4
74
0
42
0.000000001
43
0.0000000001
44
0.0000000001
40
0
40
0
40
0
40
0
40
1
40
1
40
1
40
1
41
1
41
1
41
1
41
1
10
47.952127790841395
20
-68.952840801036217
30
0
10
48.084419457508069
20
-69.032215801036202
30
0
10
48.190252790841384
20
-68.926382467702879
30
0
10
48.216711124174729
20
-68.741174134369544
30
0
0
SPLINE
5
1556
100
AcDbEntity
8
0
100
AcDbSpline
70
4
71
3
72
8
73
4
74
0
42
0.000000001
43
0.0000000001
44
0.0000000001
40
0
40
0
40
0
40
0
40
1
40
1
40
1
40
1
41
1
41
1
41
1
41
1
10
48.216711124174729
20
-68.741174134369544
30
0
10
48.216711124174729
20
-68.476590801036224
30
0
10
48.269627790841398
20
-68.476590801036224
30
0
10
48.37546112417472
20
-68.767632467702867
30
0
0
SPLINE
5
1557
100
AcDbEntity
8
0
100
AcDbSpline
70
4
71
3
72
8
73
4
74
0
42
0.000000001
43
0.0000000001
44
0.0000000001
40
0
40
0
40
0
40
0
40
1
40
1
40
1
40
1
41
1
41
1
41
1
41
1
10
48.37546112417472
20
-68.767632467702867
30
0
10
48.454836124174719
20
-68.952840801036217
30
0
10
48.349002790841396
20
-69.217424134369551
30
0
10
48.163794457508061
20
-69.349715801036226
30
0
0
SPLINE
5
1558
100
AcDbEntity
8
0
100
AcDbSpline
70
4
71
3
72
8
73
4
74
0
42
0.000000001
43
0.0000000001
44
0.0000000001
40
0
40
0
40
0
40
0
40
1
40
1
40
1
40
1
41
1
41
1
41
1
41
1
10
30.542544457508054
20
-72.074924134369539
30
0
10
31.44212779084139
20
-72.154299134369552
30
0
10
33.214836124174724
20
-72.286590801036212
30
0
10
34.484836124174727
20
-72.392424134369563
30
0
0
SPLINE
5
1559
100
AcDbEntity
8
0
100
AcDbSpline
70
4
71
3
72
8
73
4
74
0
42
0.000000001
43
0.0000000001
44
0.0000000001
40
0
40
0
40
0
40
0
40
1
40
1
40
1
40
1
41
1
41
1
41
1
41
1
10
34.484836124174727
20
-72.392424134369563
30
0
10
35.781294457508054
20
-72.471799134369547
30
0
10
36.866086124174728
20
-72.657007467702897
30
0
10
36.945461124174727
20
-72.789299134369557
30
0
0
SPLINE
5
1560
100
AcDbEntity
8
0
100
AcDbSpline
70
4
71
3
72
8
73
4
74
0
42
0.000000001
43
0.0000000001
44
0.0000000001
40
0
40
0
40
0
40
0
40
1
40
1
40
1
40
1
41
1
41
1
41
1
41
1
10
36.945461124174727
20
-72.789299134369557
30
0
10
37.262961124174723
20
-73.265549134369536
30
0
10
38.982752790841396
20
-73.900549134369555
30
0
10
40.120461124174724
20
-73.927007467702879
30
0
0
SPLINE
5
1561
100
AcDbEntity
8
0
100
AcDbSpline
70
4
71
3
72
8
73
4
74
0
42
0.000000001
43
0.0000000001
44
0.0000000001
40
0
40
0
40
0
40
0
40
1
40
1
40
1
40
1
41
1
41
1
41
1
41
1
10
40.120461124174724
20
-73.927007467702879
30
0
10
40.78191945750806
20
-73.927007467702879
30
0
10
41.311086124174722
20
-74.03284080103623
30
0
10
41.311086124174722
20
-74.112215801036214
30
0
0
SPLINE
5
1562
100
AcDbEntity
8
0
100
AcDbSpline
70
4
71
3
72
8
73
4
74
0
42
0.000000001
43
0.0000000001
44
0.0000000001
40
0
40
0
40
0
40
0
40
1
40
1
40
1
40
1
41
1
41
1
41
1
41
1
10
41.311086124174722
20
-74.112215801036214
30
0
10
41.311086124174722
20
-74.218049134369551
30
0
10
40.78191945750806
20
-74.429715801036224
30
0
10
40.120461124174724
20
-74.614924134369559
30
0
0
SPLINE
5
1563
100
AcDbEntity
8
0
100
AcDbSpline
70
4
71
3
72
8
73
4
74
0
42
0.000000001
43
0.0000000001
44
0.0000000001
40
0
40
0
40
0
40
0
40
1
40
1
40
1
40
1
41
1
41
1
41
1
41
1
10
40.120461124174724
20
-74.614924134369559
30
0
10
38.982752790841396
20
-74.932424134369541
30
0
10
36.760252790841392
20
-74.853049134369542
30
0
10
35.30504445750806
20
-74.456174134369547
30
0
0
SPLINE
5
1564
100
AcDbEntity
8
0
100
AcDbSpline
70
4
71
3
72
8
73
4
74
0
42
0.000000001
43
0.0000000001
44
0.0000000001
40
0
40
0
40
0
40
0
40
1
40
1
40
1
40
1
41
1
41
1
41
1
41
1
10
35.30504445750806
20
-74.456174134369547
30
0
10
34.96108612417472
20
-74.350340801036211
30
0
10
34.696502790841386
20
-74.403257467702872
30
0
10
34.696502790841386
20
-74.562007467702898
30
0
0
SPLINE
5
1565
100
AcDbEntity
8
0
100
AcDbSpline
70
4
71
3
72
8
73
4
74
0
42
0.000000001
43
0.0000000001
44
0.0000000001
40
0
40
0
40
0
40
0
40
1
40
1
40
1
40
1
41
1
41
1
41
1
41
1
10
34.696502790841386
20
-74.562007467702898
30
0
10
34.696502790841386
20
-74.853049134369542
30
0
10
35.940044457508058
20
-75.144090801036214
30
0
10
37.104211124174725
20
-75.144090801036214
30
0
0
SPLINE
5
1566
100
AcDbEntity
8
0
100
AcDbSpline
70
4
71
3
72
8
73
4
74
0
42
0.000000001
43
0.0000000001
44
0.0000000001
40
0
40
0
40
0
40
0
40
1
40
1
40
1
40
1
41
1
41
1
41
1
41
1
10
37.104211124174725
20
-75.144090801036214
30
0
10
38.294836124174729
20
-75.144090801036214
30
0
10
38.003794457508057
20
-75.620340801036221
30
0
10
36.760252790841392
20
-75.779090801036219
30
0
0
SPLINE
5
1567
100
AcDbEntity
8
0
100
AcDbSpline
70
4
71
3
72
8
73
4
74
0
42
0.000000001
43
0.0000000001
44
0.0000000001
40
0
40
0
40
0
40
0
40
1
40
1
40
1
40
1
41
1
41
1
41
1
41
1
10
36.760252790841392
20
-75.779090801036219
30
0
10
33.876294457508052
20
-76.123049134369552
30
0
10
30.198586124174724
20
-76.228882467702888
30
0
10
30.198586124174724
20
-75.964299134369554
30
0
0
SPLINE
5
1568
100
AcDbEntity
8
0
100
AcDbSpline
70
4
71
3
72
8
73
4
74
0
42
0.000000001
43
0.0000000001
44
0.0000000001
40
0
40
0
40
0
40
0
40
1
40
1
40
1
40
1
41
1
41
1
41
1
41
1
10
30.198586124174724
20
-75.964299134369554
30
0
10
30.198586124174724
20
-75.805549134369556
30
0
10
30.03983612417472
20
-75.673257467702882
30
0
10
29.828169457508061
20
-75.673257467702882
30
0
0
SPLINE
5
1569
100
AcDbEntity
8
0
100
AcDbSpline
70
4
71
3
72
8
73
4
74
0
42
0.000000001
43
0.0000000001
44
0.0000000001
40
0
40
0
40
0
40
0
40
1
40
1
40
1
40
1
41
1
41
1
41
1
41
1
10
29.828169457508061
20
-75.673257467702882
30
0
10
29.219627790841393
20
-75.673257467702882
30
0
10
27.843794457508064
20
-73.794715801036205
30
0
10
27.420461124174722
20
-72.392424134369563
30
0
0
SPLINE
5
1570
100
AcDbEntity
8
0
100
AcDbSpline
70
4
71
3
72
8
73
4
74
0
42
0.000000001
43
0.0000000001
44
0.0000000001
40
0
40
0
40
0
40
0
40
1
40
1
40
1
40
1
41
1
41
1
41
1
41
1
10
27.420461124174722
20
-72.392424134369563
30
0
10
26.891294457508053
20
-70.593257467702884
30
0
10
26.891294457508053
20
-70.566799134369546
30
0
10
27.949627790841383
20
-71.307632467702874
30
0
0
SPLINE
5
1571
100
AcDbEntity
8
0
100
AcDbSpline
70
4
71
3
72
8
73
4
74
0
42
0.000000001
43
0.0000000001
44
0.0000000001
40
0
40
0
40
0
40
0
40
1
40
1
40
1
40
1
41
1
41
1
41
1
41
1
10
27.949627790841383
20
-71.307632467702874
30
0
10
28.584627790841388
20
-71.73096580103622
30
0
10
29.404836124174718
20
-71.969090801036216
30
0
10
30.542544457508054
20
-72.074924134369539
30
0
0
SPLINE
5
1572
100
AcDbEntity
8
0
100
AcDbSpline
70
4
71
3
72
8
73
4
74
0
42
0.000000001
43
0.0000000001
44
0.0000000001
40
0
40
0
40
0
40
0
40
1
40
1
40
1
40
1
41
1
41
1
41
1
41
1
10
26.547336124174727
20
-72.31304913436955
30
0
10
26.944211124174728
20
-74.165132467702875
30
0
10
28.372961124174729
20
-76.28179913436955
30
0
10
29.642961124174725
20
-76.78450746770288
30
0
0
SPLINE
5
1573
100
AcDbEntity
8
0
100
AcDbSpline
70
4
71
3
72
8
73
4
74
0
42
0.000000001
43
0.0000000001
44
0.0000000001
40
0
40
0
40
0
40
0
40
1
40
1
40
1
40
1
41
1
41
1
41
1
41
1
10
29.642961124174725
20
-76.78450746770288
30
0
10
30.225044457508055
20
-77.022632467702877
30
0
10
30.251502790841389
20
-77.102007467702862
30
0
10
29.854627790841395
20
-77.181382467702875
30
0
0
SPLINE
5
1574
100
AcDbEntity
8
0
100
AcDbSpline
70
4
71
3
72
8
73
4
74
0
42
0.000000001
43
0.0000000001
44
0.0000000001
40
0
40
0
40
0
40
0
40
1
40
1
40
1
40
1
41
1
41
1
41
1
41
1
10
29.854627790841395
20
-77.181382467702875
30
0
10
29.166711124174725
20
-77.36659080103621
30
0
10
27.129419457508057
20
-75.699715801036234
30
0
10
26.520877790841393
20
-74.482632467702885
30
0
0
SPLINE
5
1575
100
AcDbEntity
8
0
100
AcDbSpline
70
4
71
3
72
8
73
4
74
0
42
0.000000001
43
0.0000000001
44
0.0000000001
40
0
40
0
40
0
40
0
40
1
40
1
40
1
40
1
41
1
41
1
41
1
41
1
10
26.520877790841393
20
-74.482632467702885
30
0
10
25.436086124174722
20
-72.31304913436955
30
0
10
25.197961124174732
20
-71.095965801036215
30
0
10
25.885877790841391
20
-71.228257467702875
30
0
0
SPLINE
5
1576
100
AcDbEntity
8
0
100
AcDbSpline
70
4
71
3
72
8
73
4
74
0
42
0.000000001
43
0.0000000001
44
0.0000000001
40
0
40
0
40
0
40
0
40
1
40
1
40
1
40
1
41
1
41
1
41
1
41
1
10
25.885877790841391
20
-71.228257467702875
30
0
10
26.176919457508056
20
-71.28117413436955
30
0
10
26.415044457508053
20
-71.678049134369545
30
0
10
26.547336124174727
20
-72.31304913436955
30
0
0
SPLINE
5
1577
100
AcDbEntity
8
0
100
AcDbSpline
70
4
71
3
72
8
73
4
74
0
42
0.000000001
43
0.0000000001
44
0.0000000001
40
0
40
0
40
0
40
0
40
1
40
1
40
1
40
1
41
1
41
1
41
1
41
1
10
62.795252790841403
20
-72.762840801036205
30
0
10
62.610044457508067
20
-73.080340801036215
30
0
10
62.583586124174744
20
-73.318465801036226
30
0
10
62.74233612417472
20
-73.424299134369562
30
0
0
SPLINE
5
1578
100
AcDbEntity
8
0
100
AcDbSpline
70
4
71
3
72
8
73
4
74
0
42
0.000000001
43
0.0000000001
44
0.0000000001
40
0
40
0
40
0
40
0
40
1
40
1
40
1
40
1
41
1
41
1
41
1
41
1
10
62.74233612417472
20
-73.424299134369562
30
0
10
62.901086124174732
20
-73.53013246770287
30
0
10
62.9540027908414
20
-73.71534080103622
30
0
10
62.874627790841387
20
-73.847632467702894
30
0
0
SPLINE
5
1579
100
AcDbEntity
8
0
100
AcDbSpline
70
4
71
3
72
8
73
4
74
0
42
0.000000001
43
0.0000000001
44
0.0000000001
40
0
40
0
40
0
40
0
40
1
40
1
40
1
40
1
41
1
41
1
41
1
41
1
10
62.874627790841387
20
-73.847632467702894
30
0
10
62.768794457508065
20
-73.979924134369554
30
0
10
62.768794457508065
20
-74.085757467702877
30
0
10
62.874627790841387
20
-74.085757467702877
30
0
0
SPLINE
5
1580
100
AcDbEntity
8
0
100
AcDbSpline
70
4
71
3
72
8
73
4
74
0
42
0.000000001
43
0.0000000001
44
0.0000000001
40
0
40
0
40
0
40
0
40
1
40
1
40
1
40
1
41
1
41
1
41
1
41
1
10
62.874627790841387
20
-74.085757467702877
30
0
10
62.9540027908414
20
-74.085757467702877
30
0
10
63.139211124174736
20
-73.821174134369556
30
0
10
63.271502790841382
20
-73.477215801036223
30
0
0
LINE
5
1581
100
AcDbEntity
8
0
100
AcDbLine
10
63.271502790841396
20
-73.477215801036223
30
0
11
63.509627790841392
21
-72.895132467702894
31
0
0
LINE
5
1582
100
AcDbEntity
8
0
100
AcDbLine
10
63.509627790841392
20
-72.895132467702894
30
0
11
63.509627790841407
21
-73.503674134369561
31
0
0
SPLINE
5
1583
100
AcDbEntity
8
0
100
AcDbSpline
70
4
71
3
72
8
73
4
74
0
42
0.000000001
43
0.0000000001
44
0.0000000001
40
0
40
0
40
0
40
0
40
1
40
1
40
1
40
1
41
1
41
1
41
1
41
1
10
63.509627790841407
20
-73.503674134369547
30
0
10
63.53608612417473
20
-74.191590801036199
30
0
10
62.795252790841403
20
-74.588465801036222
30
0
10
62.477752790841393
20
-74.059299134369553
30
0
0
SPLINE
5
1584
100
AcDbEntity
8
0
100
AcDbSpline
70
4
71
3
72
8
73
4
74
0
42
0.000000001
43
0.0000000001
44
0.0000000001
40
0
40
0
40
0
40
0
40
1
40
1
40
1
40
1
41
1
41
1
41
1
41
1
10
62.477752790841393
20
-74.059299134369553
30
0
10
62.345461124174726
20
-73.874090801036218
30
0
10
62.292544457508058
20
-73.635965801036207
30
0
10
62.371919457508071
20
-73.53013246770287
30
0
0
SPLINE
5
1585
100
AcDbEntity
8
0
100
AcDbSpline
70
4
71
3
72
8
73
4
74
0
42
0.000000001
43
0.0000000001
44
0.0000000001
40
0
40
0
40
0
40
0
40
1
40
1
40
1
40
1
41
1
41
1
41
1
41
1
10
62.371919457508071
20
-73.53013246770287
30
0
10
62.610044457508067
20
-73.106799134369552
30
0
10
61.975044457508076
20
-73.053882467702891
30
0
10
61.260669457508072
20
-73.424299134369562
30
0
0
SPLINE
5
1586
100
AcDbEntity
8
0
100
AcDbSpline
70
4
71
3
72
8
73
4
74
0
42
0.000000001
43
0.0000000001
44
0.0000000001
40
0
40
0
40
0
40
0
40
1
40
1
40
1
40
1
41
1
41
1
41
1
41
1
10
61.260669457508072
20
-73.424299134369562
30
0
10
60.361086124174719
20
-73.874090801036218
30
0
10
60.096502790841399
20
-73.927007467702879
30
0
10
60.096502790841399
20
-73.583049134369546
30
0
0
SPLINE
5
1587
100
AcDbEntity
8
0
100
AcDbSpline
70
4
71
3
72
8
73
4
74
0
42
0.000000001
43
0.0000000001
44
0.0000000001
40
0
40
0
40
0
40
0
40
1
40
1
40
1
40
1
41
1
41
1
41
1
41
1
10
60.096502790841399
20
-73.583049134369546
30
0
10
60.096502790841399
20
-73.4507574677029
30
0
10
60.46691945750807
20
-73.265549134369536
30
0
10
60.890252790841387
20
-73.159715801036214
30
0
0
SPLINE
5
1588
100
AcDbEntity
8
0
100
AcDbSpline
70
4
71
3
72
8
73
4
74
0
42
0.000000001
43
0.0000000001
44
0.0000000001
40
0
40
0
40
0
40
0
40
1
40
1
40
1
40
1
41
1
41
1
41
1
41
1
10
60.890252790841387
20
-73.159715801036214
30
0
10
61.340044457508078
20
-73.053882467702891
30
0
10
61.631086124174729
20
-72.895132467702894
30
0
10
61.551711124174716
20
-72.762840801036205
30
0
0
SPLINE
5
1589
100
AcDbEntity
8
0
100
AcDbSpline
70
4
71
3
72
8
73
4
74
0
42
0.000000001
43
0.0000000001
44
0.0000000001
40
0
40
0
40
0
40
0
40
1
40
1
40
1
40
1
41
1
41
1
41
1
41
1
10
61.551711124174716
20
-72.762840801036205
30
0
10
61.472336124174731
20
-72.657007467702897
30
0
10
61.604627790841405
20
-72.498257467702871
30
0
10
61.816294457508064
20
-72.392424134369563
30
0
0
SPLINE
5
1590
100
AcDbEntity
8
0
100
AcDbSpline
70
4
71
3
72
8
73
4
74
0
42
0.000000001
43
0.0000000001
44
0.0000000001
40
0
40
0
40
0
40
0
40
1
40
1
40
1
40
1
41
1
41
1
41
1
41
1
10
61.816294457508064
20
-72.392424134369563
30
0
10
62.054419457508061
20
-72.31304913436955
30
0
10
62.213169457508059
20
-72.392424134369563
30
0
10
62.213169457508059
20
-72.657007467702897
30
0
0
SPLINE
5
1591
100
AcDbEntity
8
0
100
AcDbSpline
70
4
71
3
72
8
73
4
74
0
42
0.000000001
43
0.0000000001
44
0.0000000001
40
0
40
0
40
0
40
0
40
1
40
1
40
1
40
1
41
1
41
1
41
1
41
1
10
62.213169457508059
20
-72.657007467702897
30
0
10
62.213169457508059
20
-72.868674134369542
30
0
10
62.345461124174726
20
-72.974507467702878
30
0
10
62.477752790841393
20
-72.895132467702894
30
0
0
SPLINE
5
1592
100
AcDbEntity
8
0
100
AcDbSpline
70
4
71
3
72
8
73
4
74
0
42
0.000000001
43
0.0000000001
44
0.0000000001
40
0
40
0
40
0
40
0
40
1
40
1
40
1
40
1
41
1
41
1
41
1
41
1
10
62.477752790841393
20
-72.895132467702894
30
0
10
62.636502790841391
20
-72.789299134369557
30
0
10
62.689419457508052
20
-72.471799134369547
30
0
10
62.583586124174744
20
-72.154299134369552
30
0
0
SPLINE
5
1593
100
AcDbEntity
8
0
100
AcDbSpline
70
4
71
3
72
8
73
4
74
0
42
0.000000001
43
0.0000000001
44
0.0000000001
40
0
40
0
40
0
40
0
40
1
40
1
40
1
40
1
41
1
41
1
41
1
41
1
10
62.583586124174744
20
-72.154299134369552
30
0
10
62.45129445750807
20
-71.678049134369545
30
0
10
62.477752790841393
20
-71.625132467702869
30
0
10
62.768794457508065
20
-71.916174134369555
30
0
0
SPLINE
5
1594
100
AcDbEntity
8
0
100
AcDbSpline
70
4
71
3
72
8
73
4
74
0
42
0.000000001
43
0.0000000001
44
0.0000000001
40
0
40
0
40
0
40
0
40
1
40
1
40
1
40
1
41
1
41
1
41
1
41
1
10
62.768794457508065
20
-71.916174134369555
30
0
10
63.059836124174744
20
-72.180757467702875
30
0
10
63.059836124174744
20
-72.339507467702873
30
0
10
62.795252790841403
20
-72.762840801036205
30
0
0
SPLINE
5
1595
100
AcDbEntity
8
0
100
AcDbSpline
70
4
71
3
72
8
73
4
74
0
42
0.000000001
43
0.0000000001
44
0.0000000001
40
0
40
0
40
0
40
0
40
1
40
1
40
1
40
1
41
1
41
1
41
1
41
1
10
47.131919457508062
20
-72.789299134369557
30
0
10
47.6346277908414
20
-73.106799134369552
30
0
10
48.190252790841384
20
-73.556590801036208
30
0
10
48.37546112417472
20
-73.794715801036205
30
0
0
SPLINE
5
1596
100
AcDbEntity
8
0
100
AcDbSpline
70
4
71
3
72
8
73
4
74
0
42
0.000000001
43
0.0000000001
44
0.0000000001
40
0
40
0
40
0
40
0
40
1
40
1
40
1
40
1
41
1
41
1
41
1
41
1
10
48.37546112417472
20
-73.794715801036205
30
0
10
49.19566945750806
20
-74.905965801036217
30
0
10
49.089836124174731
20
-78.080965801036228
30
0
10
48.190252790841384
20
-79.165757467702889
30
0
0
SPLINE
5
1597
100
AcDbEntity
8
0
100
AcDbSpline
70
4
71
3
72
8
73
4
74
0
42
0.000000001
43
0.0000000001
44
0.0000000001
40
0
40
0
40
0
40
0
40
1
40
1
40
1
40
1
41
1
41
1
41
1
41
1
10
48.190252790841384
20
-79.165757467702889
30
0
10
47.714002790841391
20
-79.747840801036205
30
0
10
47.714002790841391
20
-79.721382467702881
30
0
10
48.190252790841384
20
-78.00159080103623
30
0
0
SPLINE
5
1598
100
AcDbEntity
8
0
100
AcDbSpline
70
4
71
3
72
8
73
4
74
0
42
0.000000001
43
0.0000000001
44
0.0000000001
40
0
40
0
40
0
40
0
40
1
40
1
40
1
40
1
41
1
41
1
41
1
41
1
10
48.190252790841384
20
-78.00159080103623
30
0
10
48.481294457508064
20
-76.916799134369555
30
0
10
48.587127790841393
20
-76.14950746770289
30
0
10
48.428377790841395
20
-76.043674134369539
30
0
0
SPLINE
5
1599
100
AcDbEntity
8
0
100
AcDbSpline
70
4
71
3
72
8
73
4
74
0
42
0.000000001
43
0.0000000001
44
0.0000000001
40
0
40
0
40
0
40
0
40
1
40
1
40
1
40
1
41
1
41
1
41
1
41
1
10
48.428377790841395
20
-76.043674134369539
30
0
10
48.296086124174735
20
-75.964299134369554
30
0
10
48.216711124174729
20
-75.752632467702895
30
0
10
48.243169457508053
20
-75.593882467702883
30
0
0
SPLINE
5
1600
100
AcDbEntity
8
0
100
AcDbSpline
70
4
71
3
72
8
73
4
74
0
42
0.000000001
43
0.0000000001
44
0.0000000001
40
0
40
0
40
0
40
0
40
1
40
1
40
1
40
1
41
1
41
1
41
1
41
1
10
48.243169457508053
20
-75.593882467702883
30
0
10
48.401919457508065
20
-74.773674134369543
30
0
10
46.629211124174724
20
-72.762840801036205
30
0
10
45.729627790841398
20
-72.762840801036205
30
0
0
SPLINE
5
1601
100
AcDbEntity
8
0
100
AcDbSpline
70
4
71
3
72
8
73
4
74
0
42
0.000000001
43
0.0000000001
44
0.0000000001
40
0
40
0
40
0
40
0
40
1
40
1
40
1
40
1
41
1
41
1
41
1
41
1
10
45.729627790841398
20
-72.762840801036205
30
0
10
45.465044457508057
20
-72.762840801036205
30
0
10
45.332752790841397
20
-72.868674134369542
30
0
10
45.412127790841396
20
-73.027424134369539
30
0
0
SPLINE
5
1602
100
AcDbEntity
8
0
100
AcDbSpline
70
4
71
3
72
8
73
4
74
0
42
0.000000001
43
0.0000000001
44
0.0000000001
40
0
40
0
40
0
40
0
40
1
40
1
40
1
40
1
41
1
41
1
41
1
41
1
10
45.412127790841396
20
-73.027424134369539
30
0
10
45.491502790841388
20
-73.159715801036214
30
0
10
45.729627790841398
20
-73.292007467702888
30
0
10
45.888377790841389
20
-73.292007467702888
30
0
0
SPLINE
5
1603
100
AcDbEntity
8
0
100
AcDbSpline
70
4
71
3
72
8
73
4
74
0
42
0.000000001
43
0.0000000001
44
0.0000000001
40
0
40
0
40
0
40
0
40
1
40
1
40
1
40
1
41
1
41
1
41
1
41
1
10
45.888377790841389
20
-73.292007467702888
30
0
10
46.232336124174729
20
-73.292007467702888
30
0
10
47.502336124174732
20
-74.720757467702867
30
0
10
47.555252790841394
20
-75.144090801036214
30
0
0
SPLINE
5
1604
100
AcDbEntity
8
0
100
AcDbSpline
70
4
71
3
72
8
73
4
74
0
42
0.000000001
43
0.0000000001
44
0.0000000001
40
0
40
0
40
0
40
0
40
1
40
1
40
1
40
1
41
1
41
1
41
1
41
1
10
47.555252790841394
20
-75.144090801036214
30
0
10
47.581711124174717
20
-75.302840801036211
30
0
10
47.608169457508055
20
-75.435132467702886
30
0
10
47.6346277908414
20
-75.461590801036209
30
0
0
SPLINE
5
1605
100
AcDbEntity
8
0
100
AcDbSpline
70
4
71
3
72
8
73
4
74
0
42
0.000000001
43
0.0000000001
44
0.0000000001
40
0
40
0
40
0
40
0
40
1
40
1
40
1
40
1
41
1
41
1
41
1
41
1
10
47.6346277908414
20
-75.461590801036209
30
0
10
47.661086124174723
20
-75.51450746770287
30
0
10
47.740461124174729
20
-75.964299134369554
30
0
10
47.819836124174728
20
-76.467007467702871
30
0
0
SPLINE
5
1606
100
AcDbEntity
8
0
100
AcDbSpline
70
4
71
3
72
8
73
4
74
0
42
0.000000001
43
0.0000000001
44
0.0000000001
40
0
40
0
40
0
40
0
40
1
40
1
40
1
40
1
41
1
41
1
41
1
41
1
10
47.819836124174728
20
-76.467007467702871
30
0
10
47.952127790841395
20
-77.525340801036222
30
0
10
47.6346277908414
20
-77.287215801036226
30
0
10
47.131919457508062
20
-75.937840801036202
30
0
0
SPLINE
5
1607
100
AcDbEntity
8
0
100
AcDbSpline
70
4
71
3
72
8
73
4
74
0
42
0.000000001
43
0.0000000001
44
0.0000000001
40
0
40
0
40
0
40
0
40
1
40
1
40
1
40
1
41
1
41
1
41
1
41
1
10
47.131919457508062
20
-75.937840801036202
30
0
10
46.735044457508053
20
-74.879507467702879
30
0
10
45.359211124174728
20
-73.292007467702888
30
0
10
44.830044457508066
20
-73.292007467702888
30
0
0
SPLINE
5
1608
100
AcDbEntity
8
0
100
AcDbSpline
70
4
71
3
72
8
73
4
74
0
42
0.000000001
43
0.0000000001
44
0.0000000001
40
0
40
0
40
0
40
0
40
1
40
1
40
1
40
1
41
1
41
1
41
1
41
1
10
44.830044457508066
20
-73.292007467702888
30
0
10
44.30087779084139
20
-73.292007467702888
30
0
10
44.433169457508058
20
-72.921590801036217
30
0
10
45.094627790841393
20
-72.604090801036207
30
0
0
SPLINE
5
1609
100
AcDbEntity
8
0
100
AcDbSpline
70
4
71
3
72
8
73
4
74
0
42
0.000000001
43
0.0000000001
44
0.0000000001
40
0
40
0
40
0
40
0
40
1
40
1
40
1
40
1
41
1
41
1
41
1
41
1
10
45.094627790841393
20
-72.604090801036207
30
0
10
45.941294457508057
20
-72.154299134369552
30
0
10
46.100044457508062
20
-72.180757467702875
30
0
10
47.131919457508062
20
-72.789299134369557
30
0
0
SPLINE
5
1610
100
AcDbEntity
8
0
100
AcDbSpline
70
4
71
3
72
8
73
4
74
0
42
0.000000001
43
0.0000000001
44
0.0000000001
40
0
40
0
40
0
40
0
40
1
40
1
40
1
40
1
41
1
41
1
41
1
41
1
10
24.642336124174726
20
-73.821174134369556
30
0
10
24.854002790841392
20
-75.038257467702891
30
0
10
25.303794457508051
20
-75.805549134369556
30
0
10
26.309211124174723
20
-76.758049134369557
30
0
0
SPLINE
5
1611
100
AcDbEntity
8
0
100
AcDbSpline
70
4
71
3
72
8
73
4
74
0
42
0.000000001
43
0.0000000001
44
0.0000000001
40
0
40
0
40
0
40
0
40
1
40
1
40
1
40
1
41
1
41
1
41
1
41
1
10
26.309211124174723
20
-76.758049134369557
30
0
10
26.864836124174722
20
-77.260757467702888
30
0
10
26.970669457508059
20
-77.472424134369561
30
0
10
26.653169457508064
20
-77.340132467702887
30
0
0
SPLINE
5
1612
100
AcDbEntity
8
0
100
AcDbSpline
70
4
71
3
72
8
73
4
74
0
42
0.000000001
43
0.0000000001
44
0.0000000001
40
0
40
0
40
0
40
0
40
1
40
1
40
1
40
1
41
1
41
1
41
1
41
1
10
26.653169457508064
20
-77.340132467702887
30
0
10
26.309211124174723
20
-77.234299134369536
30
0
10
26.203377790841387
20
-77.260757467702888
30
0
10
26.335669457508057
20
-77.472424134369561
30
0
0
SPLINE
5
1613
100
AcDbEntity
8
0
100
AcDbSpline
70
4
71
3
72
8
73
4
74
0
42
0.000000001
43
0.0000000001
44
0.0000000001
40
0
40
0
40
0
40
0
40
1
40
1
40
1
40
1
41
1
41
1
41
1
41
1
10
26.335669457508057
20
-77.472424134369561
30
0
10
26.441502790841387
20
-77.657632467702882
30
0
10
27.076502790841388
20
-77.81638246770288
30
0
10
27.764419457508058
20
-77.81638246770288
30
0
0
LINE
5
1614
100
AcDbEntity
8
0
100
AcDbLine
10
27.764419457508062
20
-77.81638246770288
30
0
11
29.007961124174724
21
-77.842840801036203
31
0
0
LINE
5
1615
100
AcDbEntity
8
0
100
AcDbLine
10
29.007961124174724
20
-77.842840801036203
30
0
11
27.605669457508061
21
-78.054507467702877
31
0
0
SPLINE
5
1616
100
AcDbEntity
8
0
100
AcDbSpline
70
4
71
3
72
8
73
4
74
0
42
0.000000001
43
0.0000000001
44
0.0000000001
40
0
40
0
40
0
40
0
40
1
40
1
40
1
40
1
41
1
41
1
41
1
41
1
10
27.605669457508057
20
-78.054507467702891
30
0
10
26.838377790841392
20
-78.160340801036213
30
0
10
26.044627790841393
20
-78.398465801036224
30
0
10
25.832961124174723
20
-78.583674134369545
30
0
0
SPLINE
5
1617
100
AcDbEntity
8
0
100
AcDbSpline
70
4
71
3
72
8
73
4
74
0
42
0.000000001
43
0.0000000001
44
0.0000000001
40
0
40
0
40
0
40
0
40
1
40
1
40
1
40
1
41
1
41
1
41
1
41
1
10
25.832961124174723
20
-78.583674134369545
30
0
10
25.594836124174726
20
-78.768882467702895
30
0
10
25.356711124174723
20
-78.848257467702879
30
0
10
25.277336124174717
20
-78.768882467702895
30
0
0
SPLINE
5
1618
100
AcDbEntity
8
0
100
AcDbSpline
70
4
71
3
72
8
73
4
74
0
42
0.000000001
43
0.0000000001
44
0.0000000001
40
0
40
0
40
0
40
0
40
1
40
1
40
1
40
1
41
1
41
1
41
1
41
1
10
25.277336124174717
20
-78.768882467702895
30
0
10
25.197961124174732
20
-78.689507467702882
30
0
10
25.356711124174723
20
-78.451382467702885
30
0
10
25.674211124174722
20
-78.26617413436955
30
0
0
SPLINE
5
1619
100
AcDbEntity
8
0
100
AcDbSpline
70
4
71
3
72
8
73
4
74
0
42
0.000000001
43
0.0000000001
44
0.0000000001
40
0
40
0
40
0
40
0
40
1
40
1
40
1
40
1
41
1
41
1
41
1
41
1
10
25.674211124174722
20
-78.26617413436955
30
0
10
26.362127790841392
20
-77.842840801036203
30
0
10
26.388586124174729
20
-77.525340801036222
30
0
10
25.780044457508062
20
-77.498882467702884
30
0
0
SPLINE
5
1620
100
AcDbEntity
8
0
100
AcDbSpline
70
4
71
3
72
8
73
4
74
0
42
0.000000001
43
0.0000000001
44
0.0000000001
40
0
40
0
40
0
40
0
40
1
40
1
40
1
40
1
41
1
41
1
41
1
41
1
10
25.780044457508062
20
-77.498882467702884
30
0
10
25.356711124174723
20
-77.472424134369561
30
0
10
25.356711124174723
20
-77.445965801036209
30
0
10
25.780044457508062
20
-77.340132467702887
30
0
0
SPLINE
5
1621
100
AcDbEntity
8
0
100
AcDbSpline
70
4
71
3
72
8
73
4
74
0
42
0.000000001
43
0.0000000001
44
0.0000000001
40
0
40
0
40
0
40
0
40
1
40
1
40
1
40
1
41
1
41
1
41
1
41
1
10
25.780044457508062
20
-77.340132467702887
30
0
10
26.256294457508062
20
-77.207840801036212
30
0
10
26.256294457508062
20
-77.181382467702875
30
0
10
25.727127790841394
20
-76.810965801036218
30
0
0
SPLINE
5
1622
100
AcDbEntity
8
0
100
AcDbSpline
70
4
71
3
72
8
73
4
74
0
42
0.000000001
43
0.0000000001
44
0.0000000001
40
0
40
0
40
0
40
0
40
1
40
1
40
1
40
1
41
1
41
1
41
1
41
1
10
25.727127790841394
20
-76.810965801036218
30
0
10
25.118586124174726
20
-76.387632467702886
30
0
10
24.536502790841396
20
-75.38221580103621
30
0
10
23.954419457508056
20
-73.768257467702881
30
0
0
SPLINE
5
1623
100
AcDbEntity
8
0
100
AcDbSpline
70
4
71
3
72
8
73
4
74
0
42
0.000000001
43
0.0000000001
44
0.0000000001
40
0
40
0
40
0
40
0
40
1
40
1
40
1
40
1
41
1
41
1
41
1
41
1
10
23.954419457508056
20
-73.768257467702881
30
0
10
23.636919457508057
20
-72.81575746770288
30
0
10
23.636919457508057
20
-72.736382467702882
30
0
10
24.060252790841396
20
-72.81575746770288
30
0
0
SPLINE
5
1624
100
AcDbEntity
8
0
100
AcDbSpline
70
4
71
3
72
8
73
4
74
0
42
0.000000001
43
0.0000000001
44
0.0000000001
40
0
40
0
40
0
40
0
40
1
40
1
40
1
40
1
41
1
41
1
41
1
41
1
10
24.060252790841396
20
-72.81575746770288
30
0
10
24.324836124174727
20
-72.868674134369542
30
0
10
24.562961124174727
20
-73.239090801036212
30
0
10
24.642336124174726
20
-73.821174134369556
30
0
0
SPLINE
5
1625
100
AcDbEntity
8
0
100
AcDbSpline
70
4
71
3
72
8
73
4
74
0
42
0.000000001
43
0.0000000001
44
0.0000000001
40
0
40
0
40
0
40
0
40
1
40
1
40
1
40
1
41
1
41
1
41
1
41
1
10
15.911086124174719
20
-73.688882467702882
30
0
10
15.911086124174719
20
-73.874090801036218
30
0
10
15.725877790841389
20
-74.165132467702875
30
0
10
15.487752790841389
20
-74.29742413436955
30
0
0
SPLINE
5
1626
100
AcDbEntity
8
0
100
AcDbSpline
70
4
71
3
72
8
73
4
74
0
42
0.000000001
43
0.0000000001
44
0.0000000001
40
0
40
0
40
0
40
0
40
1
40
1
40
1
40
1
41
1
41
1
41
1
41
1
10
15.487752790841389
20
-74.29742413436955
30
0
10
15.276086124174718
20
-74.429715801036224
30
0
10
15.037961124174725
20
-74.720757467702867
30
0
10
14.958586124174719
20
-74.958882467702892
30
0
0
SPLINE
5
1627
100
AcDbEntity
8
0
100
AcDbSpline
70
4
71
3
72
8
73
4
74
0
42
0.000000001
43
0.0000000001
44
0.0000000001
40
0
40
0
40
0
40
0
40
1
40
1
40
1
40
1
41
1
41
1
41
1
41
1
10
14.958586124174719
20
-74.958882467702892
30
0
10
14.905669457508054
20
-75.197007467702889
30
0
10
14.799836124174721
20
-75.408674134369548
30
0
10
14.720461124174719
20
-75.408674134369548
30
0
0
SPLINE
5
1628
100
AcDbEntity
8
0
100
AcDbSpline
70
4
71
3
72
8
73
4
74
0
42
0.000000001
43
0.0000000001
44
0.0000000001
40
0
40
0
40
0
40
0
40
1
40
1
40
1
40
1
41
1
41
1
41
1
41
1
10
14.720461124174719
20
-75.408674134369548
30
0
10
14.641086124174723
20
-75.408674134369548
30
0
10
14.482336124174719
20
-75.408674134369548
30
0
10
14.323586124174721
20
-75.408674134369548
30
0
0
SPLINE
5
1629
100
AcDbEntity
8
0
100
AcDbSpline
70
4
71
3
72
8
73
4
74
0
42
0.000000001
43
0.0000000001
44
0.0000000001
40
0
40
0
40
0
40
0
40
1
40
1
40
1
40
1
41
1
41
1
41
1
41
1
10
14.323586124174721
20
-75.408674134369548
30
0
10
13.95316945750805
20
-75.408674134369548
30
0
10
14.006086124174724
20
-73.979924134369554
30
0
10
14.376502790841389
20
-73.609507467702869
30
0
0
SPLINE
5
1630
100
AcDbEntity
8
0
100
AcDbSpline
70
4
71
3
72
8
73
4
74
0
42
0.000000001
43
0.0000000001
44
0.0000000001
40
0
40
0
40
0
40
0
40
1
40
1
40
1
40
1
41
1
41
1
41
1
41
1
10
14.376502790841389
20
-73.609507467702869
30
0
10
14.826294457508054
20
-73.159715801036214
30
0
10
15.911086124174719
20
-73.212632467702875
30
0
10
15.911086124174719
20
-73.688882467702882
30
0
0
SPLINE
5
1631
100
AcDbEntity
8
0
100
AcDbSpline
70
4
71
3
72
8
73
4
74
0
42
0.000000001
43
0.0000000001
44
0.0000000001
40
0
40
0
40
0
40
0
40
1
40
1
40
1
40
1
41
1
41
1
41
1
41
1
10
45.597336124174731
20
-74.429715801036224
30
0
10
45.888377790841389
20
-74.747215801036205
30
0
10
46.311711124174728
20
-75.355757467702887
30
0
10
46.523377790841394
20
-75.805549134369556
30
0
0
SPLINE
5
1632
100
AcDbEntity
8
0
100
AcDbSpline
70
4
71
3
72
8
73
4
74
0
42
0.000000001
43
0.0000000001
44
0.0000000001
40
0
40
0
40
0
40
0
40
1
40
1
40
1
40
1
41
1
41
1
41
1
41
1
10
46.523377790841394
20
-75.805549134369556
30
0
10
46.735044457508053
20
-76.228882467702888
30
0
10
47.158377790841399
20
-76.837424134369542
30
0
10
47.422961124174734
20
-77.154924134369551
30
0
0
SPLINE
5
1633
100
AcDbEntity
8
0
100
AcDbSpline
70
4
71
3
72
8
73
4
74
0
42
0.000000001
43
0.0000000001
44
0.0000000001
40
0
40
0
40
0
40
0
40
1
40
1
40
1
40
1
41
1
41
1
41
1
41
1
10
47.422961124174734
20
-77.154924134369551
30
0
10
47.846294457508058
20
-77.604715801036207
30
0
10
47.899211124174734
20
-77.81638246770288
30
0
10
47.6346277908414
20
-78.530757467702884
30
0
0
SPLINE
5
1634
100
AcDbEntity
8
0
100
AcDbSpline
70
4
71
3
72
8
73
4
74
0
42
0.000000001
43
0.0000000001
44
0.0000000001
40
0
40
0
40
0
40
0
40
1
40
1
40
1
40
1
41
1
41
1
41
1
41
1
10
47.6346277908414
20
-78.530757467702884
30
0
10
47.475877790841395
20
-79.007007467702891
30
0
10
47.237752790841398
20
-79.377424134369534
30
0
10
47.105461124174724
20
-79.377424134369534
30
0
0
SPLINE
5
1635
100
AcDbEntity
8
0
100
AcDbSpline
70
4
71
3
72
8
73
4
74
0
42
0.000000001
43
0.0000000001
44
0.0000000001
40
0
40
0
40
0
40
0
40
1
40
1
40
1
40
1
41
1
41
1
41
1
41
1
10
47.105461124174724
20
-79.377424134369534
30
0
10
46.973169457508057
20
-79.377424134369534
30
0
10
46.999627790841387
20
-79.059924134369552
30
0
10
47.131919457508062
20
-78.689507467702882
30
0
0
SPLINE
5
1636
100
AcDbEntity
8
0
100
AcDbSpline
70
4
71
3
72
8
73
4
74
0
42
0.000000001
43
0.0000000001
44
0.0000000001
40
0
40
0
40
0
40
0
40
1
40
1
40
1
40
1
41
1
41
1
41
1
41
1
10
47.131919457508062
20
-78.689507467702882
30
0
10
47.528794457508063
20
-77.68409080103622
30
0
10
47.449419457508057
20
-77.578257467702883
30
0
10
46.920252790841403
20
-78.398465801036224
30
0
0
SPLINE
5
1637
100
AcDbEntity
8
0
100
AcDbSpline
70
4
71
3
72
8
73
4
74
0
42
0.000000001
43
0.0000000001
44
0.0000000001
40
0
40
0
40
0
40
0
40
1
40
1
40
1
40
1
41
1
41
1
41
1
41
1
10
46.920252790841403
20
-78.398465801036224
30
0
10
46.655669457508054
20
-78.795340801036218
30
0
10
46.364627790841396
20
-79.033465801036215
30
0
10
46.25879445750806
20
-78.954090801036202
30
0
0
SPLINE
5
1638
100
AcDbEntity
8
0
100
AcDbSpline
70
4
71
3
72
8
73
4
74
0
42
0.000000001
43
0.0000000001
44
0.0000000001
40
0
40
0
40
0
40
0
40
1
40
1
40
1
40
1
41
1
41
1
41
1
41
1
10
46.25879445750806
20
-78.954090801036202
30
0
10
46.152961124174723
20
-78.848257467702879
30
0
10
45.914836124174727
20
-78.901174134369541
30
0
10
45.729627790841398
20
-79.059924134369552
30
0
0
SPLINE
5
1639
100
AcDbEntity
8
0
100
AcDbSpline
70
4
71
3
72
8
73
4
74
0
42
0.000000001
43
0.0000000001
44
0.0000000001
40
0
40
0
40
0
40
0
40
1
40
1
40
1
40
1
41
1
41
1
41
1
41
1
10
45.729627790841398
20
-79.059924134369552
30
0
10
45.517961124174718
20
-79.245132467702888
30
0
10
45.279836124174722
20
-79.298049134369549
30
0
10
45.200461124174723
20
-79.192215801036227
30
0
0
SPLINE
5
1640
100
AcDbEntity
8
0
100
AcDbSpline
70
4
71
3
72
8
73
4
74
0
42
0.000000001
43
0.0000000001
44
0.0000000001
40
0
40
0
40
0
40
0
40
1
40
1
40
1
40
1
41
1
41
1
41
1
41
1
10
45.200461124174723
20
-79.192215801036227
30
0
10
44.882961124174727
20
-78.874715801036217
30
0
10
45.015252790841387
20
-78.583674134369545
30
0
10
45.465044457508057
20
-78.583674134369545
30
0
0
SPLINE
5
1641
100
AcDbEntity
8
0
100
AcDbSpline
70
4
71
3
72
8
73
4
74
0
42
0.000000001
43
0.0000000001
44
0.0000000001
40
0
40
0
40
0
40
0
40
1
40
1
40
1
40
1
41
1
41
1
41
1
41
1
10
45.465044457508057
20
-78.583674134369545
30
0
10
45.835461124174728
20
-78.583674134369545
30
0
10
45.861919457508058
20
-78.530757467702884
30
0
10
45.570877790841394
20
-78.239715801036198
30
0
0
SPLINE
5
1642
100
AcDbEntity
8
0
100
AcDbSpline
70
4
71
3
72
8
73
4
74
0
42
0.000000001
43
0.0000000001
44
0.0000000001
40
0
40
0
40
0
40
0
40
1
40
1
40
1
40
1
41
1
41
1
41
1
41
1
10
45.570877790841394
20
-78.239715801036198
30
0
10
45.306294457508059
20
-77.975132467702878
30
0
10
45.174002790841392
20
-78.028049134369553
30
0
10
44.856502790841397
20
-78.424924134369547
30
0
0
SPLINE
5
1643
100
AcDbEntity
8
0
100
AcDbSpline
70
4
71
3
72
8
73
4
74
0
42
0.000000001
43
0.0000000001
44
0.0000000001
40
0
40
0
40
0
40
0
40
1
40
1
40
1
40
1
41
1
41
1
41
1
41
1
10
44.856502790841397
20
-78.424924134369547
30
0
10
44.539002790841394
20
-78.874715801036217
30
0
10
44.539002790841394
20
-79.007007467702891
30
0
10
44.882961124174727
20
-79.377424134369534
30
0
0
SPLINE
5
1644
100
AcDbEntity
8
0
100
AcDbSpline
70
4
71
3
72
8
73
4
74
0
42
0.000000001
43
0.0000000001
44
0.0000000001
40
0
40
0
40
0
40
0
40
1
40
1
40
1
40
1
41
1
41
1
41
1
41
1
10
44.882961124174727
20
-79.377424134369534
30
0
10
45.385669457508058
20
-79.933049134369554
30
0
10
45.385669457508058
20
-80.197632467702888
30
0
10
44.882961124174727
20
-80.012424134369539
30
0
0
SPLINE
5
1645
100
AcDbEntity
8
0
100
AcDbSpline
70
4
71
3
72
8
73
4
74
0
42
0.000000001
43
0.0000000001
44
0.0000000001
40
0
40
0
40
0
40
0
40
1
40
1
40
1
40
1
41
1
41
1
41
1
41
1
10
44.882961124174727
20
-80.012424134369539
30
0
10
44.406711124174727
20
-79.827215801036218
30
0
10
44.353794457508052
20
-80.462215801036223
30
0
10
44.803586124174728
20
-80.912007467702892
30
0
0
SPLINE
5
1646
100
AcDbEntity
8
0
100
AcDbSpline
70
4
71
3
72
8
73
4
74
0
42
0.000000001
43
0.0000000001
44
0.0000000001
40
0
40
0
40
0
40
0
40
1
40
1
40
1
40
1
41
1
41
1
41
1
41
1
10
44.803586124174728
20
-80.912007467702892
30
0
10
45.041711124174732
20
-81.150132467702875
30
0
10
45.041711124174732
20
-81.229507467702874
30
0
10
44.830044457508066
20
-81.229507467702874
30
0
0
SPLINE
5
1647
100
AcDbEntity
8
0
100
AcDbSpline
70
4
71
3
72
8
73
4
74
0
42
0.000000001
43
0.0000000001
44
0.0000000001
40
0
40
0
40
0
40
0
40
1
40
1
40
1
40
1
41
1
41
1
41
1
41
1
10
44.830044457508066
20
-81.229507467702874
30
0
10
44.644836124174731
20
-81.229507467702874
30
0
10
44.433169457508058
20
-81.097215801036228
30
0
10
44.353794457508052
20
-80.964924134369554
30
0
0
SPLINE
5
1648
100
AcDbEntity
8
0
100
AcDbSpline
70
4
71
3
72
8
73
4
74
0
42
0.000000001
43
0.0000000001
44
0.0000000001
40
0
40
0
40
0
40
0
40
1
40
1
40
1
40
1
41
1
41
1
41
1
41
1
10
44.353794457508052
20
-80.964924134369554
30
0
10
44.247961124174736
20
-80.806174134369542
30
0
10
44.062752790841387
20
-80.75325746770288
30
0
10
43.930461124174727
20
-80.859090801036217
30
0
0
SPLINE
5
1649
100
AcDbEntity
8
0
100
AcDbSpline
70
4
71
3
72
8
73
4
74
0
42
0.000000001
43
0.0000000001
44
0.0000000001
40
0
40
0
40
0
40
0
40
1
40
1
40
1
40
1
41
1
41
1
41
1
41
1
10
43.930461124174727
20
-80.859090801036217
30
0
10
43.771711124174722
20
-80.938465801036216
30
0
10
43.798169457508052
20
-81.176590801036212
30
0
10
44.009836124174726
20
-81.414715801036209
30
0
0
SPLINE
5
1650
100
AcDbEntity
8
0
100
AcDbSpline
70
4
71
3
72
8
73
4
74
0
42
0.000000001
43
0.0000000001
44
0.0000000001
40
0
40
0
40
0
40
0
40
1
40
1
40
1
40
1
41
1
41
1
41
1
41
1
10
44.009836124174726
20
-81.414715801036209
30
0
10
44.30087779084139
20
-81.78513246770288
30
0
10
44.274419457508067
20
-81.811590801036203
30
0
10
43.718794457508061
20
-81.626382467702882
30
0
0
SPLINE
5
1651
100
AcDbEntity
8
0
100
AcDbSpline
70
4
71
3
72
8
73
4
74
0
42
0.000000001
43
0.0000000001
44
0.0000000001
40
0
40
0
40
0
40
0
40
1
40
1
40
1
40
1
41
1
41
1
41
1
41
1
10
43.718794457508061
20
-81.626382467702882
30
0
10
43.189627790841392
20
-81.467632467702884
30
0
10
43.1102527908414
20
-81.52054913436956
30
0
10
43.24254445750806
20
-81.864507467702879
30
0
0
SPLINE
5
1652
100
AcDbEntity
8
0
100
AcDbSpline
70
4
71
3
72
8
73
4
74
0
42
0.000000001
43
0.0000000001
44
0.0000000001
40
0
40
0
40
0
40
0
40
1
40
1
40
1
40
1
41
1
41
1
41
1
41
1
10
43.24254445750806
20
-81.864507467702879
30
0
10
43.454211124174726
20
-82.393674134369533
30
0
10
43.083794457508063
20
-82.420132467702871
30
0
10
42.660461124174731
20
-81.917424134369554
30
0
0
SPLINE
5
1653
100
AcDbEntity
8
0
100
AcDbSpline
70
4
71
3
72
8
73
4
74
0
42
0.000000001
43
0.0000000001
44
0.0000000001
40
0
40
0
40
0
40
0
40
1
40
1
40
1
40
1
41
1
41
1
41
1
41
1
10
42.660461124174731
20
-81.917424134369554
30
0
10
42.395877790841396
20
-81.626382467702882
30
0
10
42.448794457508058
20
-81.494090801036222
30
0
10
42.819211124174728
20
-81.388257467702886
30
0
0
SPLINE
5
1654
100
AcDbEntity
8
0
100
AcDbSpline
70
4
71
3
72
8
73
4
74
0
42
0.000000001
43
0.0000000001
44
0.0000000001
40
0
40
0
40
0
40
0
40
1
40
1
40
1
40
1
41
1
41
1
41
1
41
1
10
42.819211124174728
20
-81.388257467702886
30
0
10
43.454211124174726
20
-81.176590801036212
30
0
10
44.512544457508064
20
-79.509715801036208
30
0
10
44.327336124174721
20
-79.033465801036215
30
0
0
SPLINE
5
1655
100
AcDbEntity
8
0
100
AcDbSpline
70
4
71
3
72
8
73
4
74
0
42
0.000000001
43
0.0000000001
44
0.0000000001
40
0
40
0
40
0
40
0
40
1
40
1
40
1
40
1
41
1
41
1
41
1
41
1
10
44.327336124174721
20
-79.033465801036215
30
0
10
44.247961124174736
20
-78.821799134369542
30
0
10
44.380252790841396
20
-78.451382467702885
30
0
10
44.618377790841386
20
-78.213257467702874
30
0
0
SPLINE
5
1656
100
AcDbEntity
8
0
100
AcDbSpline
70
4
71
3
72
8
73
4
74
0
42
0.000000001
43
0.0000000001
44
0.0000000001
40
0
40
0
40
0
40
0
40
1
40
1
40
1
40
1
41
1
41
1
41
1
41
1
10
44.618377790841386
20
-78.213257467702874
30
0
10
44.962336124174726
20
-77.895757467702879
30
0
10
45.015252790841387
20
-77.525340801036222
30
0
10
44.882961124174727
20
-76.837424134369542
30
0
0
SPLINE
5
1657
100
AcDbEntity
8
0
100
AcDbSpline
70
4
71
3
72
8
73
4
74
0
42
0.000000001
43
0.0000000001
44
0.0000000001
40
0
40
0
40
0
40
0
40
1
40
1
40
1
40
1
41
1
41
1
41
1
41
1
10
44.882961124174727
20
-76.837424134369542
30
0
10
44.777127790841398
20
-76.202424134369551
30
0
10
44.803586124174728
20
-75.937840801036202
30
0
10
44.988794457508057
20
-76.070132467702877
30
0
0
SPLINE
5
1658
100
AcDbEntity
8
0
100
AcDbSpline
70
4
71
3
72
8
73
4
74
0
42
0.000000001
43
0.0000000001
44
0.0000000001
40
0
40
0
40
0
40
0
40
1
40
1
40
1
40
1
41
1
41
1
41
1
41
1
10
44.988794457508057
20
-76.070132467702877
30
0
10
45.147544457508062
20
-76.14950746770289
30
0
10
45.279836124174722
20
-76.572840801036207
30
0
10
45.279836124174722
20
-76.996174134369554
30
0
0
SPLINE
5
1659
100
AcDbEntity
8
0
100
AcDbSpline
70
4
71
3
72
8
73
4
74
0
42
0.000000001
43
0.0000000001
44
0.0000000001
40
0
40
0
40
0
40
0
40
1
40
1
40
1
40
1
41
1
41
1
41
1
41
1
10
45.279836124174722
20
-76.996174134369554
30
0
10
45.279836124174722
20
-77.948674134369554
30
0
10
46.629211124174724
20
-78.530757467702884
30
0
10
46.946711124174726
20
-77.68409080103622
30
0
0
SPLINE
5
1660
100
AcDbEntity
8
0
100
AcDbSpline
70
4
71
3
72
8
73
4
74
0
42
0.000000001
43
0.0000000001
44
0.0000000001
40
0
40
0
40
0
40
0
40
1
40
1
40
1
40
1
41
1
41
1
41
1
41
1
10
46.946711124174726
20
-77.68409080103622
30
0
10
47.079002790841393
20
-77.340132467702887
30
0
10
46.126502790841393
20
-76.096590801036228
30
0
10
45.491502790841388
20
-75.858465801036203
30
0
0
SPLINE
5
1661
100
AcDbEntity
8
0
100
AcDbSpline
70
4
71
3
72
8
73
4
74
0
42
0.000000001
43
0.0000000001
44
0.0000000001
40
0
40
0
40
0
40
0
40
1
40
1
40
1
40
1
41
1
41
1
41
1
41
1
10
45.491502790841388
20
-75.858465801036203
30
0
10
45.22691945750806
20
-75.752632467702895
30
0
10
45.22691945750806
20
-75.646799134369545
30
0
10
45.544419457508056
20
-75.435132467702886
30
0
0
SPLINE
5
1662
100
AcDbEntity
8
0
100
AcDbSpline
70
4
71
3
72
8
73
4
74
0
42
0.000000001
43
0.0000000001
44
0.0000000001
40
0
40
0
40
0
40
0
40
1
40
1
40
1
40
1
41
1
41
1
41
1
41
1
10
45.544419457508056
20
-75.435132467702886
30
0
10
45.80900279084139
20
-75.24992413436955
30
0
10
45.835461124174728
20
-75.144090801036214
30
0
10
45.623794457508062
20
-75.144090801036214
30
0
0
SPLINE
5
1663
100
AcDbEntity
8
0
100
AcDbSpline
70
4
71
3
72
8
73
4
74
0
42
0.000000001
43
0.0000000001
44
0.0000000001
40
0
40
0
40
0
40
0
40
1
40
1
40
1
40
1
41
1
41
1
41
1
41
1
10
45.623794457508062
20
-75.144090801036214
30
0
10
45.121086124174724
20
-75.144090801036214
30
0
10
44.221502790841392
20
-76.14950746770289
30
0
10
44.353794457508052
20
-76.519924134369546
30
0
0
SPLINE
5
1664
100
AcDbEntity
8
0
100
AcDbSpline
70
4
71
3
72
8
73
4
74
0
42
0.000000001
43
0.0000000001
44
0.0000000001
40
0
40
0
40
0
40
0
40
1
40
1
40
1
40
1
41
1
41
1
41
1
41
1
10
44.353794457508052
20
-76.519924134369546
30
0
10
44.433169457508058
20
-76.705132467702867
30
0
10
44.195044457508061
20
-77.68409080103622
30
0
10
43.851086124174728
20
-78.715965801036219
30
0
0
SPLINE
5
1665
100
AcDbEntity
8
0
100
AcDbSpline
70
4
71
3
72
8
73
4
74
0
42
0.000000001
43
0.0000000001
44
0.0000000001
40
0
40
0
40
0
40
0
40
1
40
1
40
1
40
1
41
1
41
1
41
1
41
1
10
43.851086124174728
20
-78.715965801036219
30
0
10
43.401294457508058
20
-80.012424134369539
30
0
10
43.030877790841387
20
-80.673882467702867
30
0
10
42.607544457508055
20
-80.912007467702892
30
0
0
SPLINE
5
1666
100
AcDbEntity
8
0
100
AcDbSpline
70
4
71
3
72
8
73
4
74
0
42
0.000000001
43
0.0000000001
44
0.0000000001
40
0
40
0
40
0
40
0
40
1
40
1
40
1
40
1
41
1
41
1
41
1
41
1
10
42.607544457508055
20
-80.912007467702892
30
0
10
42.025461124174726
20
-81.203049134369536
30
0
10
41.893169457508066
20
-81.150132467702875
30
0
10
41.25816945750806
20
-80.382840801036224
30
0
0
SPLINE
5
1667
100
AcDbEntity
8
0
100
AcDbSpline
70
4
71
3
72
8
73
4
74
0
42
0.000000001
43
0.0000000001
44
0.0000000001
40
0
40
0
40
0
40
0
40
1
40
1
40
1
40
1
41
1
41
1
41
1
41
1
10
41.25816945750806
20
-80.382840801036224
30
0
10
40.861294457508059
20
-79.933049134369554
30
0
10
40.464419457508065
20
-79.21867413436955
30
0
10
40.385044457508059
20
-78.795340801036218
30
0
0
SPLINE
5
1668
100
AcDbEntity
8
0
100
AcDbSpline
70
4
71
3
72
8
73
4
74
0
42
0.000000001
43
0.0000000001
44
0.0000000001
40
0
40
0
40
0
40
0
40
1
40
1
40
1
40
1
41
1
41
1
41
1
41
1
10
40.385044457508059
20
-78.795340801036218
30
0
10
40.279211124174729
20
-78.398465801036224
30
0
10
40.094002790841394
20
-78.054507467702891
30
0
10
39.96171112417472
20
-78.054507467702891
30
0
0
SPLINE
5
1669
100
AcDbEntity
8
0
100
AcDbSpline
70
4
71
3
72
8
73
4
74
0
42
0.000000001
43
0.0000000001
44
0.0000000001
40
0
40
0
40
0
40
0
40
1
40
1
40
1
40
1
41
1
41
1
41
1
41
1
10
39.96171112417472
20
-78.054507467702891
30
0
10
39.82941945750806
20
-78.054507467702891
30
0
10
39.723586124174723
20
-77.763465801036205
30
0
10
39.723586124174723
20
-77.393049134369548
30
0
0
SPLINE
5
1670
100
AcDbEntity
8
0
100
AcDbSpline
70
4
71
3
72
8
73
4
74
0
42
0.000000001
43
0.0000000001
44
0.0000000001
40
0
40
0
40
0
40
0
40
1
40
1
40
1
40
1
41
1
41
1
41
1
41
1
10
39.723586124174723
20
-77.393049134369548
30
0
10
39.723586124174723
20
-77.022632467702877
30
0
10
39.617752790841394
20
-76.731590801036219
30
0
10
39.459002790841389
20
-76.731590801036219
30
0
0
SPLINE
5
1671
100
AcDbEntity
8
0
100
AcDbSpline
70
4
71
3
72
8
73
4
74
0
42
0.000000001
43
0.0000000001
44
0.0000000001
40
0
40
0
40
0
40
0
40
1
40
1
40
1
40
1
41
1
41
1
41
1
41
1
10
39.459002790841389
20
-76.731590801036219
30
0
10
39.326711124174729
20
-76.731590801036219
30
0
10
39.194419457508054
20
-77.022632467702877
30
0
10
39.194419457508054
20
-77.393049134369548
30
0
0
SPLINE
5
1672
100
AcDbEntity
8
0
100
AcDbSpline
70
4
71
3
72
8
73
4
74
0
42
0.000000001
43
0.0000000001
44
0.0000000001
40
0
40
0
40
0
40
0
40
1
40
1
40
1
40
1
41
1
41
1
41
1
41
1
10
39.194419457508054
20
-77.393049134369548
30
0
10
39.194419457508054
20
-78.054507467702891
30
0
10
39.167961124174724
20
-78.054507467702891
30
0
10
38.559419457508064
20
-77.657632467702882
30
0
0
SPLINE
5
1673
100
AcDbEntity
8
0
100
AcDbSpline
70
4
71
3
72
8
73
4
74
0
42
0.000000001
43
0.0000000001
44
0.0000000001
40
0
40
0
40
0
40
0
40
1
40
1
40
1
40
1
41
1
41
1
41
1
41
1
10
38.559419457508064
20
-77.657632467702882
30
0
10
37.739211124174723
20
-77.128465801036214
30
0
10
37.501086124174734
20
-76.467007467702871
30
0
10
37.924419457508058
20
-76.043674134369539
30
0
0
SPLINE
5
1674
100
AcDbEntity
8
0
100
AcDbSpline
70
4
71
3
72
8
73
4
74
0
42
0.000000001
43
0.0000000001
44
0.0000000001
40
0
40
0
40
0
40
0
40
1
40
1
40
1
40
1
41
1
41
1
41
1
41
1
10
37.924419457508058
20
-76.043674134369539
30
0
10
38.109627790841394
20
-75.884924134369541
30
0
10
38.876919457508059
20
-75.540965801036208
30
0
10
39.644211124174724
20
-75.276382467702874
30
0
0
SPLINE
5
1675
100
AcDbEntity
8
0
100
AcDbSpline
70
4
71
3
72
8
73
4
74
0
42
0.000000001
43
0.0000000001
44
0.0000000001
40
0
40
0
40
0
40
0
40
1
40
1
40
1
40
1
41
1
41
1
41
1
41
1
10
39.644211124174724
20
-75.276382467702874
30
0
10
40.411502790841396
20
-75.038257467702891
30
0
10
41.602127790841401
20
-74.535549134369546
30
0
10
42.29004445750806
20
-74.191590801036199
30
0
0
SPLINE
5
1676
100
AcDbEntity
8
0
100
AcDbSpline
70
4
71
3
72
8
73
4
74
0
42
0.000000001
43
0.0000000001
44
0.0000000001
40
0
40
0
40
0
40
0
40
1
40
1
40
1
40
1
41
1
41
1
41
1
41
1
10
42.29004445750806
20
-74.191590801036199
30
0
10
43.771711124174722
20
-73.424299134369562
30
0
10
44.803586124174728
20
-73.503674134369547
30
0
10
45.597336124174731
20
-74.429715801036224
30
0
0
SPLINE
5
1677
100
AcDbEntity
8
0
100
AcDbSpline
70
4
71
3
72
8
73
4
74
0
42
0.000000001
43
0.0000000001
44
0.0000000001
40
0
40
0
40
0
40
0
40
1
40
1
40
1
40
1
41
1
41
1
41
1
41
1
10
59.699627790841404
20
-74.614924134369559
30
0
10
59.646711124174729
20
-74.905965801036217
30
0
10
59.752544457508051
20
-75.144090801036214
30
0
10
59.911294457508063
20
-75.144090801036214
30
0
0
SPLINE
5
1678
100
AcDbEntity
8
0
100
AcDbSpline
70
4
71
3
72
8
73
4
74
0
42
0.000000001
43
0.0000000001
44
0.0000000001
40
0
40
0
40
0
40
0
40
1
40
1
40
1
40
1
41
1
41
1
41
1
41
1
10
59.911294457508063
20
-75.144090801036214
30
0
10
60.096502790841399
20
-75.144090801036214
30
0
10
60.04358612417473
20
-75.276382467702874
30
0
10
59.805461124174727
20
-75.408674134369548
30
0
0
SPLINE
5
1679
100
AcDbEntity
8
0
100
AcDbSpline
70
4
71
3
72
8
73
4
74
0
42
0.000000001
43
0.0000000001
44
0.0000000001
40
0
40
0
40
0
40
0
40
1
40
1
40
1
40
1
41
1
41
1
41
1
41
1
10
59.805461124174727
20
-75.408674134369548
30
0
10
59.5408777908414
20
-75.56742413436956
30
0
10
59.038169457508054
20
-75.51450746770287
30
0
10
58.429627790841387
20
-75.302840801036211
30
0
0
SPLINE
5
1680
100
AcDbEntity
8
0
100
AcDbSpline
70
4
71
3
72
8
73
4
74
0
42
0.000000001
43
0.0000000001
44
0.0000000001
40
0
40
0
40
0
40
0
40
1
40
1
40
1
40
1
41
1
41
1
41
1
41
1
10
58.429627790841387
20
-75.302840801036211
30
0
10
57.530044457508055
20
-75.011799134369554
30
0
10
57.503586124174724
20
-74.958882467702892
30
0
10
57.900461124174718
20
-74.535549134369546
30
0
0
SPLINE
5
1681
100
AcDbEntity
8
0
100
AcDbSpline
70
4
71
3
72
8
73
4
74
0
42
0.000000001
43
0.0000000001
44
0.0000000001
40
0
40
0
40
0
40
0
40
1
40
1
40
1
40
1
41
1
41
1
41
1
41
1
10
57.900461124174718
20
-74.535549134369546
30
0
10
58.165044457508053
20
-74.29742413436955
30
0
10
58.694211124174728
20
-74.085757467702877
30
0
10
59.091086124174723
20
-74.085757467702877
30
0
0
SPLINE
5
1682
100
AcDbEntity
8
0
100
AcDbSpline
70
4
71
3
72
8
73
4
74
0
42
0.000000001
43
0.0000000001
44
0.0000000001
40
0
40
0
40
0
40
0
40
1
40
1
40
1
40
1
41
1
41
1
41
1
41
1
10
59.091086124174723
20
-74.085757467702877
30
0
10
59.646711124174729
20
-74.085757467702877
30
0
10
59.779002790841389
20
-74.191590801036199
30
0
10
59.699627790841404
20
-74.614924134369559
30
0
0
SPLINE
5
1683
100
AcDbEntity
8
0
100
AcDbSpline
70
4
71
3
72
8
73
4
74
0
42
0.000000001
43
0.0000000001
44
0.0000000001
40
0
40
0
40
0
40
0
40
1
40
1
40
1
40
1
41
1
41
1
41
1
41
1
10
62.557127790841406
20
-74.429715801036224
30
0
10
63.059836124174744
20
-74.694299134369544
30
0
10
63.165669457508073
20
-74.879507467702879
30
0
10
62.980461124174738
20
-75.170549134369566
30
0
0
SPLINE
5
1684
100
AcDbEntity
8
0
100
AcDbSpline
70
4
71
3
72
8
73
4
74
0
42
0.000000001
43
0.0000000001
44
0.0000000001
40
0
40
0
40
0
40
0
40
1
40
1
40
1
40
1
41
1
41
1
41
1
41
1
10
62.980461124174738
20
-75.170549134369566
30
0
10
62.768794457508065
20
-75.488049134369547
30
0
10
62.662961124174728
20
-75.461590801036209
30
0
10
62.345461124174726
20
-75.038257467702891
30
0
0
SPLINE
5
1685
100
AcDbEntity
8
0
100
AcDbSpline
70
4
71
3
72
8
73
4
74
0
42
0.000000001
43
0.0000000001
44
0.0000000001
40
0
40
0
40
0
40
0
40
1
40
1
40
1
40
1
41
1
41
1
41
1
41
1
10
62.345461124174726
20
-75.038257467702891
30
0
10
62.054419457508061
20
-74.641382467702883
30
0
10
61.789836124174741
20
-74.588465801036222
30
0
10
60.969627790841386
20
-74.747215801036205
30
0
0
SPLINE
5
1686
100
AcDbEntity
8
0
100
AcDbSpline
70
4
71
3
72
8
73
4
74
0
42
0.000000001
43
0.0000000001
44
0.0000000001
40
0
40
0
40
0
40
0
40
1
40
1
40
1
40
1
41
1
41
1
41
1
41
1
10
60.969627790841386
20
-74.747215801036205
30
0
10
60.308169457508058
20
-74.853049134369542
30
0
10
60.04358612417473
20
-74.826590801036218
30
0
10
60.228794457508066
20
-74.66784080103622
30
0
0
SPLINE
5
1687
100
AcDbEntity
8
0
100
AcDbSpline
70
4
71
3
72
8
73
4
74
0
42
0.000000001
43
0.0000000001
44
0.0000000001
40
0
40
0
40
0
40
0
40
1
40
1
40
1
40
1
41
1
41
1
41
1
41
1
10
60.228794457508066
20
-74.66784080103622
30
0
10
60.387544457508056
20
-74.509090801036223
30
0
10
60.784419457508072
20
-74.350340801036211
30
0
10
61.154836124174722
20
-74.270965801036212
30
0
0
SPLINE
5
1688
100
AcDbEntity
8
0
100
AcDbSpline
70
4
71
3
72
8
73
4
74
0
42
0.000000001
43
0.0000000001
44
0.0000000001
40
0
40
0
40
0
40
0
40
1
40
1
40
1
40
1
41
1
41
1
41
1
41
1
10
61.154836124174722
20
-74.270965801036212
30
0
10
61.525252790841392
20
-74.218049134369551
30
0
10
61.842752790841402
20
-74.138674134369538
30
0
10
61.842752790841402
20
-74.112215801036214
30
0
0
SPLINE
5
1689
100
AcDbEntity
8
0
100
AcDbSpline
70
4
71
3
72
8
73
4
74
0
42
0.000000001
43
0.0000000001
44
0.0000000001
40
0
40
0
40
0
40
0
40
1
40
1
40
1
40
1
41
1
41
1
41
1
41
1
10
61.842752790841402
20
-74.112215801036214
30
0
10
61.86921112417474
20
-74.112215801036214
30
0
10
62.186711124174735
20
-74.244507467702888
30
0
10
62.557127790841406
20
-74.429715801036224
30
0
0
SPLINE
5
1690
100
AcDbEntity
8
0
100
AcDbSpline
70
4
71
3
72
8
73
4
74
0
42
0.000000001
43
0.0000000001
44
0.0000000001
40
0
40
0
40
0
40
0
40
1
40
1
40
1
40
1
41
1
41
1
41
1
41
1
10
18.689211124174719
20
-75.540965801036208
30
0
10
19.826919457508055
20
-76.017215801036215
30
0
10
21.123377790841396
20
-76.705132467702867
30
0
10
21.573169457508055
20
-77.049090801036201
30
0
0
SPLINE
5
1691
100
AcDbEntity
8
0
100
AcDbSpline
70
4
71
3
72
8
73
4
74
0
42
0.000000001
43
0.0000000001
44
0.0000000001
40
0
40
0
40
0
40
0
40
1
40
1
40
1
40
1
41
1
41
1
41
1
41
1
10
21.573169457508055
20
-77.049090801036201
30
0
10
22.261086124174724
20
-77.604715801036207
30
0
10
22.314002790841386
20
-77.737007467702881
30
0
10
22.022961124174721
20
-78.26617413436955
30
0
0
SPLINE
5
1692
100
AcDbEntity
8
0
100
AcDbSpline
70
4
71
3
72
8
73
4
74
0
42
0.000000001
43
0.0000000001
44
0.0000000001
40
0
40
0
40
0
40
0
40
1
40
1
40
1
40
1
41
1
41
1
41
1
41
1
10
22.022961124174721
20
-78.26617413436955
30
0
10
21.731919457508056
20
-78.821799134369542
30
0
10
21.652544457508061
20
-78.848257467702879
30
0
10
21.123377790841396
20
-78.504299134369546
30
0
0
SPLINE
5
1693
100
AcDbEntity
8
0
100
AcDbSpline
70
4
71
3
72
8
73
4
74
0
42
0.000000001
43
0.0000000001
44
0.0000000001
40
0
40
0
40
0
40
0
40
1
40
1
40
1
40
1
41
1
41
1
41
1
41
1
10
21.123377790841396
20
-78.504299134369546
30
0
10
20.805877790841389
20
-78.292632467702873
30
0
10
19.456502790841391
20
-77.498882467702884
30
0
10
18.107127790841389
20
-76.758049134369557
30
0
0
SPLINE
5
1694
100
AcDbEntity
8
0
100
AcDbSpline
70
4
71
3
72
8
73
4
74
0
42
0.000000001
43
0.0000000001
44
0.0000000001
40
0
40
0
40
0
40
0
40
1
40
1
40
1
40
1
41
1
41
1
41
1
41
1
10
18.107127790841389
20
-76.758049134369557
30
0
10
16.413794457508054
20
-75.779090801036219
30
0
10
15.725877790841389
20
-75.24992413436955
30
0
10
15.831711124174724
20
-74.985340801036216
30
0
0
SPLINE
5
1695
100
AcDbEntity
8
0
100
AcDbSpline
70
4
71
3
72
8
73
4
74
0
42
0.000000001
43
0.0000000001
44
0.0000000001
40
0
40
0
40
0
40
0
40
1
40
1
40
1
40
1
41
1
41
1
41
1
41
1
10
15.831711124174724
20
-74.985340801036216
30
0
10
16.016919457508052
20
-74.482632467702885
30
0
10
16.281502790841387
20
-74.509090801036223
30
0
10
18.689211124174719
20
-75.540965801036208
30
0
0
SPLINE
5
1696
100
AcDbEntity
8
0
100
AcDbSpline
70
4
71
3
72
8
73
4
74
0
42
0.000000001
43
0.0000000001
44
0.0000000001
40
0
40
0
40
0
40
0
40
1
40
1
40
1
40
1
41
1
41
1
41
1
41
1
10
28.055461124174723
20
-77.181382467702875
30
0
10
28.108377790841395
20
-77.234299134369536
30
0
10
28.002544457508058
20
-77.260757467702888
30
0
10
27.790877790841392
20
-77.234299134369536
30
0
0
SPLINE
5
1697
100
AcDbEntity
8
0
100
AcDbSpline
70
4
71
3
72
8
73
4
74
0
42
0.000000001
43
0.0000000001
44
0.0000000001
40
0
40
0
40
0
40
0
40
1
40
1
40
1
40
1
41
1
41
1
41
1
41
1
10
27.790877790841392
20
-77.234299134369536
30
0
10
27.579211124174723
20
-77.234299134369536
30
0
10
27.129419457508057
20
-76.863882467702894
30
0
10
26.785461124174724
20
-76.387632467702886
30
0
0
LINE
5
1698
100
AcDbEntity
8
0
100
AcDbLine
10
26.785461124174724
20
-76.387632467702886
30
0
11
26.124002790841388
21
-75.540965801036222
31
0
0
LINE
5
1699
100
AcDbEntity
8
0
100
AcDbLine
10
26.124002790841388
20
-75.540965801036222
30
0
11
27.050044457508058
21
-76.334715801036211
31
0
0
SPLINE
5
1700
100
AcDbEntity
8
0
100
AcDbSpline
70
4
71
3
72
8
73
4
74
0
42
0.000000001
43
0.0000000001
44
0.0000000001
40
0
40
0
40
0
40
0
40
1
40
1
40
1
40
1
41
1
41
1
41
1
41
1
10
27.050044457508058
20
-76.334715801036225
30
0
10
27.526294457508058
20
-76.758049134369557
30
0
10
28.002544457508058
20
-77.154924134369551
30
0
10
28.055461124174723
20
-77.181382467702875
30
0
0
SPLINE
5
1701
100
AcDbEntity
8
0
100
AcDbSpline
70
4
71
3
72
8
73
4
74
0
42
0.000000001
43
0.0000000001
44
0.0000000001
40
0
40
0
40
0
40
0
40
1
40
1
40
1
40
1
41
1
41
1
41
1
41
1
10
63.006919457508062
20
-76.678674134369544
30
0
10
63.006919457508062
20
-76.810965801036218
30
0
10
62.45129445750807
20
-77.154924134369551
30
0
10
61.763377790841396
20
-77.472424134369561
30
0
0
SPLINE
5
1702
100
AcDbEntity
8
0
100
AcDbSpline
70
4
71
3
72
8
73
4
74
0
42
0.000000001
43
0.0000000001
44
0.0000000001
40
0
40
0
40
0
40
0
40
1
40
1
40
1
40
1
41
1
41
1
41
1
41
1
10
61.763377790841396
20
-77.472424134369561
30
0
10
58.165044457508053
20
-79.059924134369552
30
0
10
57.424211124174739
20
-79.35096580103621
30
0
10
57.503586124174724
20
-79.086382467702876
30
0
0
SPLINE
5
1703
100
AcDbEntity
8
0
100
AcDbSpline
70
4
71
3
72
8
73
4
74
0
42
0.000000001
43
0.0000000001
44
0.0000000001
40
0
40
0
40
0
40
0
40
1
40
1
40
1
40
1
41
1
41
1
41
1
41
1
10
57.503586124174724
20
-79.086382467702876
30
0
10
57.582961124174723
20
-78.874715801036217
30
0
10
62.080877790841384
20
-76.731590801036219
30
0
10
62.9540027908414
20
-76.493465801036223
30
0
0
SPLINE
5
1704
100
AcDbEntity
8
0
100
AcDbSpline
70
4
71
3
72
8
73
4
74
0
42
0.000000001
43
0.0000000001
44
0.0000000001
40
0
40
0
40
0
40
0
40
1
40
1
40
1
40
1
41
1
41
1
41
1
41
1
10
62.9540027908414
20
-76.493465801036223
30
0
10
62.980461124174738
20
-76.467007467702871
30
0
10
63.006919457508062
20
-76.572840801036207
30
0
10
63.006919457508062
20
-76.678674134369544
30
0
0
SPLINE
5
1705
100
AcDbEntity
8
0
100
AcDbSpline
70
4
71
3
72
8
73
4
74
0
42
0.000000001
43
0.0000000001
44
0.0000000001
40
0
40
0
40
0
40
0
40
1
40
1
40
1
40
1
41
1
41
1
41
1
41
1
10
66.129002790841412
20
-76.863882467702894
30
0
10
66.499419457508083
20
-77.234299134369536
30
0
10
65.890877790841401
20
-77.207840801036212
30
0
10
65.097127790841398
20
-76.863882467702894
30
0
0
LINE
5
1706
100
AcDbEntity
8
0
100
AcDbLine
10
65.097127790841398
20
-76.863882467702894
30
0
11
64.197544457508059
21
-76.440549134369547
31
0
0
LINE
5
1707
100
AcDbEntity
8
0
100
AcDbLine
10
64.197544457508059
20
-76.440549134369547
30
0
11
65.097127790841412
21
-76.599299134369559
31
0
0
SPLINE
5
1708
100
AcDbEntity
8
0
100
AcDbSpline
70
4
71
3
72
8
73
4
74
0
42
0.000000001
43
0.0000000001
44
0.0000000001
40
0
40
0
40
0
40
0
40
1
40
1
40
1
40
1
41
1
41
1
41
1
41
1
10
65.097127790841398
20
-76.599299134369545
30
0
10
65.599836124174715
20
-76.678674134369544
30
0
10
66.076086124174736
20
-76.78450746770288
30
0
10
66.129002790841412
20
-76.863882467702894
30
0
0
SPLINE
5
1709
100
AcDbEntity
8
0
100
AcDbSpline
70
4
71
3
72
8
73
4
74
0
42
0.000000001
43
0.0000000001
44
0.0000000001
40
0
40
0
40
0
40
0
40
1
40
1
40
1
40
1
41
1
41
1
41
1
41
1
10
37.368794457508059
20
-77.472424134369561
30
0
10
38.480044457508058
20
-78.00159080103623
30
0
10
40.252752790841384
20
-79.48325746770287
30
0
10
40.252752790841384
20
-79.880132467702879
30
0
0
SPLINE
5
1710
100
AcDbEntity
8
0
100
AcDbSpline
70
4
71
3
72
8
73
4
74
0
42
0.000000001
43
0.0000000001
44
0.0000000001
40
0
40
0
40
0
40
0
40
1
40
1
40
1
40
1
41
1
41
1
41
1
41
1
10
40.252752790841384
20
-79.880132467702879
30
0
10
40.252752790841384
20
-79.959507467702892
30
0
10
39.564836124174725
20
-80.038882467702877
30
0
10
38.718169457508068
20
-80.038882467702877
30
0
0
SPLINE
5
1711
100
AcDbEntity
8
0
100
AcDbSpline
70
4
71
3
72
8
73
4
74
0
42
0.000000001
43
0.0000000001
44
0.0000000001
40
0
40
0
40
0
40
0
40
1
40
1
40
1
40
1
41
1
41
1
41
1
41
1
10
38.718169457508068
20
-80.038882467702877
30
0
10
35.701919457508062
20
-80.038882467702877
30
0
10
33.003169457508065
20
-82.023257467702877
30
0
10
32.447544457508059
20
-84.616174134369558
30
0
0
SPLINE
5
1712
100
AcDbEntity
8
0
100
AcDbSpline
70
4
71
3
72
8
73
4
74
0
42
0.000000001
43
0.0000000001
44
0.0000000001
40
0
40
0
40
0
40
0
40
1
40
1
40
1
40
1
41
1
41
1
41
1
41
1
10
32.447544457508059
20
-84.616174134369558
30
0
10
32.26233612417473
20
-85.462840801036208
30
0
10
32.288794457508054
20
-85.48929913436956
30
0
10
32.81796112417473
20
-85.198257467702888
30
0
0
SPLINE
5
1713
100
AcDbEntity
8
0
100
AcDbSpline
70
4
71
3
72
8
73
4
74
0
42
0.000000001
43
0.0000000001
44
0.0000000001
40
0
40
0
40
0
40
0
40
1
40
1
40
1
40
1
41
1
41
1
41
1
41
1
10
32.81796112417473
20
-85.198257467702888
30
0
10
33.135461124174732
20
-85.039507467702876
30
0
10
33.532336124174726
20
-84.58971580103622
30
0
10
33.664627790841394
20
-84.192840801036212
30
0
0
SPLINE
5
1714
100
AcDbEntity
8
0
100
AcDbSpline
70
4
71
3
72
8
73
4
74
0
42
0.000000001
43
0.0000000001
44
0.0000000001
40
0
40
0
40
0
40
0
40
1
40
1
40
1
40
1
41
1
41
1
41
1
41
1
10
33.664627790841394
20
-84.192840801036212
30
0
10
34.008586124174727
20
-83.293257467702887
30
0
10
35.490252790841396
20
-81.732215801036219
30
0
10
35.807752790841391
20
-81.917424134369554
30
0
0
SPLINE
5
1715
100
AcDbEntity
8
0
100
AcDbSpline
70
4
71
3
72
8
73
4
74
0
42
0.000000001
43
0.0000000001
44
0.0000000001
40
0
40
0
40
0
40
0
40
1
40
1
40
1
40
1
41
1
41
1
41
1
41
1
10
35.807752790841391
20
-81.917424134369554
30
0
10
35.940044457508058
20
-81.996799134369539
30
0
10
35.569627790841388
20
-82.552424134369545
30
0
10
34.96108612417472
20
-83.134507467702875
30
0
0
SPLINE
5
1716
100
AcDbEntity
8
0
100
AcDbSpline
70
4
71
3
72
8
73
4
74
0
42
0.000000001
43
0.0000000001
44
0.0000000001
40
0
40
0
40
0
40
0
40
1
40
1
40
1
40
1
41
1
41
1
41
1
41
1
10
34.96108612417472
20
-83.134507467702875
30
0
10
34.37900279084139
20
-83.716590801036205
30
0
10
33.955669457508066
20
-84.272215801036211
30
0
10
34.008586124174727
20
-84.351590801036224
30
0
0
SPLINE
5
1717
100
AcDbEntity
8
0
100
AcDbSpline
70
4
71
3
72
8
73
4
74
0
42
0.000000001
43
0.0000000001
44
0.0000000001
40
0
40
0
40
0
40
0
40
1
40
1
40
1
40
1
41
1
41
1
41
1
41
1
10
34.008586124174727
20
-84.351590801036224
30
0
10
34.087961124174726
20
-84.430965801036223
30
0
10
34.37900279084139
20
-84.298674134369548
30
0
10
34.617127790841387
20
-84.087007467702875
30
0
0
SPLINE
5
1718
100
AcDbEntity
8
0
100
AcDbSpline
70
4
71
3
72
8
73
4
74
0
42
0.000000001
43
0.0000000001
44
0.0000000001
40
0
40
0
40
0
40
0
40
1
40
1
40
1
40
1
41
1
41
1
41
1
41
1
10
34.617127790841387
20
-84.087007467702875
30
0
10
34.881711124174728
20
-83.848882467702879
30
0
10
35.701919457508062
20
-83.478465801036208
30
0
10
36.416294457508052
20
-83.293257467702887
30
0
0
SPLINE
5
1719
100
AcDbEntity
8
0
100
AcDbSpline
70
4
71
3
72
8
73
4
74
0
42
0.000000001
43
0.0000000001
44
0.0000000001
40
0
40
0
40
0
40
0
40
1
40
1
40
1
40
1
41
1
41
1
41
1
41
1
10
36.416294457508052
20
-83.293257467702887
30
0
10
37.580461124174718
20
-82.949299134369539
30
0
10
37.950877790841389
20
-82.949299134369539
30
0
10
39.750044457508061
20
-83.31971580103621
30
0
0
SPLINE
5
1720
100
AcDbEntity
8
0
100
AcDbSpline
70
4
71
3
72
8
73
4
74
0
42
0.000000001
43
0.0000000001
44
0.0000000001
40
0
40
0
40
0
40
0
40
1
40
1
40
1
40
1
41
1
41
1
41
1
41
1
10
39.750044457508061
20
-83.31971580103621
30
0
10
40.861294457508059
20
-83.58429913436953
30
0
10
42.792752790841398
20
-84.272215801036211
30
0
10
44.036294457508056
20
-84.907215801036216
30
0
0
SPLINE
5
1721
100
AcDbEntity
8
0
100
AcDbSpline
70
4
71
3
72
8
73
4
74
0
42
0.000000001
43
0.0000000001
44
0.0000000001
40
0
40
0
40
0
40
0
40
1
40
1
40
1
40
1
41
1
41
1
41
1
41
1
10
44.036294457508056
20
-84.907215801036216
30
0
10
46.602752790841393
20
-86.177215801036212
30
0
10
46.946711124174726
20
-86.177215801036212
30
0
10
49.089836124174731
20
-84.748465801036218
30
0
0
SPLINE
5
1722
100
AcDbEntity
8
0
100
AcDbSpline
70
4
71
3
72
8
73
4
74
0
42
0.000000001
43
0.0000000001
44
0.0000000001
40
0
40
0
40
0
40
0
40
1
40
1
40
1
40
1
41
1
41
1
41
1
41
1
10
49.089836124174731
20
-84.748465801036218
30
0
10
50.306919457508059
20
-83.95471580103623
30
0
10
52.423586124174726
20
-83.58429913436953
30
0
10
52.423586124174726
20
-84.166382467702888
30
0
0
SPLINE
5
1723
100
AcDbEntity
8
0
100
AcDbSpline
70
4
71
3
72
8
73
4
74
0
42
0.000000001
43
0.0000000001
44
0.0000000001
40
0
40
0
40
0
40
0
40
1
40
1
40
1
40
1
41
1
41
1
41
1
41
1
10
52.423586124174726
20
-84.166382467702888
30
0
10
52.423586124174726
20
-85.065965801036214
30
0
10
50.54504445750807
20
-87.209090801036226
30
0
10
49.275044457508059
20
-87.73825746770288
30
0
0
SPLINE
5
1724
100
AcDbEntity
8
0
100
AcDbSpline
70
4
71
3
72
8
73
4
74
0
42
0.000000001
43
0.0000000001
44
0.0000000001
40
0
40
0
40
0
40
0
40
1
40
1
40
1
40
1
41
1
41
1
41
1
41
1
10
49.275044457508059
20
-87.73825746770288
30
0
10
47.661086124174723
20
-88.399715801036223
30
0
10
46.152961124174723
20
-88.214507467702873
30
0
10
43.82462779084139
20
-87.023882467702862
30
0
0
SPLINE
5
1725
100
AcDbEntity
8
0
100
AcDbSpline
70
4
71
3
72
8
73
4
74
0
42
0.000000001
43
0.0000000001
44
0.0000000001
40
0
40
0
40
0
40
0
40
1
40
1
40
1
40
1
41
1
41
1
41
1
41
1
10
43.82462779084139
20
-87.023882467702862
30
0
10
41.760877790841391
20
-85.965549134369539
30
0
10
39.459002790841389
20
-85.198257467702888
30
0
10
38.374211124174728
20
-85.198257467702888
30
0
0
SPLINE
5
1726
100
AcDbEntity
8
0
100
AcDbSpline
70
4
71
3
72
8
73
4
74
0
42
0.000000001
43
0.0000000001
44
0.0000000001
40
0
40
0
40
0
40
0
40
1
40
1
40
1
40
1
41
1
41
1
41
1
41
1
10
38.374211124174728
20
-85.198257467702888
30
0
10
37.077752790841387
20
-85.198257467702888
30
0
10
34.855252790841398
20
-86.124299134369551
30
0
10
32.579836124174726
20
-87.579507467702882
30
0
0
SPLINE
5
1727
100
AcDbEntity
8
0
100
AcDbSpline
70
4
71
3
72
8
73
4
74
0
42
0.000000001
43
0.0000000001
44
0.0000000001
40
0
40
0
40
0
40
0
40
1
40
1
40
1
40
1
41
1
41
1
41
1
41
1
10
32.579836124174726
20
-87.579507467702882
30
0
10
30.251502790841389
20
-89.087632467702889
30
0
10
28.055461124174723
20
-89.960757467702877
30
0
10
26.706086124174728
20
-89.960757467702877
30
0
0
SPLINE
5
1728
100
AcDbEntity
8
0
100
AcDbSpline
70
4
71
3
72
8
73
4
74
0
42
0.000000001
43
0.0000000001
44
0.0000000001
40
0
40
0
40
0
40
0
40
1
40
1
40
1
40
1
41
1
41
1
41
1
41
1
10
26.706086124174728
20
-89.960757467702877
30
0
10
25.277336124174717
20
-89.934299134369553
30
0
10
23.345877790841392
20
-88.955340801036215
30
0
10
21.97004445750806
20
-87.526590801036235
30
0
0
LINE
5
1729
100
AcDbEntity
8
0
100
AcDbLine
10
21.97004445750806
20
-87.526590801036235
30
0
11
21.176294457508057
21
-86.679924134369557
31
0
0
LINE
5
1730
100
AcDbEntity
8
0
100
AcDbLine
10
21.176294457508057
20
-86.679924134369557
30
0
11
22.287544457508055
21
-86.362424134369547
31
0
0
SPLINE
5
1731
100
AcDbEntity
8
0
100
AcDbSpline
70
4
71
3
72
8
73
4
74
0
42
0.000000001
43
0.0000000001
44
0.0000000001
40
0
40
0
40
0
40
0
40
1
40
1
40
1
40
1
41
1
41
1
41
1
41
1
10
22.287544457508062
20
-86.362424134369547
30
0
10
23.345877790841392
20
-86.044924134369552
30
0
10
23.425252790841391
20
-86.044924134369552
30
0
10
23.901502790841391
20
-86.679924134369557
30
0
0
SPLINE
5
1732
100
AcDbEntity
8
0
100
AcDbSpline
70
4
71
3
72
8
73
4
74
0
42
0.000000001
43
0.0000000001
44
0.0000000001
40
0
40
0
40
0
40
0
40
1
40
1
40
1
40
1
41
1
41
1
41
1
41
1
10
23.901502790841391
20
-86.679924134369557
30
0
10
24.880461124174722
20
-87.897007467702878
30
0
10
26.811919457508058
20
-88.399715801036223
30
0
10
28.267127790841393
20
-87.817632467702879
30
0
0
SPLINE
5
1733
100
AcDbEntity
8
0
100
AcDbSpline
70
4
71
3
72
8
73
4
74
0
42
0.000000001
43
0.0000000001
44
0.0000000001
40
0
40
0
40
0
40
0
40
1
40
1
40
1
40
1
41
1
41
1
41
1
41
1
10
28.267127790841393
20
-87.817632467702879
30
0
10
31.045252790841396
20
-86.679924134369557
30
0
10
31.389211124174725
20
-86.415340801036223
30
0
10
31.812544457508061
20
-84.933674134369554
30
0
0
SPLINE
5
1734
100
AcDbEntity
8
0
100
AcDbSpline
70
4
71
3
72
8
73
4
74
0
42
0.000000001
43
0.0000000001
44
0.0000000001
40
0
40
0
40
0
40
0
40
1
40
1
40
1
40
1
41
1
41
1
41
1
41
1
10
31.812544457508061
20
-84.933674134369554
30
0
10
32.659211124174725
20
-81.970340801036215
30
0
10
34.987544457508058
20
-79.880132467702879
30
0
10
37.897961124174728
20
-79.430340801036209
30
0
0
LINE
5
1735
100
AcDbEntity
8
0
100
AcDbLine
10
37.897961124174728
20
-79.430340801036195
30
0
11
39.326711124174722
21
-79.218674134369536
31
0
0
LINE
5
1736
100
AcDbEntity
8
0
100
AcDbLine
10
39.326711124174722
20
-79.218674134369536
30
0
11
38.030252790841402
21
-78.372007467702886
31
0
0
SPLINE
5
1737
100
AcDbEntity
8
0
100
AcDbSpline
70
4
71
3
72
8
73
4
74
0
42
0.000000001
43
0.0000000001
44
0.0000000001
40
0
40
0
40
0
40
0
40
1
40
1
40
1
40
1
41
1
41
1
41
1
41
1
10
38.030252790841395
20
-78.372007467702872
30
0
10
36.125252790841387
20
-77.154924134369551
30
0
10
35.252127790841392
20
-77.049090801036201
30
0
10
33.532336124174726
20
-77.895757467702879
30
0
0
SPLINE
5
1738
100
AcDbEntity
8
0
100
AcDbSpline
70
4
71
3
72
8
73
4
74
0
42
0.000000001
43
0.0000000001
44
0.0000000001
40
0
40
0
40
0
40
0
40
1
40
1
40
1
40
1
41
1
41
1
41
1
41
1
10
33.532336124174726
20
-77.895757467702879
30
0
10
31.759627790841385
20
-78.768882467702895
30
0
10
29.590044457508064
20
-80.647424134369544
30
0
10
29.775252790841389
20
-81.150132467702875
30
0
0
SPLINE
5
1739
100
AcDbEntity
8
0
100
AcDbSpline
70
4
71
3
72
8
73
4
74
0
42
0.000000001
43
0.0000000001
44
0.0000000001
40
0
40
0
40
0
40
0
40
1
40
1
40
1
40
1
41
1
41
1
41
1
41
1
10
29.775252790841389
20
-81.150132467702875
30
0
10
29.854627790841395
20
-81.361799134369548
30
0
10
29.828169457508061
20
-81.441174134369561
30
0
10
29.669419457508049
20
-81.361799134369548
30
0
0
SPLINE
5
1740
100
AcDbEntity
8
0
100
AcDbSpline
70
4
71
3
72
8
73
4
74
0
42
0.000000001
43
0.0000000001
44
0.0000000001
40
0
40
0
40
0
40
0
40
1
40
1
40
1
40
1
41
1
41
1
41
1
41
1
10
29.669419457508049
20
-81.361799134369548
30
0
10
29.246086124174724
20
-81.097215801036228
30
0
10
28.425877790841394
20
-82.975757467702891
30
0
10
27.711502790841394
20
-85.912632467702878
30
0
0
SPLINE
5
1741
100
AcDbEntity
8
0
100
AcDbSpline
70
4
71
3
72
8
73
4
74
0
42
0.000000001
43
0.0000000001
44
0.0000000001
40
0
40
0
40
0
40
0
40
1
40
1
40
1
40
1
41
1
41
1
41
1
41
1
10
27.711502790841394
20
-85.912632467702878
30
0
10
27.446919457508059
20
-86.918049134369554
30
0
10
27.446919457508059
20
-87.341382467702886
30
0
10
27.658586124174718
20
-87.420757467702884
30
0
0
SPLINE
5
1742
100
AcDbEntity
8
0
100
AcDbSpline
70
4
71
3
72
8
73
4
74
0
42
0.000000001
43
0.0000000001
44
0.0000000001
40
0
40
0
40
0
40
0
40
1
40
1
40
1
40
1
41
1
41
1
41
1
41
1
10
27.658586124174718
20
-87.420757467702884
30
0
10
27.817336124174723
20
-87.47367413436956
30
0
10
27.526294457508058
20
-87.553049134369559
30
0
10
27.023586124174717
20
-87.553049134369559
30
0
0
SPLINE
5
1743
100
AcDbEntity
8
0
100
AcDbSpline
70
4
71
3
72
8
73
4
74
0
42
0.000000001
43
0.0000000001
44
0.0000000001
40
0
40
0
40
0
40
0
40
1
40
1
40
1
40
1
41
1
41
1
41
1
41
1
10
27.023586124174717
20
-87.553049134369559
30
0
10
26.150461124174722
20
-87.579507467702882
30
0
10
24.45712779084139
20
-86.785757467702894
30
0
10
24.060252790841396
20
-86.177215801036212
30
0
0
SPLINE
5
1744
100
AcDbEntity
8
0
100
AcDbSpline
70
4
71
3
72
8
73
4
74
0
42
0.000000001
43
0.0000000001
44
0.0000000001
40
0
40
0
40
0
40
0
40
1
40
1
40
1
40
1
41
1
41
1
41
1
41
1
10
24.060252790841396
20
-86.177215801036212
30
0
10
23.98087779084139
20
-86.018465801036228
30
0
10
23.954419457508056
20
-85.753882467702894
30
0
10
24.033794457508062
20
-85.542215801036221
30
0
0
SPLINE
5
1745
100
AcDbEntity
8
0
100
AcDbSpline
70
4
71
3
72
8
73
4
74
0
42
0.000000001
43
0.0000000001
44
0.0000000001
40
0
40
0
40
0
40
0
40
1
40
1
40
1
40
1
41
1
41
1
41
1
41
1
10
24.033794457508062
20
-85.542215801036221
30
0
10
24.11316945750805
20
-85.357007467702886
30
0
10
24.033794457508062
20
-85.198257467702888
30
0
10
23.875044457508061
20
-85.198257467702888
30
0
0
SPLINE
5
1746
100
AcDbEntity
8
0
100
AcDbSpline
70
4
71
3
72
8
73
4
74
0
42
0.000000001
43
0.0000000001
44
0.0000000001
40
0
40
0
40
0
40
0
40
1
40
1
40
1
40
1
41
1
41
1
41
1
41
1
10
23.875044457508061
20
-85.198257467702888
30
0
10
23.50462779084139
20
-85.198257467702888
30
0
10
23.50462779084139
20
-83.743049134369556
30
0
10
23.848586124174716
20
-83.055132467702876
30
0
0
SPLINE
5
1747
100
AcDbEntity
8
0
100
AcDbSpline
70
4
71
3
72
8
73
4
74
0
42
0.000000001
43
0.0000000001
44
0.0000000001
40
0
40
0
40
0
40
0
40
1
40
1
40
1
40
1
41
1
41
1
41
1
41
1
10
23.848586124174716
20
-83.055132467702876
30
0
10
24.11316945750805
20
-82.578882467702897
30
0
10
24.166086124174726
20
-82.578882467702897
30
0
10
24.748169457508055
20
-83.240340801036226
30
0
0
LINE
5
1748
100
AcDbEntity
8
0
100
AcDbLine
10
24.748169457508048
20
-83.240340801036226
30
0
11
25.330252790841392
21
-83.95471580103623
31
0
0
LINE
5
1749
100
AcDbEntity
8
0
100
AcDbLine
10
25.330252790841392
20
-83.95471580103623
30
0
11
25.965252790841387
21
-82.420132467702899
31
0
0
SPLINE
5
1750
100
AcDbEntity
8
0
100
AcDbSpline
70
4
71
3
72
8
73
4
74
0
42
0.000000001
43
0.0000000001
44
0.0000000001
40
0
40
0
40
0
40
0
40
1
40
1
40
1
40
1
41
1
41
1
41
1
41
1
10
25.965252790841387
20
-82.420132467702871
30
0
10
26.785461124174724
20
-80.409299134369547
30
0
10
29.299002790841399
20
-77.789924134369542
30
0
10
30.99233612417472
20
-77.181382467702875
30
0
0
SPLINE
5
1751
100
AcDbEntity
8
0
100
AcDbSpline
70
4
71
3
72
8
73
4
74
0
42
0.000000001
43
0.0000000001
44
0.0000000001
40
0
40
0
40
0
40
0
40
1
40
1
40
1
40
1
41
1
41
1
41
1
41
1
10
30.99233612417472
20
-77.181382467702875
30
0
10
32.659211124174725
20
-76.572840801036207
30
0
10
35.807752790841391
20
-76.705132467702867
30
0
10
37.368794457508059
20
-77.472424134369561
30
0
0
SPLINE
5
1752
100
AcDbEntity
8
0
100
AcDbSpline
70
4
71
3
72
8
73
4
74
0
42
0.000000001
43
0.0000000001
44
0.0000000001
40
0
40
0
40
0
40
0
40
1
40
1
40
1
40
1
41
1
41
1
41
1
41
1
10
64.647336124174743
20
-77.075549134369538
30
0
10
65.758586124174741
20
-77.472424134369561
30
0
10
66.208377790841396
20
-77.789924134369542
30
0
10
65.626294457508067
20
-77.789924134369542
30
0
0
SPLINE
5
1753
100
AcDbEntity
8
0
100
AcDbSpline
70
4
71
3
72
8
73
4
74
0
42
0.000000001
43
0.0000000001
44
0.0000000001
40
0
40
0
40
0
40
0
40
1
40
1
40
1
40
1
41
1
41
1
41
1
41
1
10
65.626294457508067
20
-77.789924134369542
30
0
10
65.176502790841397
20
-77.763465801036205
30
0
10
63.033377790841399
20
-76.78450746770288
30
0
10
63.403794457508056
20
-76.758049134369557
30
0
0
SPLINE
5
1754
100
AcDbEntity
8
0
100
AcDbSpline
70
4
71
3
72
8
73
4
74
0
42
0.000000001
43
0.0000000001
44
0.0000000001
40
0
40
0
40
0
40
0
40
1
40
1
40
1
40
1
41
1
41
1
41
1
41
1
10
63.403794457508056
20
-76.758049134369557
30
0
10
63.562544457508068
20
-76.758049134369557
30
0
10
64.118169457508074
20
-76.890340801036231
30
0
10
64.647336124174743
20
-77.075549134369538
30
0
0
SPLINE
5
1755
100
AcDbEntity
8
0
100
AcDbSpline
70
4
71
3
72
8
73
4
74
0
42
0.000000001
43
0.0000000001
44
0.0000000001
40
0
40
0
40
0
40
0
40
1
40
1
40
1
40
1
41
1
41
1
41
1
41
1
10
67.795877790841402
20
-77.393049134369548
30
0
10
68.986502790841399
20
-77.81638246770288
30
0
10
69.356919457508056
20
-78.160340801036213
30
0
10
69.356919457508056
20
-78.874715801036217
30
0
0
SPLINE
5
1756
100
AcDbEntity
8
0
100
AcDbSpline
70
4
71
3
72
8
73
4
74
0
42
0.000000001
43
0.0000000001
44
0.0000000001
40
0
40
0
40
0
40
0
40
1
40
1
40
1
40
1
41
1
41
1
41
1
41
1
10
69.356919457508056
20
-78.874715801036217
30
0
10
69.356919457508056
20
-79.298049134369549
30
0
10
65.758586124174741
20
-81.150132467702875
30
0
10
65.467544457508069
20
-80.859090801036217
30
0
0
SPLINE
5
1757
100
AcDbEntity
8
0
100
AcDbSpline
70
4
71
3
72
8
73
4
74
0
42
0.000000001
43
0.0000000001
44
0.0000000001
40
0
40
0
40
0
40
0
40
1
40
1
40
1
40
1
41
1
41
1
41
1
41
1
10
65.467544457508069
20
-80.859090801036217
30
0
10
65.38816945750807
20
-80.779715801036218
30
0
10
66.10254445750806
20
-80.356382467702886
30
0
10
67.05504445750806
20
-79.906590801036231
30
0
0
SPLINE
5
1758
100
AcDbEntity
8
0
100
AcDbSpline
70
4
71
3
72
8
73
4
74
0
42
0.000000001
43
0.0000000001
44
0.0000000001
40
0
40
0
40
0
40
0
40
1
40
1
40
1
40
1
41
1
41
1
41
1
41
1
10
67.05504445750806
20
-79.906590801036231
30
0
10
68.113377790841398
20
-79.430340801036209
30
0
10
68.827752790841402
20
-78.954090801036202
30
0
10
68.827752790841402
20
-78.715965801036219
30
0
0
SPLINE
5
1759
100
AcDbEntity
8
0
100
AcDbSpline
70
4
71
3
72
8
73
4
74
0
42
0.000000001
43
0.0000000001
44
0.0000000001
40
0
40
0
40
0
40
0
40
1
40
1
40
1
40
1
41
1
41
1
41
1
41
1
10
68.827752790841402
20
-78.715965801036219
30
0
10
68.827752790841402
20
-78.477840801036223
30
0
10
68.298586124174733
20
-78.080965801036228
30
0
10
67.63712779084139
20
-77.789924134369542
30
0
0
SPLINE
5
1760
100
AcDbEntity
8
0
100
AcDbSpline
70
4
71
3
72
8
73
4
74
0
42
0.000000001
43
0.0000000001
44
0.0000000001
40
0
40
0
40
0
40
0
40
1
40
1
40
1
40
1
41
1
41
1
41
1
41
1
10
67.63712779084139
20
-77.789924134369542
30
0
10
66.975669457508062
20
-77.498882467702884
30
0
10
66.446502790841393
20
-77.207840801036212
30
0
10
66.446502790841393
20
-77.128465801036214
30
0
0
SPLINE
5
1761
100
AcDbEntity
8
0
100
AcDbSpline
70
4
71
3
72
8
73
4
74
0
42
0.000000001
43
0.0000000001
44
0.0000000001
40
0
40
0
40
0
40
0
40
1
40
1
40
1
40
1
41
1
41
1
41
1
41
1
10
66.446502790841393
20
-77.128465801036214
30
0
10
66.446502790841393
20
-76.943257467702892
30
0
10
66.525877790841406
20
-76.943257467702892
30
0
10
67.795877790841402
20
-77.393049134369548
30
0
0
SPLINE
5
1762
100
AcDbEntity
8
0
100
AcDbSpline
70
4
71
3
72
8
73
4
74
0
42
0.000000001
43
0.0000000001
44
0.0000000001
40
0
40
0
40
0
40
0
40
1
40
1
40
1
40
1
41
1
41
1
41
1
41
1
10
58.535461124174731
20
-77.631174134369559
30
0
10
58.509002790841393
20
-77.710549134369543
30
0
10
58.456086124174725
20
-77.763465801036205
30
0
10
58.403169457508064
20
-77.710549134369543
30
0
0
SPLINE
5
1763
100
AcDbEntity
8
0
100
AcDbSpline
70
4
71
3
72
8
73
4
74
0
42
0.000000001
43
0.0000000001
44
0.0000000001
40
0
40
0
40
0
40
0
40
1
40
1
40
1
40
1
41
1
41
1
41
1
41
1
10
58.403169457508064
20
-77.710549134369543
30
0
10
58.350252790841395
20
-77.68409080103622
30
0
10
58.05921112417473
20
-77.869299134369555
30
0
10
57.741711124174735
20
-78.160340801036213
30
0
0
SPLINE
5
1764
100
AcDbEntity
8
0
100
AcDbSpline
70
4
71
3
72
8
73
4
74
0
42
0.000000001
43
0.0000000001
44
0.0000000001
40
0
40
0
40
0
40
0
40
1
40
1
40
1
40
1
41
1
41
1
41
1
41
1
10
57.741711124174735
20
-78.160340801036213
30
0
10
57.450669457508063
20
-78.424924134369547
30
0
10
57.027336124174738
20
-78.583674134369545
30
0
10
56.815669457508065
20
-78.504299134369546
30
0
0
SPLINE
5
1765
100
AcDbEntity
8
0
100
AcDbSpline
70
4
71
3
72
8
73
4
74
0
42
0.000000001
43
0.0000000001
44
0.0000000001
40
0
40
0
40
0
40
0
40
1
40
1
40
1
40
1
41
1
41
1
41
1
41
1
10
56.815669457508065
20
-78.504299134369546
30
0
10
56.577544457508054
20
-78.398465801036224
30
0
10
56.312961124174727
20
-78.477840801036223
30
0
10
56.207127790841398
20
-78.663049134369558
30
0
0
SPLINE
5
1766
100
AcDbEntity
8
0
100
AcDbSpline
70
4
71
3
72
8
73
4
74
0
42
0.000000001
43
0.0000000001
44
0.0000000001
40
0
40
0
40
0
40
0
40
1
40
1
40
1
40
1
41
1
41
1
41
1
41
1
10
56.207127790841398
20
-78.663049134369558
30
0
10
55.863169457508057
20
-79.21867413436955
30
0
10
53.16441945750806
20
-80.224090801036212
30
0
10
52.846919457508065
20
-79.906590801036231
30
0
0
SPLINE
5
1767
100
AcDbEntity
8
0
100
AcDbSpline
70
4
71
3
72
8
73
4
74
0
42
0.000000001
43
0.0000000001
44
0.0000000001
40
0
40
0
40
0
40
0
40
1
40
1
40
1
40
1
41
1
41
1
41
1
41
1
10
52.846919457508065
20
-79.906590801036231
30
0
10
52.661711124174737
20
-79.721382467702881
30
0
10
52.661711124174737
20
-79.642007467702882
30
0
10
52.846919457508065
20
-79.642007467702882
30
0
0
SPLINE
5
1768
100
AcDbEntity
8
0
100
AcDbSpline
70
4
71
3
72
8
73
4
74
0
42
0.000000001
43
0.0000000001
44
0.0000000001
40
0
40
0
40
0
40
0
40
1
40
1
40
1
40
1
41
1
41
1
41
1
41
1
10
52.846919457508065
20
-79.642007467702882
30
0
10
53.217336124174722
20
-79.642007467702882
30
0
10
53.799419457508051
20
-78.372007467702872
30
0
10
53.61421112417473
20
-78.028049134369553
30
0
0
SPLINE
5
1769
100
AcDbEntity
8
0
100
AcDbSpline
70
4
71
3
72
8
73
4
74
0
42
0.000000001
43
0.0000000001
44
0.0000000001
40
0
40
0
40
0
40
0
40
1
40
1
40
1
40
1
41
1
41
1
41
1
41
1
10
53.61421112417473
20
-78.028049134369553
30
0
10
53.455461124174732
20
-77.789924134369542
30
0
10
53.772961124174728
20
-77.763465801036205
30
0
10
56.577544457508054
20
-77.657632467702882
30
0
0
SPLINE
5
1770
100
AcDbEntity
8
0
100
AcDbSpline
70
4
71
3
72
8
73
4
74
0
42
0.000000001
43
0.0000000001
44
0.0000000001
40
0
40
0
40
0
40
0
40
1
40
1
40
1
40
1
41
1
41
1
41
1
41
1
10
56.577544457508054
20
-77.657632467702882
30
0
10
57.344836124174734
20
-77.631174134369559
30
0
10
58.05921112417473
20
-77.55179913436956
30
0
10
58.165044457508053
20
-77.445965801036209
30
0
0
SPLINE
5
1771
100
AcDbEntity
8
0
100
AcDbSpline
70
4
71
3
72
8
73
4
74
0
42
0.000000001
43
0.0000000001
44
0.0000000001
40
0
40
0
40
0
40
0
40
1
40
1
40
1
40
1
41
1
41
1
41
1
41
1
10
58.165044457508053
20
-77.445965801036209
30
0
10
58.350252790841395
20
-77.260757467702888
30
0
10
58.561919457508054
20
-77.36659080103621
30
0
10
58.535461124174731
20
-77.631174134369559
30
0
0
SPLINE
5
1772
100
AcDbEntity
8
0
100
AcDbSpline
70
4
71
3
72
8
73
4
74
0
42
0.000000001
43
0.0000000001
44
0.0000000001
40
0
40
0
40
0
40
0
40
1
40
1
40
1
40
1
41
1
41
1
41
1
41
1
10
53.085044457508062
20
-77.975132467702878
30
0
10
52.979211124174732
20
-78.239715801036198
30
0
10
52.820461124174727
20
-78.663049134369558
30
0
10
52.767544457508066
20
-78.927632467702878
30
0
0
SPLINE
5
1773
100
AcDbEntity
8
0
100
AcDbSpline
70
4
71
3
72
8
73
4
74
0
42
0.000000001
43
0.0000000001
44
0.0000000001
40
0
40
0
40
0
40
0
40
1
40
1
40
1
40
1
41
1
41
1
41
1
41
1
10
52.767544457508066
20
-78.927632467702878
30
0
10
52.68816945750806
20
-79.192215801036227
30
0
10
52.450044457508071
20
-79.35096580103621
30
0
10
52.264836124174735
20
-79.271590801036226
30
0
0
SPLINE
5
1774
100
AcDbEntity
8
0
100
AcDbSpline
70
4
71
3
72
8
73
4
74
0
42
0.000000001
43
0.0000000001
44
0.0000000001
40
0
40
0
40
0
40
0
40
1
40
1
40
1
40
1
41
1
41
1
41
1
41
1
10
52.264836124174735
20
-79.271590801036226
30
0
10
52.053169457508062
20
-79.192215801036227
30
0
10
51.894419457508064
20
-79.245132467702888
30
0
10
51.894419457508064
20
-79.403882467702886
30
0
0
SPLINE
5
1775
100
AcDbEntity
8
0
100
AcDbSpline
70
4
71
3
72
8
73
4
74
0
42
0.000000001
43
0.0000000001
44
0.0000000001
40
0
40
0
40
0
40
0
40
1
40
1
40
1
40
1
41
1
41
1
41
1
41
1
10
51.894419457508064
20
-79.403882467702886
30
0
10
51.894419457508064
20
-79.562632467702883
30
0
10
51.788586124174728
20
-79.589090801036221
30
0
10
51.62983612417473
20
-79.509715801036208
30
0
0
SPLINE
5
1776
100
AcDbEntity
8
0
100
AcDbSpline
70
4
71
3
72
8
73
4
74
0
42
0.000000001
43
0.0000000001
44
0.0000000001
40
0
40
0
40
0
40
0
40
1
40
1
40
1
40
1
41
1
41
1
41
1
41
1
10
51.62983612417473
20
-79.509715801036208
30
0
10
51.497544457508056
20
-79.430340801036209
30
0
10
51.365252790841389
20
-79.059924134369552
30
0
10
51.365252790841389
20
-78.689507467702882
30
0
0
SPLINE
5
1777
100
AcDbEntity
8
0
100
AcDbSpline
70
4
71
3
72
8
73
4
74
0
42
0.000000001
43
0.0000000001
44
0.0000000001
40
0
40
0
40
0
40
0
40
1
40
1
40
1
40
1
41
1
41
1
41
1
41
1
10
51.365252790841389
20
-78.689507467702882
30
0
10
51.365252790841389
20
-78.239715801036198
30
0
10
51.497544457508056
20
-78.054507467702891
30
0
10
51.867961124174741
20
-78.054507467702891
30
0
0
SPLINE
5
1778
100
AcDbEntity
8
0
100
AcDbSpline
70
4
71
3
72
8
73
4
74
0
42
0.000000001
43
0.0000000001
44
0.0000000001
40
0
40
0
40
0
40
0
40
1
40
1
40
1
40
1
41
1
41
1
41
1
41
1
10
51.867961124174741
20
-78.054507467702891
30
0
10
52.159002790841392
20
-78.054507467702891
30
0
10
52.476502790841394
20
-77.922215801036216
30
0
10
52.555877790841386
20
-77.789924134369542
30
0
0
SPLINE
5
1779
100
AcDbEntity
8
0
100
AcDbSpline
70
4
71
3
72
8
73
4
74
0
42
0.000000001
43
0.0000000001
44
0.0000000001
40
0
40
0
40
0
40
0
40
1
40
1
40
1
40
1
41
1
41
1
41
1
41
1
10
52.555877790841386
20
-77.789924134369542
30
0
10
52.846919457508065
20
-77.340132467702887
30
0
10
53.296711124174728
20
-77.498882467702884
30
0
10
53.085044457508062
20
-77.975132467702878
30
0
0
SPLINE
5
1780
100
AcDbEntity
8
0
100
AcDbSpline
70
4
71
3
72
8
73
4
74
0
42
0.000000001
43
0.0000000001
44
0.0000000001
40
0
40
0
40
0
40
0
40
1
40
1
40
1
40
1
41
1
41
1
41
1
41
1
10
36.866086124174728
20
-78.080965801036228
30
0
10
37.289419457508053
20
-78.319090801036211
30
0
10
37.342336124174722
20
-78.424924134369547
30
0
10
37.051294457508057
20
-78.610132467702897
30
0
0
SPLINE
5
1781
100
AcDbEntity
8
0
100
AcDbSpline
70
4
71
3
72
8
73
4
74
0
42
0.000000001
43
0.0000000001
44
0.0000000001
40
0
40
0
40
0
40
0
40
1
40
1
40
1
40
1
41
1
41
1
41
1
41
1
10
37.051294457508057
20
-78.610132467702897
30
0
10
36.680877790841393
20
-78.821799134369542
30
0
10
36.019419457508057
20
-78.451382467702885
30
0
10
36.019419457508057
20
-78.028049134369553
30
0
0
SPLINE
5
1782
100
AcDbEntity
8
0
100
AcDbSpline
70
4
71
3
72
8
73
4
74
0
42
0.000000001
43
0.0000000001
44
0.0000000001
40
0
40
0
40
0
40
0
40
1
40
1
40
1
40
1
41
1
41
1
41
1
41
1
10
36.019419457508057
20
-78.028049134369553
30
0
10
36.019419457508057
20
-77.710549134369543
30
0
10
36.204627790841393
20
-77.737007467702881
30
0
10
36.866086124174728
20
-78.080965801036228
30
0
0
SPLINE
5
1783
100
AcDbEntity
8
0
100
AcDbSpline
70
4
71
3
72
8
73
4
74
0
42
0.000000001
43
0.0000000001
44
0.0000000001
40
0
40
0
40
0
40
0
40
1
40
1
40
1
40
1
41
1
41
1
41
1
41
1
10
67.981086124174723
20
-78.424924134369547
30
0
10
68.245669457508058
20
-78.689507467702882
30
0
10
68.272127790841409
20
-78.848257467702879
30
0
10
68.060461124174736
20
-78.954090801036202
30
0
0
SPLINE
5
1784
100
AcDbEntity
8
0
100
AcDbSpline
70
4
71
3
72
8
73
4
74
0
42
0.000000001
43
0.0000000001
44
0.0000000001
40
0
40
0
40
0
40
0
40
1
40
1
40
1
40
1
41
1
41
1
41
1
41
1
10
68.060461124174736
20
-78.954090801036202
30
0
10
67.901711124174739
20
-79.059924134369552
30
0
10
67.769419457508064
20
-79.007007467702891
30
0
10
67.769419457508064
20
-78.874715801036217
30
0
0
SPLINE
5
1785
100
AcDbEntity
8
0
100
AcDbSpline
70
4
71
3
72
8
73
4
74
0
42
0.000000001
43
0.0000000001
44
0.0000000001
40
0
40
0
40
0
40
0
40
1
40
1
40
1
40
1
41
1
41
1
41
1
41
1
10
67.769419457508064
20
-78.874715801036217
30
0
10
67.769419457508064
20
-78.715965801036219
30
0
10
67.372544457508056
20
-78.398465801036224
30
0
10
66.9227527908414
20
-78.186799134369537
30
0
0
LINE
5
1786
100
AcDbEntity
8
0
100
AcDbLine
10
66.9227527908414
20
-78.186799134369551
30
0
11
66.049627790841384
21
-77.789924134369542
31
0
0
LINE
5
1787
100
AcDbEntity
8
0
100
AcDbLine
10
66.049627790841384
20
-77.789924134369542
30
0
11
66.843377790841402
21
-77.948674134369554
31
0
0
SPLINE
5
1788
100
AcDbEntity
8
0
100
AcDbSpline
70
4
71
3
72
8
73
4
74
0
42
0.000000001
43
0.0000000001
44
0.0000000001
40
0
40
0
40
0
40
0
40
1
40
1
40
1
40
1
41
1
41
1
41
1
41
1
10
66.843377790841387
20
-77.948674134369554
30
0
10
67.293169457508071
20
-78.028049134369553
30
0
10
67.795877790841402
20
-78.239715801036198
30
0
10
67.981086124174723
20
-78.424924134369547
30
0
0
SPLINE
5
1789
100
AcDbEntity
8
0
100
AcDbSpline
70
4
71
3
72
8
73
4
74
0
42
0.000000001
43
0.0000000001
44
0.0000000001
40
0
40
0
40
0
40
0
40
1
40
1
40
1
40
1
41
1
41
1
41
1
41
1
10
64.859002790841402
20
-78.319090801036211
30
0
10
64.859002790841402
20
-78.451382467702885
30
0
10
64.753169457508065
20
-78.583674134369545
30
0
10
64.594419457508053
20
-78.583674134369545
30
0
0
SPLINE
5
1790
100
AcDbEntity
8
0
100
AcDbSpline
70
4
71
3
72
8
73
4
74
0
42
0.000000001
43
0.0000000001
44
0.0000000001
40
0
40
0
40
0
40
0
40
1
40
1
40
1
40
1
41
1
41
1
41
1
41
1
10
64.594419457508053
20
-78.583674134369545
30
0
10
64.462127790841379
20
-78.583674134369545
30
0
10
64.329836124174733
20
-78.768882467702895
30
0
10
64.329836124174733
20
-79.007007467702891
30
0
0
SPLINE
5
1791
100
AcDbEntity
8
0
100
AcDbSpline
70
4
71
3
72
8
73
4
74
0
42
0.000000001
43
0.0000000001
44
0.0000000001
40
0
40
0
40
0
40
0
40
1
40
1
40
1
40
1
41
1
41
1
41
1
41
1
10
64.329836124174733
20
-79.007007467702891
30
0
10
64.329836124174733
20
-79.271590801036226
30
0
10
64.488586124174731
20
-79.377424134369534
30
0
10
64.726711124174727
20
-79.298049134369549
30
0
0
SPLINE
5
1792
100
AcDbEntity
8
0
100
AcDbSpline
70
4
71
3
72
8
73
4
74
0
42
0.000000001
43
0.0000000001
44
0.0000000001
40
0
40
0
40
0
40
0
40
1
40
1
40
1
40
1
41
1
41
1
41
1
41
1
10
64.726711124174727
20
-79.298049134369549
30
0
10
64.9383777908414
20
-79.192215801036227
30
0
10
65.176502790841397
20
-79.245132467702888
30
0
10
65.255877790841396
20
-79.377424134369534
30
0
0
SPLINE
5
1793
100
AcDbEntity
8
0
100
AcDbSpline
70
4
71
3
72
8
73
4
74
0
42
0.000000001
43
0.0000000001
44
0.0000000001
40
0
40
0
40
0
40
0
40
1
40
1
40
1
40
1
41
1
41
1
41
1
41
1
10
65.255877790841396
20
-79.377424134369534
30
0
10
65.361711124174747
20
-79.562632467702883
30
0
10
61.207752790841411
20
-81.758674134369542
30
0
10
60.731502790841404
20
-81.758674134369542
30
0
0
SPLINE
5
1794
100
AcDbEntity
8
0
100
AcDbSpline
70
4
71
3
72
8
73
4
74
0
42
0.000000001
43
0.0000000001
44
0.0000000001
40
0
40
0
40
0
40
0
40
1
40
1
40
1
40
1
41
1
41
1
41
1
41
1
10
60.731502790841404
20
-81.758674134369542
30
0
10
60.678586124174728
20
-81.758674134369542
30
0
10
60.62566945750806
20
-81.573465801036221
30
0
10
60.62566945750806
20
-81.361799134369548
30
0
0
SPLINE
5
1795
100
AcDbEntity
8
0
100
AcDbSpline
70
4
71
3
72
8
73
4
74
0
42
0.000000001
43
0.0000000001
44
0.0000000001
40
0
40
0
40
0
40
0
40
1
40
1
40
1
40
1
41
1
41
1
41
1
41
1
10
60.62566945750806
20
-81.361799134369548
30
0
10
60.62566945750806
20
-81.150132467702875
30
0
10
60.546294457508054
20
-80.964924134369554
30
0
10
60.440461124174725
20
-80.964924134369554
30
0
0
SPLINE
5
1796
100
AcDbEntity
8
0
100
AcDbSpline
70
4
71
3
72
8
73
4
74
0
42
0.000000001
43
0.0000000001
44
0.0000000001
40
0
40
0
40
0
40
0
40
1
40
1
40
1
40
1
41
1
41
1
41
1
41
1
10
60.440461124174725
20
-80.964924134369554
30
0
10
60.308169457508058
20
-80.964924134369554
30
0
10
59.964211124174724
20
-80.885549134369541
30
0
10
59.646711124174729
20
-80.806174134369542
30
0
0
SPLINE
5
1797
100
AcDbEntity
8
0
100
AcDbSpline
70
4
71
3
72
8
73
4
74
0
42
0.000000001
43
0.0000000001
44
0.0000000001
40
0
40
0
40
0
40
0
40
1
40
1
40
1
40
1
41
1
41
1
41
1
41
1
10
59.646711124174729
20
-80.806174134369542
30
0
10
59.276294457508065
20
-80.700340801036219
30
0
10
59.038169457508054
20
-80.75325746770288
30
0
10
59.038169457508054
20
-80.938465801036216
30
0
0
SPLINE
5
1798
100
AcDbEntity
8
0
100
AcDbSpline
70
4
71
3
72
8
73
4
74
0
42
0.000000001
43
0.0000000001
44
0.0000000001
40
0
40
0
40
0
40
0
40
1
40
1
40
1
40
1
41
1
41
1
41
1
41
1
10
59.038169457508054
20
-80.938465801036216
30
0
10
59.038169457508054
20
-81.097215801036228
30
0
10
59.329211124174734
20
-81.282424134369535
30
0
10
59.699627790841404
20
-81.388257467702886
30
0
0
SPLINE
5
1799
100
AcDbEntity
8
0
100
AcDbSpline
70
4
71
3
72
8
73
4
74
0
42
0.000000001
43
0.0000000001
44
0.0000000001
40
0
40
0
40
0
40
0
40
1
40
1
40
1
40
1
41
1
41
1
41
1
41
1
10
59.699627790841404
20
-81.388257467702886
30
0
10
60.546294457508054
20
-81.599924134369545
30
0
10
60.546294457508054
20
-81.970340801036215
30
0
10
59.67316945750806
20
-82.314299134369548
30
0
0
SPLINE
5
1800
100
AcDbEntity
8
0
100
AcDbSpline
70
4
71
3
72
8
73
4
74
0
42
0.000000001
43
0.0000000001
44
0.0000000001
40
0
40
0
40
0
40
0
40
1
40
1
40
1
40
1
41
1
41
1
41
1
41
1
10
59.67316945750806
20
-82.314299134369548
30
0
10
58.905877790841394
20
-82.578882467702897
30
0
10
58.429627790841387
20
-82.393674134369533
30
0
10
59.011711124174731
20
-82.049715801036228
30
0
0
SPLINE
5
1801
100
AcDbEntity
8
0
100
AcDbSpline
70
4
71
3
72
8
73
4
74
0
42
0.000000001
43
0.0000000001
44
0.0000000001
40
0
40
0
40
0
40
0
40
1
40
1
40
1
40
1
41
1
41
1
41
1
41
1
10
59.011711124174731
20
-82.049715801036228
30
0
10
59.249836124174735
20
-81.890965801036216
30
0
10
58.985252790841393
20
-81.599924134369545
30
0
10
58.032752790841393
20
-81.07075746770289
30
0
0
SPLINE
5
1802
100
AcDbEntity
8
0
100
AcDbSpline
70
4
71
3
72
8
73
4
74
0
42
0.000000001
43
0.0000000001
44
0.0000000001
40
0
40
0
40
0
40
0
40
1
40
1
40
1
40
1
41
1
41
1
41
1
41
1
10
58.032752790841393
20
-81.07075746770289
30
0
10
56.63046112417473
20
-80.277007467702873
30
0
10
56.365877790841395
20
-79.615549134369545
30
0
10
57.768169457508058
20
-80.329924134369563
30
0
0
SPLINE
5
1803
100
AcDbEntity
8
0
100
AcDbSpline
70
4
71
3
72
8
73
4
74
0
42
0.000000001
43
0.0000000001
44
0.0000000001
40
0
40
0
40
0
40
0
40
1
40
1
40
1
40
1
41
1
41
1
41
1
41
1
10
57.768169457508058
20
-80.329924134369563
30
0
10
58.535461124174731
20
-80.726799134369557
30
0
10
58.588377790841399
20
-80.726799134369557
30
0
10
59.302752790841389
20
-80.038882467702877
30
0
0
SPLINE
5
1804
100
AcDbEntity
8
0
100
AcDbSpline
70
4
71
3
72
8
73
4
74
0
42
0.000000001
43
0.0000000001
44
0.0000000001
40
0
40
0
40
0
40
0
40
1
40
1
40
1
40
1
41
1
41
1
41
1
41
1
10
59.302752790841389
20
-80.038882467702877
30
0
10
60.070044457508075
20
-79.298049134369549
30
0
10
60.943169457508063
20
-79.324507467702887
30
0
10
60.334627790841395
20
-80.065340801036214
30
0
0
SPLINE
5
1805
100
AcDbEntity
8
0
100
AcDbSpline
70
4
71
3
72
8
73
4
74
0
42
0.000000001
43
0.0000000001
44
0.0000000001
40
0
40
0
40
0
40
0
40
1
40
1
40
1
40
1
41
1
41
1
41
1
41
1
10
60.334627790841395
20
-80.065340801036214
30
0
10
59.911294457508063
20
-80.594507467702883
30
0
10
61.234211124174735
20
-81.07075746770289
30
0
10
62.0015027908414
20
-80.673882467702867
30
0
0
SPLINE
5
1806
100
AcDbEntity
8
0
100
AcDbSpline
70
4
71
3
72
8
73
4
74
0
42
0.000000001
43
0.0000000001
44
0.0000000001
40
0
40
0
40
0
40
0
40
1
40
1
40
1
40
1
41
1
41
1
41
1
41
1
10
62.0015027908414
20
-80.673882467702867
30
0
10
62.530669457508083
20
-80.382840801036224
30
0
10
62.530669457508083
20
-80.356382467702886
30
0
10
61.551711124174716
20
-79.880132467702879
30
0
0
SPLINE
5
1807
100
AcDbEntity
8
0
100
AcDbSpline
70
4
71
3
72
8
73
4
74
0
42
0.000000001
43
0.0000000001
44
0.0000000001
40
0
40
0
40
0
40
0
40
1
40
1
40
1
40
1
41
1
41
1
41
1
41
1
10
61.551711124174716
20
-79.880132467702879
30
0
10
60.387544457508056
20
-79.298049134369549
30
0
10
59.937752790841401
20
-78.927632467702878
30
0
10
60.14941945750806
20
-78.715965801036219
30
0
0
SPLINE
5
1808
100
AcDbEntity
8
0
100
AcDbSpline
70
4
71
3
72
8
73
4
74
0
42
0.000000001
43
0.0000000001
44
0.0000000001
40
0
40
0
40
0
40
0
40
1
40
1
40
1
40
1
41
1
41
1
41
1
41
1
10
60.14941945750806
20
-78.715965801036219
30
0
10
60.228794457508066
20
-78.610132467702897
30
0
10
60.890252790841387
20
-78.927632467702878
30
0
10
61.631086124174729
20
-79.377424134369534
30
0
0
SPLINE
5
1809
100
AcDbEntity
8
0
100
AcDbSpline
70
4
71
3
72
8
73
4
74
0
42
0.000000001
43
0.0000000001
44
0.0000000001
40
0
40
0
40
0
40
0
40
1
40
1
40
1
40
1
41
1
41
1
41
1
41
1
10
61.631086124174729
20
-79.377424134369534
30
0
10
63.086294457508068
20
-80.25054913436955
30
0
10
63.800669457508064
20
-80.224090801036212
30
0
10
63.800669457508064
20
-79.21867413436955
30
0
0
SPLINE
5
1810
100
AcDbEntity
8
0
100
AcDbSpline
70
4
71
3
72
8
73
4
74
0
42
0.000000001
43
0.0000000001
44
0.0000000001
40
0
40
0
40
0
40
0
40
1
40
1
40
1
40
1
41
1
41
1
41
1
41
1
10
63.800669457508064
20
-79.21867413436955
30
0
10
63.800669457508064
20
-78.63659080103622
30
0
10
63.694836124174742
20
-78.583674134369545
30
0
10
62.610044457508067
20
-78.583674134369545
30
0
0
SPLINE
5
1811
100
AcDbEntity
8
0
100
AcDbSpline
70
4
71
3
72
8
73
4
74
0
42
0.000000001
43
0.0000000001
44
0.0000000001
40
0
40
0
40
0
40
0
40
1
40
1
40
1
40
1
41
1
41
1
41
1
41
1
10
62.610044457508067
20
-78.583674134369545
30
0
10
61.948586124174732
20
-78.583674134369545
30
0
10
61.41941945750807
20
-78.451382467702885
30
0
10
61.41941945750807
20
-78.319090801036211
30
0
0
SPLINE
5
1812
100
AcDbEntity
8
0
100
AcDbSpline
70
4
71
3
72
8
73
4
74
0
42
0.000000001
43
0.0000000001
44
0.0000000001
40
0
40
0
40
0
40
0
40
1
40
1
40
1
40
1
41
1
41
1
41
1
41
1
10
61.41941945750807
20
-78.319090801036211
30
0
10
61.41941945750807
20
-78.160340801036213
30
0
10
62.16025279084139
20
-78.054507467702891
30
0
10
63.139211124174736
20
-78.054507467702891
30
0
0
SPLINE
5
1813
100
AcDbEntity
8
0
100
AcDbSpline
70
4
71
3
72
8
73
4
74
0
42
0.000000001
43
0.0000000001
44
0.0000000001
40
0
40
0
40
0
40
0
40
1
40
1
40
1
40
1
41
1
41
1
41
1
41
1
10
63.139211124174736
20
-78.054507467702891
30
0
10
64.118169457508074
20
-78.054507467702891
30
0
10
64.859002790841402
20
-78.160340801036213
30
0
10
64.859002790841402
20
-78.319090801036211
30
0
0
SPLINE
5
1814
100
AcDbEntity
8
0
100
AcDbSpline
70
4
71
3
72
8
73
4
74
0
42
0.000000001
43
0.0000000001
44
0.0000000001
40
0
40
0
40
0
40
0
40
1
40
1
40
1
40
1
41
1
41
1
41
1
41
1
10
34.802336124174722
20
-78.583674134369545
30
0
10
35.172752790841393
20
-78.715965801036219
30
0
10
35.490252790841396
20
-79.033465801036215
30
0
10
35.490252790841396
20
-79.245132467702888
30
0
0
SPLINE
5
1815
100
AcDbEntity
8
0
100
AcDbSpline
70
4
71
3
72
8
73
4
74
0
42
0.000000001
43
0.0000000001
44
0.0000000001
40
0
40
0
40
0
40
0
40
1
40
1
40
1
40
1
41
1
41
1
41
1
41
1
10
35.490252790841396
20
-79.245132467702888
30
0
10
35.490252790841396
20
-79.853674134369555
30
0
10
34.722961124174731
20
-79.642007467702882
30
0
10
34.220252790841393
20
-78.901174134369541
30
0
0
SPLINE
5
1816
100
AcDbEntity
8
0
100
AcDbSpline
70
4
71
3
72
8
73
4
74
0
42
0.000000001
43
0.0000000001
44
0.0000000001
40
0
40
0
40
0
40
0
40
1
40
1
40
1
40
1
41
1
41
1
41
1
41
1
10
34.220252790841393
20
-78.901174134369541
30
0
10
33.796919457508061
20
-78.239715801036198
30
0
10
33.849836124174722
20
-78.213257467702874
30
0
10
34.802336124174722
20
-78.583674134369545
30
0
0
SPLINE
5
1817
100
AcDbEntity
8
0
100
AcDbSpline
70
4
71
3
72
8
73
4
74
0
42
0.000000001
43
0.0000000001
44
0.0000000001
40
0
40
0
40
0
40
0
40
1
40
1
40
1
40
1
41
1
41
1
41
1
41
1
10
26.759002790841386
20
-80.065340801036214
30
0
10
26.203377790841387
20
-80.885549134369541
30
0
10
25.568377790841382
20
-81.970340801036215
30
0
10
25.383169457508057
20
-82.525965801036207
30
0
0
LINE
5
1818
100
AcDbEntity
8
0
100
AcDbLine
10
25.38316945750806
20
-82.525965801036207
30
0
11
25.03921112417472
21
-83.478465801036208
31
0
0
LINE
5
1819
100
AcDbEntity
8
0
100
AcDbLine
10
25.03921112417472
20
-83.478465801036208
30
0
11
24.906919457508053
21
-82.420132467702871
31
0
0
SPLINE
5
1820
100
AcDbEntity
8
0
100
AcDbSpline
70
4
71
3
72
8
73
4
74
0
42
0.000000001
43
0.0000000001
44
0.0000000001
40
0
40
0
40
0
40
0
40
1
40
1
40
1
40
1
41
1
41
1
41
1
41
1
10
24.906919457508057
20
-82.420132467702871
30
0
10
24.721711124174721
20
-81.176590801036212
30
0
10
25.171502790841387
20
-79.324507467702887
30
0
10
25.674211124174722
20
-79.165757467702889
30
0
0
SPLINE
5
1821
100
AcDbEntity
8
0
100
AcDbSpline
70
4
71
3
72
8
73
4
74
0
42
0.000000001
43
0.0000000001
44
0.0000000001
40
0
40
0
40
0
40
0
40
1
40
1
40
1
40
1
41
1
41
1
41
1
41
1
10
25.674211124174722
20
-79.165757467702889
30
0
10
25.938794457508052
20
-79.086382467702876
30
0
10
25.965252790841387
20
-79.165757467702889
30
0
10
25.753586124174728
20
-79.53617413436956
30
0
0
SPLINE
5
1822
100
AcDbEntity
8
0
100
AcDbSpline
70
4
71
3
72
8
73
4
74
0
42
0.000000001
43
0.0000000001
44
0.0000000001
40
0
40
0
40
0
40
0
40
1
40
1
40
1
40
1
41
1
41
1
41
1
41
1
10
25.753586124174728
20
-79.53617413436956
30
0
10
25.356711124174723
20
-80.356382467702886
30
0
10
25.145044457508057
20
-81.494090801036222
30
0
10
25.409627790841391
20
-81.494090801036222
30
0
0
SPLINE
5
1823
100
AcDbEntity
8
0
100
AcDbSpline
70
4
71
3
72
8
73
4
74
0
42
0.000000001
43
0.0000000001
44
0.0000000001
40
0
40
0
40
0
40
0
40
1
40
1
40
1
40
1
41
1
41
1
41
1
41
1
10
25.409627790841391
20
-81.494090801036222
30
0
10
25.541919457508058
20
-81.494090801036222
30
0
10
25.753586124174728
20
-81.229507467702874
30
0
10
25.832961124174723
20
-80.885549134369541
30
0
0
SPLINE
5
1824
100
AcDbEntity
8
0
100
AcDbSpline
70
4
71
3
72
8
73
4
74
0
42
0.000000001
43
0.0000000001
44
0.0000000001
40
0
40
0
40
0
40
0
40
1
40
1
40
1
40
1
41
1
41
1
41
1
41
1
10
25.832961124174723
20
-80.885549134369541
30
0
10
26.071086124174727
20
-80.144715801036199
30
0
10
27.235252790841393
20
-78.583674134369545
30
0
10
27.552752790841389
20
-78.583674134369545
30
0
0
SPLINE
5
1825
100
AcDbEntity
8
0
100
AcDbSpline
70
4
71
3
72
8
73
4
74
0
42
0.000000001
43
0.0000000001
44
0.0000000001
40
0
40
0
40
0
40
0
40
1
40
1
40
1
40
1
41
1
41
1
41
1
41
1
10
27.552752790841389
20
-78.583674134369545
30
0
10
27.685044457508052
20
-78.583674134369545
30
0
10
27.341086124174723
20
-79.245132467702888
30
0
10
26.759002790841386
20
-80.065340801036214
30
0
0
SPLINE
5
1826
100
AcDbEntity
8
0
100
AcDbSpline
70
4
71
3
72
8
73
4
74
0
42
0.000000001
43
0.0000000001
44
0.0000000001
40
0
40
0
40
0
40
0
40
1
40
1
40
1
40
1
41
1
41
1
41
1
41
1
10
57.186086124174729
20
-79.377424134369534
30
0
10
57.186086124174729
20
-79.509715801036208
30
0
10
57.080252790841399
20
-79.642007467702882
30
0
10
56.947961124174725
20
-79.642007467702882
30
0
0
SPLINE
5
1827
100
AcDbEntity
8
0
100
AcDbSpline
70
4
71
3
72
8
73
4
74
0
42
0.000000001
43
0.0000000001
44
0.0000000001
40
0
40
0
40
0
40
0
40
1
40
1
40
1
40
1
41
1
41
1
41
1
41
1
10
56.947961124174725
20
-79.642007467702882
30
0
10
56.709836124174721
20
-79.642007467702882
30
0
10
53.587752790841407
20
-80.991382467702891
30
0
10
52.714627790841398
20
-81.467632467702884
30
0
0
SPLINE
5
1828
100
AcDbEntity
8
0
100
AcDbSpline
70
4
71
3
72
8
73
4
74
0
42
0.000000001
43
0.0000000001
44
0.0000000001
40
0
40
0
40
0
40
0
40
1
40
1
40
1
40
1
41
1
41
1
41
1
41
1
10
52.714627790841398
20
-81.467632467702884
30
0
10
51.973794457508056
20
-81.864507467702879
30
0
10
52.132544457508068
20
-82.261382467702887
30
0
10
53.190877790841398
20
-82.578882467702897
30
0
0
SPLINE
5
1829
100
AcDbEntity
8
0
100
AcDbSpline
70
4
71
3
72
8
73
4
74
0
42
0.000000001
43
0.0000000001
44
0.0000000001
40
0
40
0
40
0
40
0
40
1
40
1
40
1
40
1
41
1
41
1
41
1
41
1
10
53.190877790841398
20
-82.578882467702897
30
0
10
53.799419457508051
20
-82.764090801036218
30
0
10
54.275669457508059
20
-82.975757467702891
30
0
10
54.275669457508059
20
-83.055132467702876
30
0
0
SPLINE
5
1830
100
AcDbEntity
8
0
100
AcDbSpline
70
4
71
3
72
8
73
4
74
0
42
0.000000001
43
0.0000000001
44
0.0000000001
40
0
40
0
40
0
40
0
40
1
40
1
40
1
40
1
41
1
41
1
41
1
41
1
10
54.275669457508059
20
-83.055132467702876
30
0
10
54.275669457508059
20
-83.160965801036212
30
0
10
54.51379445750807
20
-83.240340801036226
30
0
10
54.831294457508065
20
-83.266799134369549
30
0
0
SPLINE
5
1831
100
AcDbEntity
8
0
100
AcDbSpline
70
4
71
3
72
8
73
4
74
0
42
0.000000001
43
0.0000000001
44
0.0000000001
40
0
40
0
40
0
40
0
40
1
40
1
40
1
40
1
41
1
41
1
41
1
41
1
10
54.831294457508065
20
-83.266799134369549
30
0
10
55.545669457508062
20
-83.31971580103621
30
0
10
57.768169457508058
20
-84.192840801036212
30
0
10
57.609419457508068
20
-84.325132467702872
30
0
0
SPLINE
5
1832
100
AcDbEntity
8
0
100
AcDbSpline
70
4
71
3
72
8
73
4
74
0
42
0.000000001
43
0.0000000001
44
0.0000000001
40
0
40
0
40
0
40
0
40
1
40
1
40
1
40
1
41
1
41
1
41
1
41
1
10
57.609419457508068
20
-84.325132467702872
30
0
10
57.265461124174728
20
-84.695549134369543
30
0
10
51.62983612417473
20
-82.552424134369545
30
0
10
51.62983612417473
20
-82.049715801036228
30
0
0
SPLINE
5
1833
100
AcDbEntity
8
0
100
AcDbSpline
70
4
71
3
72
8
73
4
74
0
42
0.000000001
43
0.0000000001
44
0.0000000001
40
0
40
0
40
0
40
0
40
1
40
1
40
1
40
1
41
1
41
1
41
1
41
1
10
51.62983612417473
20
-82.049715801036228
30
0
10
51.62983612417473
20
-81.626382467702882
30
0
10
52.608794457508054
20
-80.964924134369554
30
0
10
54.672544457508053
20
-80.065340801036214
30
0
0
SPLINE
5
1834
100
AcDbEntity
8
0
100
AcDbSpline
70
4
71
3
72
8
73
4
74
0
42
0.000000001
43
0.0000000001
44
0.0000000001
40
0
40
0
40
0
40
0
40
1
40
1
40
1
40
1
41
1
41
1
41
1
41
1
10
54.672544457508053
20
-80.065340801036214
30
0
10
57.027336124174738
20
-79.033465801036215
30
0
10
57.186086124174729
20
-79.007007467702891
30
0
10
57.186086124174729
20
-79.377424134369534
30
0
0
SPLINE
5
1835
100
AcDbEntity
8
0
100
AcDbSpline
70
4
71
3
72
8
73
4
74
0
42
0.000000001
43
0.0000000001
44
0.0000000001
40
0
40
0
40
0
40
0
40
1
40
1
40
1
40
1
41
1
41
1
41
1
41
1
10
33.135461124174732
20
-79.800757467702894
30
0
10
33.796919457508061
20
-80.118257467702875
30
0
10
33.876294457508052
20
-80.277007467702873
30
0
10
33.611711124174725
20
-80.594507467702883
30
0
0
SPLINE
5
1836
100
AcDbEntity
8
0
100
AcDbSpline
70
4
71
3
72
8
73
4
74
0
42
0.000000001
43
0.0000000001
44
0.0000000001
40
0
40
0
40
0
40
0
40
1
40
1
40
1
40
1
41
1
41
1
41
1
41
1
10
33.611711124174725
20
-80.594507467702883
30
0
10
33.161919457508056
20
-81.150132467702875
30
0
10
32.712127790841386
20
-81.044299134369567
30
0
10
32.36816945750806
20
-80.303465801036225
30
0
0
SPLINE
5
1837
100
AcDbEntity
8
0
100
AcDbSpline
70
4
71
3
72
8
73
4
74
0
42
0.000000001
43
0.0000000001
44
0.0000000001
40
0
40
0
40
0
40
0
40
1
40
1
40
1
40
1
41
1
41
1
41
1
41
1
10
32.36816945750806
20
-80.303465801036225
30
0
10
31.865461124174725
20
-79.21867413436955
30
0
10
31.91837779084139
20
-79.165757467702889
30
0
10
33.135461124174732
20
-79.800757467702894
30
0
0
SPLINE
5
1838
100
AcDbEntity
8
0
100
AcDbSpline
70
4
71
3
72
8
73
4
74
0
42
0.000000001
43
0.0000000001
44
0.0000000001
40
0
40
0
40
0
40
0
40
1
40
1
40
1
40
1
41
1
41
1
41
1
41
1
10
47.290669457508059
20
-80.171174134369551
30
0
10
47.370044457508058
20
-80.171174134369551
30
0
10
47.661086124174723
20
-80.038882467702877
30
0
10
47.925669457508057
20
-79.906590801036231
30
0
0
SPLINE
5
1839
100
AcDbEntity
8
0
100
AcDbSpline
70
4
71
3
72
8
73
4
74
0
42
0.000000001
43
0.0000000001
44
0.0000000001
40
0
40
0
40
0
40
0
40
1
40
1
40
1
40
1
41
1
41
1
41
1
41
1
10
47.925669457508057
20
-79.906590801036231
30
0
10
48.349002790841396
20
-79.694924134369543
30
0
10
48.401919457508065
20
-79.694924134369543
30
0
10
48.296086124174735
20
-80.038882467702877
30
0
0
SPLINE
5
1840
100
AcDbEntity
8
0
100
AcDbSpline
70
4
71
3
72
8
73
4
74
0
42
0.000000001
43
0.0000000001
44
0.0000000001
40
0
40
0
40
0
40
0
40
1
40
1
40
1
40
1
41
1
41
1
41
1
41
1
10
48.296086124174735
20
-80.038882467702877
30
0
10
48.190252790841384
20
-80.25054913436955
30
0
10
47.872752790841389
20
-80.435757467702885
30
0
10
47.555252790841394
20
-80.435757467702885
30
0
0
SPLINE
5
1841
100
AcDbEntity
8
0
100
AcDbSpline
70
4
71
3
72
8
73
4
74
0
42
0.000000001
43
0.0000000001
44
0.0000000001
40
0
40
0
40
0
40
0
40
1
40
1
40
1
40
1
41
1
41
1
41
1
41
1
10
47.555252790841394
20
-80.435757467702885
30
0
10
47.026086124174725
20
-80.435757467702885
30
0
10
45.465044457508057
20
-81.441174134369561
30
0
10
45.888377790841389
20
-81.52054913436956
30
0
0
SPLINE
5
1842
100
AcDbEntity
8
0
100
AcDbSpline
70
4
71
3
72
8
73
4
74
0
42
0.000000001
43
0.0000000001
44
0.0000000001
40
0
40
0
40
0
40
0
40
1
40
1
40
1
40
1
41
1
41
1
41
1
41
1
10
45.888377790841389
20
-81.52054913436956
30
0
10
45.994211124174733
20
-81.547007467702883
30
0
10
46.152961124174723
20
-81.573465801036221
30
0
10
46.285252790841398
20
-81.599924134369545
30
0
0
SPLINE
5
1843
100
AcDbEntity
8
0
100
AcDbSpline
70
4
71
3
72
8
73
4
74
0
42
0.000000001
43
0.0000000001
44
0.0000000001
40
0
40
0
40
0
40
0
40
1
40
1
40
1
40
1
41
1
41
1
41
1
41
1
10
46.285252790841398
20
-81.599924134369545
30
0
10
46.391086124174727
20
-81.626382467702882
30
0
10
46.602752790841393
20
-81.732215801036219
30
0
10
46.787961124174728
20
-81.838049134369555
30
0
0
SPLINE
5
1844
100
AcDbEntity
8
0
100
AcDbSpline
70
4
71
3
72
8
73
4
74
0
42
0.000000001
43
0.0000000001
44
0.0000000001
40
0
40
0
40
0
40
0
40
1
40
1
40
1
40
1
41
1
41
1
41
1
41
1
10
46.787961124174728
20
-81.838049134369555
30
0
10
47.158377790841399
20
-82.076174134369552
30
0
10
47.502336124174732
20
-81.599924134369545
30
0
10
47.290669457508059
20
-81.097215801036228
30
0
0
SPLINE
5
1845
100
AcDbEntity
8
0
100
AcDbSpline
70
4
71
3
72
8
73
4
74
0
42
0.000000001
43
0.0000000001
44
0.0000000001
40
0
40
0
40
0
40
0
40
1
40
1
40
1
40
1
41
1
41
1
41
1
41
1
10
47.290669457508059
20
-81.097215801036228
30
0
10
47.18483612417473
20
-80.806174134369542
30
0
10
47.343586124174728
20
-80.700340801036219
30
0
10
47.819836124174728
20
-80.700340801036219
30
0
0
SPLINE
5
1846
100
AcDbEntity
8
0
100
AcDbSpline
70
4
71
3
72
8
73
4
74
0
42
0.000000001
43
0.0000000001
44
0.0000000001
40
0
40
0
40
0
40
0
40
1
40
1
40
1
40
1
41
1
41
1
41
1
41
1
10
47.819836124174728
20
-80.700340801036219
30
0
10
48.269627790841398
20
-80.700340801036219
30
0
10
48.534211124174725
20
-80.488674134369546
30
0
10
48.719419457508053
20
-80.012424134369539
30
0
0
LINE
5
1847
100
AcDbEntity
8
0
100
AcDbLine
10
48.71941945750806
20
-80.012424134369525
30
0
11
48.984002790841387
21
-79.324507467702873
31
0
0
LINE
5
1848
100
AcDbEntity
8
0
100
AcDbLine
10
48.984002790841387
20
-79.324507467702873
30
0
11
49.910044457508064
21
-79.906590801036231
31
0
0
SPLINE
5
1849
100
AcDbEntity
8
0
100
AcDbSpline
70
4
71
3
72
8
73
4
74
0
42
0.000000001
43
0.0000000001
44
0.0000000001
40
0
40
0
40
0
40
0
40
1
40
1
40
1
40
1
41
1
41
1
41
1
41
1
10
49.91004445750805
20
-79.906590801036231
30
0
10
50.492127790841394
20
-80.25054913436955
30
0
10
51.127127790841399
20
-80.435757467702885
30
0
10
51.497544457508056
20
-80.356382467702886
30
0
0
SPLINE
5
1850
100
AcDbEntity
8
0
100
AcDbSpline
70
4
71
3
72
8
73
4
74
0
42
0.000000001
43
0.0000000001
44
0.0000000001
40
0
40
0
40
0
40
0
40
1
40
1
40
1
40
1
41
1
41
1
41
1
41
1
10
51.497544457508056
20
-80.356382467702886
30
0
10
52.291294457508059
20
-80.224090801036212
30
0
10
52.291294457508059
20
-80.277007467702873
30
0
10
51.682752790841384
20
-81.176590801036212
30
0
0
SPLINE
5
1851
100
AcDbEntity
8
0
100
AcDbSpline
70
4
71
3
72
8
73
4
74
0
42
0.000000001
43
0.0000000001
44
0.0000000001
40
0
40
0
40
0
40
0
40
1
40
1
40
1
40
1
41
1
41
1
41
1
41
1
10
51.682752790841384
20
-81.176590801036212
30
0
10
51.41816945750805
20
-81.573465801036221
30
0
10
51.074211124174731
20
-82.182007467702903
30
0
10
50.889002790841388
20
-82.552424134369545
30
0
0
SPLINE
5
1852
100
AcDbEntity
8
0
100
AcDbSpline
70
4
71
3
72
8
73
4
74
0
42
0.000000001
43
0.0000000001
44
0.0000000001
40
0
40
0
40
0
40
0
40
1
40
1
40
1
40
1
41
1
41
1
41
1
41
1
10
50.889002790841388
20
-82.552424134369545
30
0
10
50.492127790841394
20
-83.31971580103621
30
0
10
48.084419457508069
20
-85.092424134369566
30
0
10
47.052544457508063
20
-85.330549134369548
30
0
0
SPLINE
5
1853
100
AcDbEntity
8
0
100
AcDbSpline
70
4
71
3
72
8
73
4
74
0
42
0.000000001
43
0.0000000001
44
0.0000000001
40
0
40
0
40
0
40
0
40
1
40
1
40
1
40
1
41
1
41
1
41
1
41
1
10
47.052544457508063
20
-85.330549134369548
30
0
10
46.549836124174732
20
-85.462840801036208
30
0
10
45.835461124174728
20
-85.251174134369535
30
0
10
44.380252790841396
20
-84.563257467702897
30
0
0
SPLINE
5
1854
100
AcDbEntity
8
0
100
AcDbSpline
70
4
71
3
72
8
73
4
74
0
42
0.000000001
43
0.0000000001
44
0.0000000001
40
0
40
0
40
0
40
0
40
1
40
1
40
1
40
1
41
1
41
1
41
1
41
1
10
44.380252790841396
20
-84.563257467702897
30
0
10
43.295461124174722
20
-84.034090801036214
30
0
10
42.210669457508061
20
-83.610757467702882
30
0
10
41.999002790841395
20
-83.610757467702882
30
0
0
SPLINE
5
1855
100
AcDbEntity
8
0
100
AcDbSpline
70
4
71
3
72
8
73
4
74
0
42
0.000000001
43
0.0000000001
44
0.0000000001
40
0
40
0
40
0
40
0
40
1
40
1
40
1
40
1
41
1
41
1
41
1
41
1
10
41.999002790841395
20
-83.610757467702882
30
0
10
41.760877790841391
20
-83.610757467702882
30
0
10
41.575669457508056
20
-83.531382467702869
30
0
10
41.549211124174725
20
-83.399090801036223
30
0
0
SPLINE
5
1856
100
AcDbEntity
8
0
100
AcDbSpline
70
4
71
3
72
8
73
4
74
0
42
0.000000001
43
0.0000000001
44
0.0000000001
40
0
40
0
40
0
40
0
40
1
40
1
40
1
40
1
41
1
41
1
41
1
41
1
10
41.549211124174725
20
-83.399090801036223
30
0
10
41.469836124174726
20
-82.578882467702897
30
0
10
41.469836124174726
20
-81.494090801036222
30
0
10
41.549211124174725
20
-81.494090801036222
30
0
0
SPLINE
5
1857
100
AcDbEntity
8
0
100
AcDbSpline
70
4
71
3
72
8
73
4
74
0
42
0.000000001
43
0.0000000001
44
0.0000000001
40
0
40
0
40
0
40
0
40
1
40
1
40
1
40
1
41
1
41
1
41
1
41
1
10
41.549211124174725
20
-81.494090801036222
30
0
10
41.602127790841401
20
-81.494090801036222
30
0
10
41.999002790841395
20
-81.78513246770288
30
0
10
42.422336124174727
20
-82.155549134369551
30
0
0
SPLINE
5
1858
100
AcDbEntity
8
0
100
AcDbSpline
70
4
71
3
72
8
73
4
74
0
42
0.000000001
43
0.0000000001
44
0.0000000001
40
0
40
0
40
0
40
0
40
1
40
1
40
1
40
1
41
1
41
1
41
1
41
1
10
42.422336124174727
20
-82.155549134369551
30
0
10
43.163169457508054
20
-82.790549134369542
30
0
10
43.269002790841391
20
-82.817007467702894
30
0
10
43.798169457508052
20
-82.420132467702871
30
0
0
SPLINE
5
1859
100
AcDbEntity
8
0
100
AcDbSpline
70
4
71
3
72
8
73
4
74
0
42
0.000000001
43
0.0000000001
44
0.0000000001
40
0
40
0
40
0
40
0
40
1
40
1
40
1
40
1
41
1
41
1
41
1
41
1
10
43.798169457508052
20
-82.420132467702871
30
0
10
44.089211124174724
20
-82.182007467702903
30
0
10
44.565461124174732
20
-81.943882467702878
30
0
10
44.830044457508066
20
-81.838049134369555
30
0
0
SPLINE
5
1860
100
AcDbEntity
8
0
100
AcDbSpline
70
4
71
3
72
8
73
4
74
0
42
0.000000001
43
0.0000000001
44
0.0000000001
40
0
40
0
40
0
40
0
40
1
40
1
40
1
40
1
41
1
41
1
41
1
41
1
10
44.830044457508066
20
-81.838049134369555
30
0
10
45.332752790841397
20
-81.679299134369558
30
0
10
45.438586124174734
20
-81.097215801036228
30
0
10
45.015252790841387
20
-80.832632467702879
30
0
0
SPLINE
5
1861
100
AcDbEntity
8
0
100
AcDbSpline
70
4
71
3
72
8
73
4
74
0
42
0.000000001
43
0.0000000001
44
0.0000000001
40
0
40
0
40
0
40
0
40
1
40
1
40
1
40
1
41
1
41
1
41
1
41
1
10
45.015252790841387
20
-80.832632467702879
30
0
10
44.512544457508064
20
-80.51513246770287
30
0
10
44.750669457508053
20
-80.224090801036212
30
0
10
45.438586124174734
20
-80.303465801036225
30
0
0
SPLINE
5
1862
100
AcDbEntity
8
0
100
AcDbSpline
70
4
71
3
72
8
73
4
74
0
42
0.000000001
43
0.0000000001
44
0.0000000001
40
0
40
0
40
0
40
0
40
1
40
1
40
1
40
1
41
1
41
1
41
1
41
1
10
45.438586124174734
20
-80.303465801036225
30
0
10
45.941294457508057
20
-80.356382467702886
30
0
10
46.179419457508061
20
-80.224090801036212
30
0
10
46.25879445750806
20
-79.880132467702879
30
0
0
SPLINE
5
1863
100
AcDbEntity
8
0
100
AcDbSpline
70
4
71
3
72
8
73
4
74
0
42
0.000000001
43
0.0000000001
44
0.0000000001
40
0
40
0
40
0
40
0
40
1
40
1
40
1
40
1
41
1
41
1
41
1
41
1
10
46.25879445750806
20
-79.880132467702879
30
0
10
46.391086124174727
20
-79.456799134369547
30
0
10
46.444002790841388
20
-79.456799134369547
30
0
10
46.787961124174728
20
-79.774299134369556
30
0
0
SPLINE
5
1864
100
AcDbEntity
8
0
100
AcDbSpline
70
4
71
3
72
8
73
4
74
0
42
0.000000001
43
0.0000000001
44
0.0000000001
40
0
40
0
40
0
40
0
40
1
40
1
40
1
40
1
41
1
41
1
41
1
41
1
10
46.787961124174728
20
-79.774299134369556
30
0
10
46.999627790841387
20
-79.985965801036215
30
0
10
47.237752790841398
20
-80.171174134369551
30
0
10
47.290669457508059
20
-80.171174134369551
30
0
0
SPLINE
5
1865
100
AcDbEntity
8
0
100
AcDbSpline
70
4
71
3
72
8
73
4
74
0
42
0.000000001
43
0.0000000001
44
0.0000000001
40
0
40
0
40
0
40
0
40
1
40
1
40
1
40
1
41
1
41
1
41
1
41
1
10
69.118794457508059
20
-80.991382467702891
30
0
10
69.065877790841398
20
-81.33534080103621
30
0
10
68.986502790841399
20
-81.811590801036203
30
0
10
68.960044457508062
20
-82.023257467702877
30
0
0
SPLINE
5
1866
100
AcDbEntity
8
0
100
AcDbSpline
70
4
71
3
72
8
73
4
74
0
42
0.000000001
43
0.0000000001
44
0.0000000001
40
0
40
0
40
0
40
0
40
1
40
1
40
1
40
1
41
1
41
1
41
1
41
1
10
68.960044457508062
20
-82.023257467702877
30
0
10
68.9071277908414
20
-82.234924134369564
30
0
10
68.854211124174739
20
-82.658257467702882
30
0
10
68.854211124174739
20
-82.949299134369539
30
0
0
SPLINE
5
1867
100
AcDbEntity
8
0
100
AcDbSpline
70
4
71
3
72
8
73
4
74
0
42
0.000000001
43
0.0000000001
44
0.0000000001
40
0
40
0
40
0
40
0
40
1
40
1
40
1
40
1
41
1
41
1
41
1
41
1
10
68.854211124174739
20
-82.949299134369539
30
0
10
68.827752790841402
20
-83.425549134369561
30
0
10
68.53671112417473
20
-83.531382467702869
30
0
10
66.129002790841412
20
-83.848882467702879
30
0
0
SPLINE
5
1868
100
AcDbEntity
8
0
100
AcDbSpline
70
4
71
3
72
8
73
4
74
0
42
0.000000001
43
0.0000000001
44
0.0000000001
40
0
40
0
40
0
40
0
40
1
40
1
40
1
40
1
41
1
41
1
41
1
41
1
10
66.129002790841412
20
-83.848882467702879
30
0
10
60.83733612417474
20
-84.536799134369559
30
0
10
60.228794457508066
20
-84.58971580103622
30
0
10
59.964211124174724
20
-84.378049134369547
30
0
0
SPLINE
5
1869
100
AcDbEntity
8
0
100
AcDbSpline
70
4
71
3
72
8
73
4
74
0
42
0.000000001
43
0.0000000001
44
0.0000000001
40
0
40
0
40
0
40
0
40
1
40
1
40
1
40
1
41
1
41
1
41
1
41
1
10
59.964211124174724
20
-84.378049134369547
30
0
10
59.83191945750805
20
-84.245757467702873
30
0
10
60.017127790841386
20
-84.139924134369551
30
0
10
60.440461124174725
20
-84.139924134369551
30
0
0
SPLINE
5
1870
100
AcDbEntity
8
0
100
AcDbSpline
70
4
71
3
72
8
73
4
74
0
42
0.000000001
43
0.0000000001
44
0.0000000001
40
0
40
0
40
0
40
0
40
1
40
1
40
1
40
1
41
1
41
1
41
1
41
1
10
60.440461124174725
20
-84.139924134369551
30
0
10
60.810877790841396
20
-84.139924134369551
30
0
10
61.260669457508072
20
-83.928257467702878
30
0
10
61.392961124174747
20
-83.663674134369543
30
0
0
SPLINE
5
1871
100
AcDbEntity
8
0
100
AcDbSpline
70
4
71
3
72
8
73
4
74
0
42
0.000000001
43
0.0000000001
44
0.0000000001
40
0
40
0
40
0
40
0
40
1
40
1
40
1
40
1
41
1
41
1
41
1
41
1
10
61.392961124174747
20
-83.663674134369543
30
0
10
61.551711124174716
20
-83.425549134369561
30
0
10
61.68400279084139
20
-83.293257467702887
30
0
10
61.68400279084139
20
-83.425549134369561
30
0
0
SPLINE
5
1872
100
AcDbEntity
8
0
100
AcDbSpline
70
4
71
3
72
8
73
4
74
0
42
0.000000001
43
0.0000000001
44
0.0000000001
40
0
40
0
40
0
40
0
40
1
40
1
40
1
40
1
41
1
41
1
41
1
41
1
10
61.68400279084139
20
-83.425549134369561
30
0
10
61.68400279084139
20
-83.531382467702869
30
0
10
62.0015027908414
20
-83.425549134369561
30
0
10
62.371919457508071
20
-83.160965801036212
30
0
0
SPLINE
5
1873
100
AcDbEntity
8
0
100
AcDbSpline
70
4
71
3
72
8
73
4
74
0
42
0.000000001
43
0.0000000001
44
0.0000000001
40
0
40
0
40
0
40
0
40
1
40
1
40
1
40
1
41
1
41
1
41
1
41
1
10
62.371919457508071
20
-83.160965801036212
30
0
10
62.768794457508065
20
-82.922840801036202
30
0
10
63.324419457508071
20
-82.658257467702882
30
0
10
63.615461124174729
20
-82.631799134369558
30
0
0
SPLINE
5
1874
100
AcDbEntity
8
0
100
AcDbSpline
70
4
71
3
72
8
73
4
74
0
42
0.000000001
43
0.0000000001
44
0.0000000001
40
0
40
0
40
0
40
0
40
1
40
1
40
1
40
1
41
1
41
1
41
1
41
1
10
63.615461124174729
20
-82.631799134369558
30
0
10
63.932961124174724
20
-82.578882467702897
30
0
10
64.356294457508071
20
-82.36721580103621
30
0
10
64.594419457508053
20
-82.155549134369551
30
0
0
SPLINE
5
1875
100
AcDbEntity
8
0
100
AcDbSpline
70
4
71
3
72
8
73
4
74
0
42
0.000000001
43
0.0000000001
44
0.0000000001
40
0
40
0
40
0
40
0
40
1
40
1
40
1
40
1
41
1
41
1
41
1
41
1
10
64.594419457508053
20
-82.155549134369551
30
0
10
64.832544457508078
20
-81.943882467702878
30
0
10
65.229419457508072
20
-81.758674134369542
30
0
10
65.441086124174745
20
-81.758674134369542
30
0
0
SPLINE
5
1876
100
AcDbEntity
8
0
100
AcDbSpline
70
4
71
3
72
8
73
4
74
0
42
0.000000001
43
0.0000000001
44
0.0000000001
40
0
40
0
40
0
40
0
40
1
40
1
40
1
40
1
41
1
41
1
41
1
41
1
10
65.441086124174745
20
-81.758674134369542
30
0
10
65.679211124174728
20
-81.758674134369542
30
0
10
65.996711124174738
20
-81.599924134369545
30
0
10
66.155461124174735
20
-81.388257467702886
30
0
0
SPLINE
5
1877
100
AcDbEntity
8
0
100
AcDbSpline
70
4
71
3
72
8
73
4
74
0
42
0.000000001
43
0.0000000001
44
0.0000000001
40
0
40
0
40
0
40
0
40
1
40
1
40
1
40
1
41
1
41
1
41
1
41
1
10
66.155461124174735
20
-81.388257467702886
30
0
10
66.340669457508056
20
-81.176590801036212
30
0
10
66.869836124174725
20
-80.938465801036216
30
0
10
67.399002790841394
20
-80.859090801036217
30
0
0
SPLINE
5
1878
100
AcDbEntity
8
0
100
AcDbSpline
70
4
71
3
72
8
73
4
74
0
42
0.000000001
43
0.0000000001
44
0.0000000001
40
0
40
0
40
0
40
0
40
1
40
1
40
1
40
1
41
1
41
1
41
1
41
1
10
67.399002790841394
20
-80.859090801036217
30
0
10
67.901711124174739
20
-80.75325746770288
30
0
10
68.245669457508058
20
-80.568049134369545
30
0
10
68.192752790841396
20
-80.462215801036223
30
0
0
SPLINE
5
1879
100
AcDbEntity
8
0
100
AcDbSpline
70
4
71
3
72
8
73
4
74
0
42
0.000000001
43
0.0000000001
44
0.0000000001
40
0
40
0
40
0
40
0
40
1
40
1
40
1
40
1
41
1
41
1
41
1
41
1
10
68.192752790841396
20
-80.462215801036223
30
0
10
68.113377790841398
20
-80.356382467702886
30
0
10
68.325044457508071
20
-80.277007467702873
30
0
10
68.642544457508052
20
-80.303465801036225
30
0
0
SPLINE
5
1880
100
AcDbEntity
8
0
100
AcDbSpline
70
4
71
3
72
8
73
4
74
0
42
0.000000001
43
0.0000000001
44
0.0000000001
40
0
40
0
40
0
40
0
40
1
40
1
40
1
40
1
41
1
41
1
41
1
41
1
10
68.642544457508052
20
-80.303465801036225
30
0
10
69.092336124174736
20
-80.329924134369563
30
0
10
69.198169457508072
20
-80.488674134369546
30
0
10
69.118794457508059
20
-80.991382467702891
30
0
0
SPLINE
5
1881
100
AcDbEntity
8
0
100
AcDbSpline
70
4
71
3
72
8
73
4
74
0
42
0.000000001
43
0.0000000001
44
0.0000000001
40
0
40
0
40
0
40
0
40
1
40
1
40
1
40
1
41
1
41
1
41
1
41
1
10
39.591294457508056
20
-80.912007467702892
30
0
10
40.490877790841395
20
-81.203049134369536
30
0
10
41.178794457508054
20
-81.705757467702881
30
0
10
40.993586124174726
20
-81.917424134369554
30
0
0
SPLINE
5
1882
100
AcDbEntity
8
0
100
AcDbSpline
70
4
71
3
72
8
73
4
74
0
42
0.000000001
43
0.0000000001
44
0.0000000001
40
0
40
0
40
0
40
0
40
1
40
1
40
1
40
1
41
1
41
1
41
1
41
1
10
40.993586124174726
20
-81.917424134369554
30
0
10
40.88775279084139
20
-82.023257467702877
30
0
10
40.596711124174725
20
-81.943882467702878
30
0
10
40.358586124174721
20
-81.758674134369542
30
0
0
SPLINE
5
1883
100
AcDbEntity
8
0
100
AcDbSpline
70
4
71
3
72
8
73
4
74
0
42
0.000000001
43
0.0000000001
44
0.0000000001
40
0
40
0
40
0
40
0
40
1
40
1
40
1
40
1
41
1
41
1
41
1
41
1
10
40.358586124174721
20
-81.758674134369542
30
0
10
39.85587779084139
20
-81.33534080103621
30
0
10
37.659836124174724
20
-81.308882467702887
30
0
10
36.866086124174728
20
-81.732215801036219
30
0
0
SPLINE
5
1884
100
AcDbEntity
8
0
100
AcDbSpline
70
4
71
3
72
8
73
4
74
0
42
0.000000001
43
0.0000000001
44
0.0000000001
40
0
40
0
40
0
40
0
40
1
40
1
40
1
40
1
41
1
41
1
41
1
41
1
10
36.866086124174728
20
-81.732215801036219
30
0
10
36.495669457508058
20
-81.917424134369554
30
0
10
36.257544457508061
20
-81.943882467702878
30
0
10
36.151711124174717
20
-81.758674134369542
30
0
0
SPLINE
5
1885
100
AcDbEntity
8
0
100
AcDbSpline
70
4
71
3
72
8
73
4
74
0
42
0.000000001
43
0.0000000001
44
0.0000000001
40
0
40
0
40
0
40
0
40
1
40
1
40
1
40
1
41
1
41
1
41
1
41
1
10
36.151711124174717
20
-81.758674134369542
30
0
10
35.754836124174723
20
-81.123674134369551
30
0
10
38.32129445750806
20
-80.51513246770287
30
0
10
39.591294457508056
20
-80.912007467702892
30
0
0
SPLINE
5
1886
100
AcDbEntity
8
0
100
AcDbSpline
70
4
71
3
72
8
73
4
74
0
42
0.000000001
43
0.0000000001
44
0.0000000001
40
0
40
0
40
0
40
0
40
1
40
1
40
1
40
1
41
1
41
1
41
1
41
1
10
65.123586124174722
20
-80.991382467702891
30
0
10
65.123586124174722
20
-81.123674134369551
30
0
10
63.959419457508062
20
-81.78513246770288
30
0
10
62.557127790841406
20
-82.446590801036223
30
0
0
SPLINE
5
1887
100
AcDbEntity
8
0
100
AcDbSpline
70
4
71
3
72
8
73
4
74
0
42
0.000000001
43
0.0000000001
44
0.0000000001
40
0
40
0
40
0
40
0
40
1
40
1
40
1
40
1
41
1
41
1
41
1
41
1
10
62.557127790841406
20
-82.446590801036223
30
0
10
61.128377790841398
20
-83.081590801036214
30
0
10
59.726086124174728
20
-83.743049134369556
30
0
10
59.435044457508056
20
-83.928257467702878
30
0
0
SPLINE
5
1888
100
AcDbEntity
8
0
100
AcDbSpline
70
4
71
3
72
8
73
4
74
0
42
0.000000001
43
0.0000000001
44
0.0000000001
40
0
40
0
40
0
40
0
40
1
40
1
40
1
40
1
41
1
41
1
41
1
41
1
10
59.435044457508056
20
-83.928257467702878
30
0
10
59.144002790841405
20
-84.087007467702875
30
0
10
58.614836124174737
20
-84.404507467702885
30
0
10
58.244419457508059
20
-84.616174134369558
30
0
0
SPLINE
5
1889
100
AcDbEntity
8
0
100
AcDbSpline
70
4
71
3
72
8
73
4
74
0
42
0.000000001
43
0.0000000001
44
0.0000000001
40
0
40
0
40
0
40
0
40
1
40
1
40
1
40
1
41
1
41
1
41
1
41
1
10
58.244419457508059
20
-84.616174134369558
30
0
10
57.662336124174729
20
-84.960132467702891
30
0
10
57.635877790841391
20
-84.960132467702891
30
0
10
58.05921112417473
20
-84.58971580103622
30
0
0
SPLINE
5
1890
100
AcDbEntity
8
0
100
AcDbSpline
70
4
71
3
72
8
73
4
74
0
42
0.000000001
43
0.0000000001
44
0.0000000001
40
0
40
0
40
0
40
0
40
1
40
1
40
1
40
1
41
1
41
1
41
1
41
1
10
58.05921112417473
20
-84.58971580103622
30
0
10
58.509002790841393
20
-84.21929913436955
30
0
10
58.509002790841393
20
-84.166382467702888
30
0
10
57.847544457508057
20
-83.663674134369543
30
0
0
SPLINE
5
1891
100
AcDbEntity
8
0
100
AcDbSpline
70
4
71
3
72
8
73
4
74
0
42
0.000000001
43
0.0000000001
44
0.0000000001
40
0
40
0
40
0
40
0
40
1
40
1
40
1
40
1
41
1
41
1
41
1
41
1
10
57.847544457508057
20
-83.663674134369543
30
0
10
57.450669457508063
20
-83.346174134369562
30
0
10
56.736294457508059
20
-82.975757467702891
30
0
10
56.233586124174735
20
-82.817007467702894
30
0
0
SPLINE
5
1892
100
AcDbEntity
8
0
100
AcDbSpline
70
4
71
3
72
8
73
4
74
0
42
0.000000001
43
0.0000000001
44
0.0000000001
40
0
40
0
40
0
40
0
40
1
40
1
40
1
40
1
41
1
41
1
41
1
41
1
10
56.233586124174735
20
-82.817007467702894
30
0
10
55.730877790841397
20
-82.658257467702882
30
0
10
55.334002790841396
20
-82.393674134369533
30
0
10
55.334002790841396
20
-82.234924134369564
30
0
0
SPLINE
5
1893
100
AcDbEntity
8
0
100
AcDbSpline
70
4
71
3
72
8
73
4
74
0
42
0.000000001
43
0.0000000001
44
0.0000000001
40
0
40
0
40
0
40
0
40
1
40
1
40
1
40
1
41
1
41
1
41
1
41
1
10
55.334002790841396
20
-82.234924134369564
30
0
10
55.334002790841396
20
-82.076174134369552
30
0
10
55.492752790841394
20
-82.023257467702877
30
0
10
55.677961124174729
20
-82.10263246770289
30
0
0
SPLINE
5
1894
100
AcDbEntity
8
0
100
AcDbSpline
70
4
71
3
72
8
73
4
74
0
42
0.000000001
43
0.0000000001
44
0.0000000001
40
0
40
0
40
0
40
0
40
1
40
1
40
1
40
1
41
1
41
1
41
1
41
1
10
55.677961124174729
20
-82.10263246770289
30
0
10
57.794627790841389
20
-82.949299134369539
30
0
10
58.244419457508059
20
-83.187424134369536
30
0
10
58.244419457508059
20
-83.504924134369546
30
0
0
SPLINE
5
1895
100
AcDbEntity
8
0
100
AcDbSpline
70
4
71
3
72
8
73
4
74
0
42
0.000000001
43
0.0000000001
44
0.0000000001
40
0
40
0
40
0
40
0
40
1
40
1
40
1
40
1
41
1
41
1
41
1
41
1
10
58.244419457508059
20
-83.504924134369546
30
0
10
58.244419457508059
20
-83.716590801036205
30
0
10
58.323794457508065
20
-83.875340801036216
30
0
10
58.456086124174725
20
-83.875340801036216
30
0
0
SPLINE
5
1896
100
AcDbEntity
8
0
100
AcDbSpline
70
4
71
3
72
8
73
4
74
0
42
0.000000001
43
0.0000000001
44
0.0000000001
40
0
40
0
40
0
40
0
40
1
40
1
40
1
40
1
41
1
41
1
41
1
41
1
10
58.456086124174725
20
-83.875340801036216
30
0
10
58.561919457508054
20
-83.875340801036216
30
0
10
60.070044457508075
20
-83.160965801036212
30
0
10
61.816294457508064
20
-82.314299134369548
30
0
0
SPLINE
5
1897
100
AcDbEntity
8
0
100
AcDbSpline
70
4
71
3
72
8
73
4
74
0
42
0.000000001
43
0.0000000001
44
0.0000000001
40
0
40
0
40
0
40
0
40
1
40
1
40
1
40
1
41
1
41
1
41
1
41
1
10
61.816294457508064
20
-82.314299134369548
30
0
10
63.562544457508068
20
-81.441174134369561
30
0
10
65.017752790841399
20
-80.726799134369557
30
0
10
65.07066945750806
20
-80.726799134369557
30
0
0
SPLINE
5
1898
100
AcDbEntity
8
0
100
AcDbSpline
70
4
71
3
72
8
73
4
74
0
42
0.000000001
43
0.0000000001
44
0.0000000001
40
0
40
0
40
0
40
0
40
1
40
1
40
1
40
1
41
1
41
1
41
1
41
1
10
65.07066945750806
20
-80.726799134369557
30
0
10
65.097127790841398
20
-80.700340801036219
30
0
10
65.123586124174722
20
-80.832632467702879
30
0
10
65.123586124174722
20
-80.991382467702891
30
0
0
SPLINE
5
1899
100
AcDbEntity
8
0
100
AcDbSpline
70
4
71
3
72
8
73
4
74
0
42
0.000000001
43
0.0000000001
44
0.0000000001
40
0
40
0
40
0
40
0
40
1
40
1
40
1
40
1
41
1
41
1
41
1
41
1
10
55.069419457508062
20
-82.049715801036228
30
0
10
55.069419457508062
20
-82.36721580103621
30
0
10
54.963586124174732
20
-82.340757467702872
30
0
10
54.143377790841392
20
-81.970340801036215
30
0
0
SPLINE
5
1900
100
AcDbEntity
8
0
100
AcDbSpline
70
4
71
3
72
8
73
4
74
0
42
0.000000001
43
0.0000000001
44
0.0000000001
40
0
40
0
40
0
40
0
40
1
40
1
40
1
40
1
41
1
41
1
41
1
41
1
10
54.143377790841392
20
-81.970340801036215
30
0
10
53.217336124174722
20
-81.547007467702883
30
0
10
53.323169457508072
20
-81.203049134369536
30
0
10
54.275669457508059
20
-81.52054913436956
30
0
0
SPLINE
5
1901
100
AcDbEntity
8
0
100
AcDbSpline
70
4
71
3
72
8
73
4
74
0
42
0.000000001
43
0.0000000001
44
0.0000000001
40
0
40
0
40
0
40
0
40
1
40
1
40
1
40
1
41
1
41
1
41
1
41
1
10
54.275669457508059
20
-81.52054913436956
30
0
10
54.725461124174721
20
-81.679299134369558
30
0
10
55.069419457508062
20
-81.917424134369554
30
0
10
55.069419457508062
20
-82.049715801036228
30
0
0
SPLINE
5
1902
100
AcDbEntity
8
0
100
AcDbSpline
70
4
71
3
72
8
73
4
74
0
42
0.000000001
43
0.0000000001
44
0.0000000001
40
0
40
0
40
0
40
0
40
1
40
1
40
1
40
1
41
1
41
1
41
1
41
1
10
31.91837779084139
20
-82.023257467702877
30
0
10
31.91837779084139
20
-82.658257467702882
30
0
10
30.912961124174725
20
-82.631799134369558
30
0
10
30.51608612417472
20
-82.023257467702877
30
0
0
SPLINE
5
1903
100
AcDbEntity
8
0
100
AcDbSpline
70
4
71
3
72
8
73
4
74
0
42
0.000000001
43
0.0000000001
44
0.0000000001
40
0
40
0
40
0
40
0
40
1
40
1
40
1
40
1
41
1
41
1
41
1
41
1
10
30.51608612417472
20
-82.023257467702877
30
0
10
30.198586124174724
20
-81.494090801036222
30
0
10
30.225044457508055
20
-81.467632467702884
30
0
10
31.045252790841396
20
-81.547007467702883
30
0
0
SPLINE
5
1904
100
AcDbEntity
8
0
100
AcDbSpline
70
4
71
3
72
8
73
4
74
0
42
0.000000001
43
0.0000000001
44
0.0000000001
40
0
40
0
40
0
40
0
40
1
40
1
40
1
40
1
41
1
41
1
41
1
41
1
10
31.045252790841396
20
-81.547007467702883
30
0
10
31.600877790841395
20
-81.599924134369545
30
0
10
31.91837779084139
20
-81.758674134369542
30
0
10
31.91837779084139
20
-82.023257467702877
30
0
0
SPLINE
5
1905
100
AcDbEntity
8
0
100
AcDbSpline
70
4
71
3
72
8
73
4
74
0
42
0.000000001
43
0.0000000001
44
0.0000000001
40
0
40
0
40
0
40
0
40
1
40
1
40
1
40
1
41
1
41
1
41
1
41
1
10
39.459002790841389
20
-82.129090801036213
30
0
10
39.459002790841389
20
-82.182007467702903
30
0
10
39.27379445750806
20
-82.287840801036225
30
0
10
39.062127790841387
20
-82.393674134369533
30
0
0
SPLINE
5
1906
100
AcDbEntity
8
0
100
AcDbSpline
70
4
71
3
72
8
73
4
74
0
42
0.000000001
43
0.0000000001
44
0.0000000001
40
0
40
0
40
0
40
0
40
1
40
1
40
1
40
1
41
1
41
1
41
1
41
1
10
39.062127790841387
20
-82.393674134369533
30
0
10
38.850461124174728
20
-82.473049134369546
30
0
10
38.665252790841393
20
-82.420132467702871
30
0
10
38.665252790841393
20
-82.287840801036225
30
0
0
SPLINE
5
1907
100
AcDbEntity
8
0
100
AcDbSpline
70
4
71
3
72
8
73
4
74
0
42
0.000000001
43
0.0000000001
44
0.0000000001
40
0
40
0
40
0
40
0
40
1
40
1
40
1
40
1
41
1
41
1
41
1
41
1
10
38.665252790841393
20
-82.287840801036225
30
0
10
38.665252790841393
20
-82.129090801036213
30
0
10
38.850461124174728
20
-82.023257467702877
30
0
10
39.062127790841387
20
-82.023257467702877
30
0
0
SPLINE
5
1908
100
AcDbEntity
8
0
100
AcDbSpline
70
4
71
3
72
8
73
4
74
0
42
0.000000001
43
0.0000000001
44
0.0000000001
40
0
40
0
40
0
40
0
40
1
40
1
40
1
40
1
41
1
41
1
41
1
41
1
10
39.062127790841387
20
-82.023257467702877
30
0
10
39.27379445750806
20
-82.023257467702877
30
0
10
39.459002790841389
20
-82.076174134369552
30
0
10
39.459002790841389
20
-82.129090801036213
30
0
0
SPLINE
5
1909
100
AcDbEntity
8
0
100
AcDbSpline
70
4
71
3
72
8
73
4
74
0
42
0.000000001
43
0.0000000001
44
0.0000000001
40
0
40
0
40
0
40
0
40
1
40
1
40
1
40
1
41
1
41
1
41
1
41
1
10
40.120461124174724
20
-82.525965801036207
30
0
10
40.041086124174726
20
-82.684715801036219
30
0
10
39.82941945750806
20
-82.817007467702894
30
0
10
39.697127790841392
20
-82.817007467702894
30
0
0
SPLINE
5
1910
100
AcDbEntity
8
0
100
AcDbSpline
70
4
71
3
72
8
73
4
74
0
42
0.000000001
43
0.0000000001
44
0.0000000001
40
0
40
0
40
0
40
0
40
1
40
1
40
1
40
1
41
1
41
1
41
1
41
1
10
39.697127790841392
20
-82.817007467702894
30
0
10
39.564836124174725
20
-82.817007467702894
30
0
10
39.591294457508056
20
-82.658257467702882
30
0
10
39.776502790841391
20
-82.446590801036223
30
0
0
SPLINE
5
1911
100
AcDbEntity
8
0
100
AcDbSpline
70
4
71
3
72
8
73
4
74
0
42
0.000000001
43
0.0000000001
44
0.0000000001
40
0
40
0
40
0
40
0
40
1
40
1
40
1
40
1
41
1
41
1
41
1
41
1
10
39.776502790841391
20
-82.446590801036223
30
0
10
40.146919457508062
20
-82.023257467702877
30
0
10
40.411502790841396
20
-82.10263246770289
30
0
10
40.120461124174724
20
-82.525965801036207
30
0
0
SPLINE
5
1912
100
AcDbEntity
8
0
100
AcDbSpline
70
4
71
3
72
8
73
4
74
0
42
0.000000001
43
0.0000000001
44
0.0000000001
40
0
40
0
40
0
40
0
40
1
40
1
40
1
40
1
41
1
41
1
41
1
41
1
10
52.794002790841397
20
-83.399090801036223
30
0
10
52.68816945750806
20
-83.531382467702869
30
0
10
52.794002790841397
20
-83.610757467702882
30
0
10
52.979211124174732
20
-83.58429913436953
30
0
0
SPLINE
5
1913
100
AcDbEntity
8
0
100
AcDbSpline
70
4
71
3
72
8
73
4
74
0
42
0.000000001
43
0.0000000001
44
0.0000000001
40
0
40
0
40
0
40
0
40
1
40
1
40
1
40
1
41
1
41
1
41
1
41
1
10
52.979211124174732
20
-83.58429913436953
30
0
10
53.376086124174726
20
-83.531382467702869
30
0
10
54.090461124174723
20
-83.743049134369556
30
0
10
54.857752790841388
20
-84.166382467702888
30
0
0
SPLINE
5
1914
100
AcDbEntity
8
0
100
AcDbSpline
70
4
71
3
72
8
73
4
74
0
42
0.000000001
43
0.0000000001
44
0.0000000001
40
0
40
0
40
0
40
0
40
1
40
1
40
1
40
1
41
1
41
1
41
1
41
1
10
54.857752790841388
20
-84.166382467702888
30
0
10
55.122336124174723
20
-84.298674134369548
30
0
10
55.5721277908414
20
-84.404507467702885
30
0
10
55.889627790841402
20
-84.404507467702885
30
0
0
SPLINE
5
1915
100
AcDbEntity
8
0
100
AcDbSpline
70
4
71
3
72
8
73
4
74
0
42
0.000000001
43
0.0000000001
44
0.0000000001
40
0
40
0
40
0
40
0
40
1
40
1
40
1
40
1
41
1
41
1
41
1
41
1
10
55.889627790841402
20
-84.404507467702885
30
0
10
56.339419457508058
20
-84.404507467702885
30
0
10
56.392336124174719
20
-84.483882467702898
30
0
10
56.154211124174729
20
-84.774924134369542
30
0
0
SPLINE
5
1916
100
AcDbEntity
8
0
100
AcDbSpline
70
4
71
3
72
8
73
4
74
0
42
0.000000001
43
0.0000000001
44
0.0000000001
40
0
40
0
40
0
40
0
40
1
40
1
40
1
40
1
41
1
41
1
41
1
41
1
10
56.154211124174729
20
-84.774924134369542
30
0
10
55.783794457508051
20
-85.224715801036211
30
0
10
53.534836124174717
20
-85.092424134369566
30
0
10
53.085044457508062
20
-84.616174134369558
30
0
0
SPLINE
5
1917
100
AcDbEntity
8
0
100
AcDbSpline
70
4
71
3
72
8
73
4
74
0
42
0.000000001
43
0.0000000001
44
0.0000000001
40
0
40
0
40
0
40
0
40
1
40
1
40
1
40
1
41
1
41
1
41
1
41
1
10
53.085044457508062
20
-84.616174134369558
30
0
10
52.899836124174726
20
-84.404507467702885
30
0
10
52.926294457508064
20
-84.378049134369547
30
0
10
53.217336124174722
20
-84.536799134369559
30
0
0
SPLINE
5
1918
100
AcDbEntity
8
0
100
AcDbSpline
70
4
71
3
72
8
73
4
74
0
42
0.000000001
43
0.0000000001
44
0.0000000001
40
0
40
0
40
0
40
0
40
1
40
1
40
1
40
1
41
1
41
1
41
1
41
1
10
53.217336124174722
20
-84.536799134369559
30
0
10
53.429002790841395
20
-84.642632467702882
30
0
10
53.296711124174728
20
-84.404507467702885
30
0
10
52.873377790841388
20
-83.95471580103623
30
0
0
SPLINE
5
1919
100
AcDbEntity
8
0
100
AcDbSpline
70
4
71
3
72
8
73
4
74
0
42
0.000000001
43
0.0000000001
44
0.0000000001
40
0
40
0
40
0
40
0
40
1
40
1
40
1
40
1
41
1
41
1
41
1
41
1
10
52.873377790841388
20
-83.95471580103623
30
0
10
52.370669457508058
20
-83.425549134369561
30
0
10
52.264836124174735
20
-83.160965801036212
30
0
10
52.529419457508062
20
-83.160965801036212
30
0
0
SPLINE
5
1920
100
AcDbEntity
8
0
100
AcDbSpline
70
4
71
3
72
8
73
4
74
0
42
0.000000001
43
0.0000000001
44
0.0000000001
40
0
40
0
40
0
40
0
40
1
40
1
40
1
40
1
41
1
41
1
41
1
41
1
10
52.529419457508062
20
-83.160965801036212
30
0
10
52.741086124174721
20
-83.160965801036212
30
0
10
52.873377790841388
20
-83.266799134369549
30
0
10
52.794002790841397
20
-83.399090801036223
30
0
0
SPLINE
5
1921
100
AcDbEntity
8
0
100
AcDbSpline
70
4
71
3
72
8
73
4
74
0
42
0.000000001
43
0.0000000001
44
0.0000000001
40
0
40
0
40
0
40
0
40
1
40
1
40
1
40
1
41
1
41
1
41
1
41
1
10
30.595461124174719
20
-83.875340801036216
30
0
10
31.20400279084139
20
-84.113465801036199
30
0
10
31.256919457508054
20
-84.21929913436955
30
0
10
30.99233612417472
20
-84.536799134369559
30
0
0
SPLINE
5
1922
100
AcDbEntity
8
0
100
AcDbSpline
70
4
71
3
72
8
73
4
74
0
42
0.000000001
43
0.0000000001
44
0.0000000001
40
0
40
0
40
0
40
0
40
1
40
1
40
1
40
1
41
1
41
1
41
1
41
1
10
30.99233612417472
20
-84.536799134369559
30
0
10
30.569002790841388
20
-85.039507467702876
30
0
10
30.330877790841384
20
-85.039507467702876
30
0
10
29.828169457508061
20
-84.510340801036222
30
0
0
SPLINE
5
1923
100
AcDbEntity
8
0
100
AcDbSpline
70
4
71
3
72
8
73
4
74
0
42
0.000000001
43
0.0000000001
44
0.0000000001
40
0
40
0
40
0
40
0
40
1
40
1
40
1
40
1
41
1
41
1
41
1
41
1
10
29.828169457508061
20
-84.510340801036222
30
0
10
29.007961124174724
20
-83.690132467702881
30
0
10
29.351919457508053
20
-83.399090801036223
30
0
10
30.595461124174719
20
-83.875340801036216
30
0
0
SPLINE
5
1924
100
AcDbEntity
8
0
100
AcDbSpline
70
4
71
3
72
8
73
4
74
0
42
0.000000001
43
0.0000000001
44
0.0000000001
40
0
40
0
40
0
40
0
40
1
40
1
40
1
40
1
41
1
41
1
41
1
41
1
10
30.119211124174726
20
-86.150757467702888
30
0
10
30.304419457508054
20
-86.70638246770288
30
0
10
29.431294457508059
20
-86.759299134369542
30
0
10
28.822752790841388
20
-86.230132467702873
30
0
0
LINE
5
1925
100
AcDbEntity
8
0
100
AcDbLine
10
28.822752790841392
20
-86.230132467702873
30
0
11
28.214211124174717
21
-85.727424134369556
31
0
0
LINE
5
1926
100
AcDbEntity
8
0
100
AcDbLine
10
28.214211124174717
20
-85.727424134369556
30
0
11
29.113794457508053
21
-85.780340801036218
31
0
0
SPLINE
5
1927
100
AcDbEntity
8
0
100
AcDbSpline
70
4
71
3
72
8
73
4
74
0
42
0.000000001
43
0.0000000001
44
0.0000000001
40
0
40
0
40
0
40
0
40
1
40
1
40
1
40
1
41
1
41
1
41
1
41
1
10
29.113794457508053
20
-85.780340801036218
30
0
10
29.616502790841395
20
-85.833257467702879
30
0
10
30.066294457508054
20
-85.992007467702877
30
0
10
30.119211124174726
20
-86.150757467702888
30
0
0
SPLINE
5
1928
100
AcDbEntity
8
0
100
AcDbSpline
70
4
71
3
72
8
73
4
74
0
42
0.000000001
43
0.0000000001
44
0.0000000001
40
0
40
0
40
0
40
0
40
1
40
1
40
1
40
1
41
1
41
1
41
1
41
1
10
39.03566945750805
20
-85.939090801036215
30
0
10
38.506502790841388
20
-86.283049134369563
30
0
10
38.162544457508062
20
-87.182632467702888
30
0
10
38.400669457508059
20
-87.579507467702882
30
0
0
SPLINE
5
1929
100
AcDbEntity
8
0
100
AcDbSpline
70
4
71
3
72
8
73
4
74
0
42
0.000000001
43
0.0000000001
44
0.0000000001
40
0
40
0
40
0
40
0
40
1
40
1
40
1
40
1
41
1
41
1
41
1
41
1
10
38.400669457508059
20
-87.579507467702882
30
0
10
38.532961124174719
20
-87.791174134369555
30
0
10
38.559419457508064
20
-88.05575746770289
30
0
10
38.506502790841388
20
-88.161590801036226
30
0
0
SPLINE
5
1930
100
AcDbEntity
8
0
100
AcDbSpline
70
4
71
3
72
8
73
4
74
0
42
0.000000001
43
0.0000000001
44
0.0000000001
40
0
40
0
40
0
40
0
40
1
40
1
40
1
40
1
41
1
41
1
41
1
41
1
10
38.506502790841388
20
-88.161590801036226
30
0
10
38.003794457508057
20
-88.981799134369552
30
0
10
37.395252790841397
20
-87.156174134369536
30
0
10
37.871502790841383
20
-86.283049134369563
30
0
0
SPLINE
5
1931
100
AcDbEntity
8
0
100
AcDbSpline
70
4
71
3
72
8
73
4
74
0
42
0.000000001
43
0.0000000001
44
0.0000000001
40
0
40
0
40
0
40
0
40
1
40
1
40
1
40
1
41
1
41
1
41
1
41
1
10
37.871502790841383
20
-86.283049134369563
30
0
10
38.030252790841395
20
-85.965549134369539
30
0
10
38.427127790841389
20
-85.727424134369556
30
0
10
38.744627790841392
20
-85.727424134369556
30
0
0
SPLINE
5
1932
100
AcDbEntity
8
0
100
AcDbSpline
70
4
71
3
72
8
73
4
74
0
42
0.000000001
43
0.0000000001
44
0.0000000001
40
0
40
0
40
0
40
0
40
1
40
1
40
1
40
1
41
1
41
1
41
1
41
1
10
38.744627790841392
20
-85.727424134369556
30
0
10
39.088586124174725
20
-85.727424134369556
30
0
10
39.194419457508054
20
-85.806799134369541
30
0
10
39.03566945750805
20
-85.939090801036215
30
0
0
SPLINE
5
1933
100
AcDbEntity
8
0
100
AcDbSpline
70
4
71
3
72
8
73
4
74
0
42
0.000000001
43
0.0000000001
44
0.0000000001
40
0
40
0
40
0
40
0
40
1
40
1
40
1
40
1
41
1
41
1
41
1
41
1
10
19.456502790841391
20
-86.574090801036206
30
0
10
19.747544457508049
20
-86.997424134369538
30
0
10
19.800461124174724
20
-87.235549134369549
30
0
10
19.562336124174724
20
-87.500132467702883
30
0
0
SPLINE
5
1934
100
AcDbEntity
8
0
100
AcDbSpline
70
4
71
3
72
8
73
4
74
0
42
0.000000001
43
0.0000000001
44
0.0000000001
40
0
40
0
40
0
40
0
40
1
40
1
40
1
40
1
41
1
41
1
41
1
41
1
10
19.562336124174724
20
-87.500132467702883
30
0
10
19.191919457508053
20
-87.949924134369553
30
0
10
18.821502790841386
20
-87.949924134369553
30
0
10
18.821502790841386
20
-87.447215801036222
30
0
0
SPLINE
5
1935
100
AcDbEntity
8
0
100
AcDbSpline
70
4
71
3
72
8
73
4
74
0
42
0.000000001
43
0.0000000001
44
0.0000000001
40
0
40
0
40
0
40
0
40
1
40
1
40
1
40
1
41
1
41
1
41
1
41
1
10
18.821502790841386
20
-87.447215801036222
30
0
10
18.821502790841386
20
-87.235549134369549
30
0
10
18.583377790841386
20
-86.812215801036231
30
0
10
18.292336124174721
20
-86.521174134369545
30
0
0
LINE
5
1936
100
AcDbEntity
8
0
100
AcDbLine
10
18.292336124174721
20
-86.521174134369545
30
0
11
17.763169457508056
21
-85.992007467702877
31
0
0
LINE
5
1937
100
AcDbEntity
8
0
100
AcDbLine
10
17.763169457508056
20
-85.992007467702877
30
0
11
18.398169457508054
21
-85.992007467702877
31
0
0
SPLINE
5
1938
100
AcDbEntity
8
0
100
AcDbSpline
70
4
71
3
72
8
73
4
74
0
42
0.000000001
43
0.0000000001
44
0.0000000001
40
0
40
0
40
0
40
0
40
1
40
1
40
1
40
1
41
1
41
1
41
1
41
1
10
18.398169457508054
20
-85.992007467702877
30
0
10
18.768586124174721
20
-85.992007467702877
30
0
10
19.244836124174718
20
-86.256590801036225
30
0
10
19.456502790841391
20
-86.574090801036206
30
0
0
SPLINE
5
1939
100
AcDbEntity
8
0
100
AcDbSpline
70
4
71
3
72
8
73
4
74
0
42
0.000000001
43
0.0000000001
44
0.0000000001
40
0
40
0
40
0
40
0
40
1
40
1
40
1
40
1
41
1
41
1
41
1
41
1
10
36.786711124174722
20
-86.547632467702883
30
0
10
36.363377790841398
20
-87.367840801036209
30
0
10
36.707336124174724
20
-89.008257467702876
30
0
10
37.289419457508053
20
-88.770132467702879
30
0
0
SPLINE
5
1940
100
AcDbEntity
8
0
100
AcDbSpline
70
4
71
3
72
8
73
4
74
0
42
0.000000001
43
0.0000000001
44
0.0000000001
40
0
40
0
40
0
40
0
40
1
40
1
40
1
40
1
41
1
41
1
41
1
41
1
10
37.289419457508053
20
-88.770132467702879
30
0
10
37.659836124174724
20
-88.637840801036219
30
0
10
37.633377790841394
20
-88.690757467702895
30
0
10
37.236502790841399
20
-89.14054913436955
30
0
0
SPLINE
5
1941
100
AcDbEntity
8
0
100
AcDbSpline
70
4
71
3
72
8
73
4
74
0
42
0.000000001
43
0.0000000001
44
0.0000000001
40
0
40
0
40
0
40
0
40
1
40
1
40
1
40
1
41
1
41
1
41
1
41
1
10
37.236502790841399
20
-89.14054913436955
30
0
10
36.971919457508058
20
-89.431590801036208
30
0
10
36.601502790841394
20
-89.59034080103622
30
0
10
36.33691945750806
20
-89.510965801036221
30
0
0
SPLINE
5
1942
100
AcDbEntity
8
0
100
AcDbSpline
70
4
71
3
72
8
73
4
74
0
42
0.000000001
43
0.0000000001
44
0.0000000001
40
0
40
0
40
0
40
0
40
1
40
1
40
1
40
1
41
1
41
1
41
1
41
1
10
36.33691945750806
20
-89.510965801036221
30
0
10
36.045877790841402
20
-89.378674134369547
30
0
10
35.992961124174727
20
-89.431590801036208
30
0
10
36.151711124174717
20
-89.722632467702894
30
0
0
SPLINE
5
1943
100
AcDbEntity
8
0
100
AcDbSpline
70
4
71
3
72
8
73
4
74
0
42
0.000000001
43
0.0000000001
44
0.0000000001
40
0
40
0
40
0
40
0
40
1
40
1
40
1
40
1
41
1
41
1
41
1
41
1
10
36.151711124174717
20
-89.722632467702894
30
0
10
36.284002790841392
20
-89.934299134369553
30
0
10
36.257544457508061
20
-90.013674134369538
30
0
10
36.125252790841387
20
-89.881382467702892
30
0
0
SPLINE
5
1944
100
AcDbEntity
8
0
100
AcDbSpline
70
4
71
3
72
8
73
4
74
0
42
0.000000001
43
0.0000000001
44
0.0000000001
40
0
40
0
40
0
40
0
40
1
40
1
40
1
40
1
41
1
41
1
41
1
41
1
10
36.125252790841387
20
-89.881382467702892
30
0
10
35.992961124174727
20
-89.749090801036218
30
0
10
35.88712779084139
20
-89.510965801036221
30
0
10
35.860669457508052
20
-89.352215801036209
30
0
0
SPLINE
5
1945
100
AcDbEntity
8
0
100
AcDbSpline
70
4
71
3
72
8
73
4
74
0
42
0.000000001
43
0.0000000001
44
0.0000000001
40
0
40
0
40
0
40
0
40
1
40
1
40
1
40
1
41
1
41
1
41
1
41
1
10
35.860669457508052
20
-89.352215801036209
30
0
10
35.807752790841391
20
-88.55846580103622
30
0
10
35.146294457508063
20
-87.341382467702886
30
0
10
34.881711124174728
20
-87.500132467702883
30
0
0
SPLINE
5
1946
100
AcDbEntity
8
0
100
AcDbSpline
70
4
71
3
72
8
73
4
74
0
42
0.000000001
43
0.0000000001
44
0.0000000001
40
0
40
0
40
0
40
0
40
1
40
1
40
1
40
1
41
1
41
1
41
1
41
1
10
34.881711124174728
20
-87.500132467702883
30
0
10
34.696502790841386
20
-87.60596580103622
30
0
10
34.749419457508061
20
-87.47367413436956
30
0
10
34.96108612417472
20
-87.209090801036226
30
0
0
SPLINE
5
1947
100
AcDbEntity
8
0
100
AcDbSpline
70
4
71
3
72
8
73
4
74
0
42
0.000000001
43
0.0000000001
44
0.0000000001
40
0
40
0
40
0
40
0
40
1
40
1
40
1
40
1
41
1
41
1
41
1
41
1
10
34.96108612417472
20
-87.209090801036226
30
0
10
35.30504445750806
20
-86.759299134369542
30
0
10
35.384419457508059
20
-86.812215801036231
30
0
10
35.807752790841391
20
-87.844090801036216
30
0
0
SPLINE
5
1948
100
AcDbEntity
8
0
100
AcDbSpline
70
4
71
3
72
8
73
4
74
0
42
0.000000001
43
0.0000000001
44
0.0000000001
40
0
40
0
40
0
40
0
40
1
40
1
40
1
40
1
41
1
41
1
41
1
41
1
10
35.807752790841391
20
-87.844090801036216
30
0
10
36.33691945750806
20
-89.061174134369566
30
0
10
36.733794457508054
20
-89.193465801036226
30
0
10
36.310461124174729
20
-88.002840801036228
30
0
0
SPLINE
5
1949
100
AcDbEntity
8
0
100
AcDbSpline
70
4
71
3
72
8
73
4
74
0
42
0.000000001
43
0.0000000001
44
0.0000000001
40
0
40
0
40
0
40
0
40
1
40
1
40
1
40
1
41
1
41
1
41
1
41
1
10
36.310461124174729
20
-88.002840801036228
30
0
10
36.019419457508057
20
-87.28846580103621
30
0
10
36.178169457508062
20
-86.521174134369545
30
0
10
36.654419457508062
20
-86.20367413436955
30
0
0
SPLINE
5
1950
100
AcDbEntity
8
0
100
AcDbSpline
70
4
71
3
72
8
73
4
74
0
42
0.000000001
43
0.0000000001
44
0.0000000001
40
0
40
0
40
0
40
0
40
1
40
1
40
1
40
1
41
1
41
1
41
1
41
1
10
36.654419457508062
20
-86.20367413436955
30
0
10
37.104211124174725
20
-85.886174134369554
30
0
10
37.130669457508063
20
-85.939090801036215
30
0
10
36.786711124174722
20
-86.547632467702883
30
0
0
SPLINE
5
1951
100
AcDbEntity
8
0
100
AcDbSpline
70
4
71
3
72
8
73
4
74
0
42
0.000000001
43
0.0000000001
44
0.0000000001
40
0
40
0
40
0
40
0
40
1
40
1
40
1
40
1
41
1
41
1
41
1
41
1
10
17.763169457508052
20
-86.679924134369557
30
0
10
18.054211124174717
20
-86.997424134369538
30
0
10
18.027752790841383
20
-87.156174134369536
30
0
10
17.683794457508057
20
-87.500132467702883
30
0
0
SPLINE
5
1952
100
AcDbEntity
8
0
100
AcDbSpline
70
4
71
3
72
8
73
4
74
0
42
0.000000001
43
0.0000000001
44
0.0000000001
40
0
40
0
40
0
40
0
40
1
40
1
40
1
40
1
41
1
41
1
41
1
41
1
10
17.683794457508057
20
-87.500132467702883
30
0
10
17.181086124174723
20
-88.029299134369552
30
0
10
17.07525279084139
20
-87.949924134369553
30
0
10
16.837127790841386
20
-86.970965801036215
30
0
0
SPLINE
5
1953
100
AcDbEntity
8
0
100
AcDbSpline
70
4
71
3
72
8
73
4
74
0
42
0.000000001
43
0.0000000001
44
0.0000000001
40
0
40
0
40
0
40
0
40
1
40
1
40
1
40
1
41
1
41
1
41
1
41
1
10
16.837127790841386
20
-86.970965801036215
30
0
10
16.625461124174727
20
-86.150757467702888
30
0
10
17.181086124174723
20
-85.965549134369539
30
0
10
17.763169457508052
20
-86.679924134369557
30
0
0
SPLINE
5
1954
100
AcDbEntity
8
0
100
AcDbSpline
70
4
71
3
72
8
73
4
74
0
42
0.000000001
43
0.0000000001
44
0.0000000001
40
0
40
0
40
0
40
0
40
1
40
1
40
1
40
1
41
1
41
1
41
1
41
1
10
39.723586124174723
20
-86.521174134369545
30
0
10
39.723586124174723
20
-86.653465801036219
30
0
10
39.617752790841394
20
-86.785757467702894
30
0
10
39.459002790841389
20
-86.785757467702894
30
0
0
SPLINE
5
1955
100
AcDbEntity
8
0
100
AcDbSpline
70
4
71
3
72
8
73
4
74
0
42
0.000000001
43
0.0000000001
44
0.0000000001
40
0
40
0
40
0
40
0
40
1
40
1
40
1
40
1
41
1
41
1
41
1
41
1
10
39.459002790841389
20
-86.785757467702894
30
0
10
39.326711124174729
20
-86.785757467702894
30
0
10
39.194419457508054
20
-86.653465801036219
30
0
10
39.194419457508054
20
-86.521174134369545
30
0
0
SPLINE
5
1956
100
AcDbEntity
8
0
100
AcDbSpline
70
4
71
3
72
8
73
4
74
0
42
0.000000001
43
0.0000000001
44
0.0000000001
40
0
40
0
40
0
40
0
40
1
40
1
40
1
40
1
41
1
41
1
41
1
41
1
10
39.194419457508054
20
-86.521174134369545
30
0
10
39.194419457508054
20
-86.362424134369547
30
0
10
39.326711124174729
20
-86.256590801036225
30
0
10
39.459002790841389
20
-86.256590801036225
30
0
0
SPLINE
5
1957
100
AcDbEntity
8
0
100
AcDbSpline
70
4
71
3
72
8
73
4
74
0
42
0.000000001
43
0.0000000001
44
0.0000000001
40
0
40
0
40
0
40
0
40
1
40
1
40
1
40
1
41
1
41
1
41
1
41
1
10
39.459002790841389
20
-86.256590801036225
30
0
10
39.617752790841394
20
-86.256590801036225
30
0
10
39.723586124174723
20
-86.362424134369547
30
0
10
39.723586124174723
20
-86.521174134369545
30
0
0
SPLINE
5
1958
100
AcDbEntity
8
0
100
AcDbSpline
70
4
71
3
72
8
73
4
74
0
42
0.000000001
43
0.0000000001
44
0.0000000001
40
0
40
0
40
0
40
0
40
1
40
1
40
1
40
1
41
1
41
1
41
1
41
1
10
41.152336124174724
20
-86.70638246770288
30
0
10
41.23171112417473
20
-86.970965801036215
30
0
10
41.39046112417472
20
-87.341382467702886
30
0
10
41.469836124174726
20
-87.500132467702883
30
0
0
SPLINE
5
1959
100
AcDbEntity
8
0
100
AcDbSpline
70
4
71
3
72
8
73
4
74
0
42
0.000000001
43
0.0000000001
44
0.0000000001
40
0
40
0
40
0
40
0
40
1
40
1
40
1
40
1
41
1
41
1
41
1
41
1
10
41.469836124174726
20
-87.500132467702883
30
0
10
41.575669457508056
20
-87.73825746770288
30
0
10
41.36400279084139
20
-87.844090801036216
30
0
10
40.808377790841391
20
-87.844090801036216
30
0
0
SPLINE
5
1960
100
AcDbEntity
8
0
100
AcDbSpline
70
4
71
3
72
8
73
4
74
0
42
0.000000001
43
0.0000000001
44
0.0000000001
40
0
40
0
40
0
40
0
40
1
40
1
40
1
40
1
41
1
41
1
41
1
41
1
10
40.808377790841391
20
-87.844090801036216
30
0
10
39.935252790841389
20
-87.844090801036216
30
0
10
39.82941945750806
20
-87.60596580103622
30
0
10
40.252752790841384
20
-86.759299134369542
30
0
0
SPLINE
5
1961
100
AcDbEntity
8
0
100
AcDbSpline
70
4
71
3
72
8
73
4
74
0
42
0.000000001
43
0.0000000001
44
0.0000000001
40
0
40
0
40
0
40
0
40
1
40
1
40
1
40
1
41
1
41
1
41
1
41
1
10
40.252752790841384
20
-86.759299134369542
30
0
10
40.596711124174725
20
-86.124299134369551
30
0
10
40.940669457508065
20
-86.124299134369551
30
0
10
41.152336124174724
20
-86.70638246770288
30
0
0
SPLINE
5
1962
100
AcDbEntity
8
0
100
AcDbSpline
70
4
71
3
72
8
73
4
74
0
42
0.000000001
43
0.0000000001
44
0.0000000001
40
0
40
0
40
0
40
0
40
1
40
1
40
1
40
1
41
1
41
1
41
1
41
1
10
33.955669457508066
20
-87.632424134369543
30
0
10
33.426502790841397
20
-88.161590801036226
30
0
10
33.585252790841395
20
-88.399715801036223
30
0
10
34.37900279084139
20
-88.240965801036211
30
0
0
LINE
5
1963
100
AcDbEntity
8
0
100
AcDbLine
10
34.379002790841383
20
-88.240965801036211
30
0
11
35.093377790841387
21
-88.082215801036199
31
0
0
LINE
5
1964
100
AcDbEntity
8
0
100
AcDbLine
10
35.093377790841387
20
-88.082215801036199
30
0
11
34.431919457508052
21
-88.479090801036207
31
0
0
SPLINE
5
1965
100
AcDbEntity
8
0
100
AcDbSpline
70
4
71
3
72
8
73
4
74
0
42
0.000000001
43
0.0000000001
44
0.0000000001
40
0
40
0
40
0
40
0
40
1
40
1
40
1
40
1
41
1
41
1
41
1
41
1
10
34.431919457508052
20
-88.479090801036207
30
0
10
33.876294457508052
20
-88.796590801036217
30
0
10
33.849836124174722
20
-88.902424134369539
30
0
10
34.193794457508062
20
-89.034715801036214
30
0
0
SPLINE
5
1966
100
AcDbEntity
8
0
100
AcDbSpline
70
4
71
3
72
8
73
4
74
0
42
0.000000001
43
0.0000000001
44
0.0000000001
40
0
40
0
40
0
40
0
40
1
40
1
40
1
40
1
41
1
41
1
41
1
41
1
10
34.193794457508062
20
-89.034715801036214
30
0
10
34.431919457508052
20
-89.114090801036227
30
0
10
34.722961124174731
20
-89.167007467702888
30
0
10
34.855252790841398
20
-89.14054913436955
30
0
0
SPLINE
5
1967
100
AcDbEntity
8
0
100
AcDbSpline
70
4
71
3
72
8
73
4
74
0
42
0.000000001
43
0.0000000001
44
0.0000000001
40
0
40
0
40
0
40
0
40
1
40
1
40
1
40
1
41
1
41
1
41
1
41
1
10
34.855252790841398
20
-89.14054913436955
30
0
10
35.490252790841396
20
-89.034715801036214
30
0
10
35.543169457508057
20
-89.219924134369549
30
0
10
35.014002790841388
20
-89.59034080103622
30
0
0
SPLINE
5
1968
100
AcDbEntity
8
0
100
AcDbSpline
70
4
71
3
72
8
73
4
74
0
42
0.000000001
43
0.0000000001
44
0.0000000001
40
0
40
0
40
0
40
0
40
1
40
1
40
1
40
1
41
1
41
1
41
1
41
1
10
35.014002790841388
20
-89.59034080103622
30
0
10
34.299627790841392
20
-90.093049134369551
30
0
10
33.876294457508052
20
-89.828465801036231
30
0
10
33.373586124174722
20
-88.611382467702882
30
0
0
SPLINE
5
1969
100
AcDbEntity
8
0
100
AcDbSpline
70
4
71
3
72
8
73
4
74
0
42
0.000000001
43
0.0000000001
44
0.0000000001
40
0
40
0
40
0
40
0
40
1
40
1
40
1
40
1
41
1
41
1
41
1
41
1
10
33.373586124174722
20
-88.611382467702882
30
0
10
33.082544457508057
20
-87.92346580103623
30
0
10
33.109002790841387
20
-87.791174134369555
30
0
10
33.532336124174726
20
-87.447215801036222
30
0
0
SPLINE
5
1970
100
AcDbEntity
8
0
100
AcDbSpline
70
4
71
3
72
8
73
4
74
0
42
0.000000001
43
0.0000000001
44
0.0000000001
40
0
40
0
40
0
40
0
40
1
40
1
40
1
40
1
41
1
41
1
41
1
41
1
10
33.532336124174726
20
-87.447215801036222
30
0
10
34.114419457508056
20
-87.050340801036214
30
0
10
34.405461124174721
20
-87.182632467702888
30
0
10
33.955669457508066
20
-87.632424134369543
30
0
0
SPLINE
5
1971
100
AcDbEntity
8
0
100
AcDbSpline
70
4
71
3
72
8
73
4
74
0
42
0.000000001
43
0.0000000001
44
0.0000000001
40
0
40
0
40
0
40
0
40
1
40
1
40
1
40
1
41
1
41
1
41
1
41
1
10
39.459002790841389
20
-87.314924134369548
30
0
10
39.459002790841389
20
-87.447215801036222
30
0
10
39.353169457508059
20
-87.579507467702882
30
0
10
39.194419457508054
20
-87.579507467702882
30
0
0
SPLINE
5
1972
100
AcDbEntity
8
0
100
AcDbSpline
70
4
71
3
72
8
73
4
74
0
42
0.000000001
43
0.0000000001
44
0.0000000001
40
0
40
0
40
0
40
0
40
1
40
1
40
1
40
1
41
1
41
1
41
1
41
1
10
39.194419457508054
20
-87.579507467702882
30
0
10
39.062127790841387
20
-87.579507467702882
30
0
10
38.929836124174727
20
-87.447215801036222
30
0
10
38.929836124174727
20
-87.314924134369548
30
0
0
SPLINE
5
1973
100
AcDbEntity
8
0
100
AcDbSpline
70
4
71
3
72
8
73
4
74
0
42
0.000000001
43
0.0000000001
44
0.0000000001
40
0
40
0
40
0
40
0
40
1
40
1
40
1
40
1
41
1
41
1
41
1
41
1
10
38.929836124174727
20
-87.314924134369548
30
0
10
38.929836124174727
20
-87.156174134369536
30
0
10
39.062127790841387
20
-87.050340801036214
30
0
10
39.194419457508054
20
-87.050340801036214
30
0
0
SPLINE
5
1974
100
AcDbEntity
8
0
100
AcDbSpline
70
4
71
3
72
8
73
4
74
0
42
0.000000001
43
0.0000000001
44
0.0000000001
40
0
40
0
40
0
40
0
40
1
40
1
40
1
40
1
41
1
41
1
41
1
41
1
10
39.194419457508054
20
-87.050340801036214
30
0
10
39.353169457508059
20
-87.050340801036214
30
0
10
39.459002790841389
20
-87.156174134369536
30
0
10
39.459002790841389
20
-87.314924134369548
30
0
0
SPLINE
5
1975
100
AcDbEntity
8
0
100
AcDbSpline
70
4
71
3
72
8
73
4
74
0
42
0.000000001
43
0.0000000001
44
0.0000000001
40
0
40
0
40
0
40
0
40
1
40
1
40
1
40
1
41
1
41
1
41
1
41
1
10
18.477544457508056
20
-88.108674134369551
30
0
10
18.50400279084139
20
-88.399715801036223
30
0
10
18.371711124174723
20
-88.637840801036219
30
0
10
18.186502790841384
20
-88.637840801036219
30
0
0
SPLINE
5
1976
100
AcDbEntity
8
0
100
AcDbSpline
70
4
71
3
72
8
73
4
74
0
42
0.000000001
43
0.0000000001
44
0.0000000001
40
0
40
0
40
0
40
0
40
1
40
1
40
1
40
1
41
1
41
1
41
1
41
1
10
18.186502790841384
20
-88.637840801036219
30
0
10
17.657336124174719
20
-88.637840801036219
30
0
10
17.498586124174722
20
-88.346799134369547
30
0
10
17.842544457508055
20
-87.949924134369553
30
0
0
SPLINE
5
1977
100
AcDbEntity
8
0
100
AcDbSpline
70
4
71
3
72
8
73
4
74
0
42
0.000000001
43
0.0000000001
44
0.0000000001
40
0
40
0
40
0
40
0
40
1
40
1
40
1
40
1
41
1
41
1
41
1
41
1
10
17.842544457508055
20
-87.949924134369553
30
0
10
18.292336124174721
20
-87.447215801036222
30
0
10
18.451086124174715
20
-87.500132467702883
30
0
10
18.477544457508056
20
-88.108674134369551
30
0
0
SPLINE
5
1978
100
AcDbEntity
8
0
100
AcDbSpline
70
4
71
3
72
8
73
4
74
0
42
0.000000001
43
0.0000000001
44
0.0000000001
40
0
40
0
40
0
40
0
40
1
40
1
40
1
40
1
41
1
41
1
41
1
41
1
10
32.579836124174726
20
-88.584924134369558
30
0
10
32.579836124174726
20
-88.928882467702891
30
0
10
32.26233612417473
20
-89.167007467702888
30
0
10
31.997752790841389
20
-89.008257467702876
30
0
0
SPLINE
5
1979
100
AcDbEntity
8
0
100
AcDbSpline
70
4
71
3
72
8
73
4
74
0
42
0.000000001
43
0.0000000001
44
0.0000000001
40
0
40
0
40
0
40
0
40
1
40
1
40
1
40
1
41
1
41
1
41
1
41
1
10
31.997752790841389
20
-89.008257467702876
30
0
10
31.733169457508055
20
-88.849507467702878
30
0
10
31.971294457508066
20
-88.373257467702885
30
0
10
32.341711124174722
20
-88.373257467702885
30
0
0
SPLINE
5
1980
100
AcDbEntity
8
0
100
AcDbSpline
70
4
71
3
72
8
73
4
74
0
42
0.000000001
43
0.0000000001
44
0.0000000001
40
0
40
0
40
0
40
0
40
1
40
1
40
1
40
1
41
1
41
1
41
1
41
1
10
32.341711124174722
20
-88.373257467702885
30
0
10
32.474002790841396
20
-88.373257467702885
30
0
10
32.579836124174726
20
-88.479090801036207
30
0
10
32.579836124174726
20
-88.584924134369558
30
0
0
SPLINE
5
1981
100
AcDbEntity
8
0
100
AcDbSpline
70
4
71
3
72
8
73
4
74
0
42
0.000000001
43
0.0000000001
44
0.0000000001
40
0
40
0
40
0
40
0
40
1
40
1
40
1
40
1
41
1
41
1
41
1
41
1
10
33.109002790841387
20
-89.696174134369556
30
0
10
33.109002790841387
20
-89.828465801036231
30
0
10
32.923794457508052
20
-89.960757467702877
30
0
10
32.712127790841386
20
-89.960757467702877
30
0
0
SPLINE
5
1982
100
AcDbEntity
8
0
100
AcDbSpline
70
4
71
3
72
8
73
4
74
0
42
0.000000001
43
0.0000000001
44
0.0000000001
40
0
40
0
40
0
40
0
40
1
40
1
40
1
40
1
41
1
41
1
41
1
41
1
10
32.712127790841386
20
-89.960757467702877
30
0
10
32.500461124174727
20
-89.960757467702877
30
0
10
32.315252790841384
20
-89.828465801036231
30
0
10
32.315252790841384
20
-89.696174134369556
30
0
0
SPLINE
5
1983
100
AcDbEntity
8
0
100
AcDbSpline
70
4
71
3
72
8
73
4
74
0
42
0.000000001
43
0.0000000001
44
0.0000000001
40
0
40
0
40
0
40
0
40
1
40
1
40
1
40
1
41
1
41
1
41
1
41
1
10
32.315252790841384
20
-89.696174134369556
30
0
10
32.315252790841384
20
-89.537424134369545
30
0
10
32.500461124174727
20
-89.431590801036208
30
0
10
32.712127790841386
20
-89.431590801036208
30
0
0
SPLINE
5
1984
100
AcDbEntity
8
0
100
AcDbSpline
70
4
71
3
72
8
73
4
74
0
42
0.000000001
43
0.0000000001
44
0.0000000001
40
0
40
0
40
0
40
0
40
1
40
1
40
1
40
1
41
1
41
1
41
1
41
1
10
32.712127790841386
20
-89.431590801036208
30
0
10
32.923794457508052
20
-89.431590801036208
30
0
10
33.109002790841387
20
-89.537424134369545
30
0
10
33.109002790841387
20
-89.696174134369556
30
0
0
SPLINE
5
1985
100
AcDbEntity
8
0
100
AcDbSpline
70
4
71
3
72
8
73
4
74
0
42
0.000000001
43
0.0000000001
44
0.0000000001
40
0
40
0
40
0
40
0
40
1
40
1
40
1
40
1
41
1
41
1
41
1
41
1
10
43.083794457508063
20
-74.985340801036216
30
0
10
42.634002790841386
20
-75.329299134369535
30
0
10
42.634002790841386
20
-75.355757467702887
30
0
10
43.083794457508063
20
-75.51450746770287
30
0
0
SPLINE
5
1986
100
AcDbEntity
8
0
100
AcDbSpline
70
4
71
3
72
8
73
4
74
0
42
0.000000001
43
0.0000000001
44
0.0000000001
40
0
40
0
40
0
40
0
40
1
40
1
40
1
40
1
41
1
41
1
41
1
41
1
10
43.083794457508063
20
-75.51450746770287
30
0
10
43.348377790841397
20
-75.620340801036221
30
0
10
43.454211124174726
20
-75.620340801036221
30
0
10
43.348377790841397
20
-75.51450746770287
30
0
0
SPLINE
5
1987
100
AcDbEntity
8
0
100
AcDbSpline
70
4
71
3
72
8
73
4
74
0
42
0.000000001
43
0.0000000001
44
0.0000000001
40
0
40
0
40
0
40
0
40
1
40
1
40
1
40
1
41
1
41
1
41
1
41
1
10
43.348377790841397
20
-75.51450746770287
30
0
10
43.24254445750806
20
-75.408674134369548
30
0
10
43.295461124174722
20
-75.170549134369566
30
0
10
43.454211124174726
20
-74.958882467702892
30
0
0
SPLINE
5
1988
100
AcDbEntity
8
0
100
AcDbSpline
70
4
71
3
72
8
73
4
74
0
42
0.000000001
43
0.0000000001
44
0.0000000001
40
0
40
0
40
0
40
0
40
1
40
1
40
1
40
1
41
1
41
1
41
1
41
1
10
43.454211124174726
20
-74.958882467702892
30
0
10
43.82462779084139
20
-74.509090801036223
30
0
10
43.69233612417473
20
-74.535549134369546
30
0
10
43.083794457508063
20
-74.985340801036216
30
0
0
SPLINE
5
1989
100
AcDbEntity
8
0
100
AcDbSpline
70
4
71
3
72
8
73
4
74
0
42
0.000000001
43
0.0000000001
44
0.0000000001
40
0
40
0
40
0
40
0
40
1
40
1
40
1
40
1
41
1
41
1
41
1
41
1
10
32.500461124174727
20
-77.313674134369549
30
0
10
30.03983612417472
20
-77.842840801036203
30
0
10
28.134836124174729
20
-79.456799134369547
30
0
10
26.679627790841394
20
-82.234924134369564
30
0
0
LINE
5
1990
100
AcDbEntity
8
0
100
AcDbLine
10
26.679627790841391
20
-82.234924134369564
30
0
11
25.753586124174728
21
-84.007632467702891
31
0
0
LINE
5
1991
100
AcDbEntity
8
0
100
AcDbLine
10
25.753586124174728
20
-84.007632467702891
30
0
11
26.309211124174723
21
-85.251174134369563
31
0
0
SPLINE
5
1992
100
AcDbEntity
8
0
100
AcDbSpline
70
4
71
3
72
8
73
4
74
0
42
0.000000001
43
0.0000000001
44
0.0000000001
40
0
40
0
40
0
40
0
40
1
40
1
40
1
40
1
41
1
41
1
41
1
41
1
10
26.309211124174723
20
-85.251174134369535
30
0
10
26.600252790841388
20
-85.965549134369539
30
0
10
26.944211124174728
20
-86.521174134369545
30
0
10
27.023586124174717
20
-86.521174134369545
30
0
0
SPLINE
5
1993
100
AcDbEntity
8
0
100
AcDbSpline
70
4
71
3
72
8
73
4
74
0
42
0.000000001
43
0.0000000001
44
0.0000000001
40
0
40
0
40
0
40
0
40
1
40
1
40
1
40
1
41
1
41
1
41
1
41
1
10
27.023586124174717
20
-86.521174134369545
30
0
10
27.129419457508057
20
-86.521174134369545
30
0
10
27.288169457508058
20
-85.912632467702878
30
0
10
27.367544457508053
20
-85.17179913436955
30
0
0
SPLINE
5
1994
100
AcDbEntity
8
0
100
AcDbSpline
70
4
71
3
72
8
73
4
74
0
42
0.000000001
43
0.0000000001
44
0.0000000001
40
0
40
0
40
0
40
0
40
1
40
1
40
1
40
1
41
1
41
1
41
1
41
1
10
27.367544457508053
20
-85.17179913436955
30
0
10
27.685044457508052
20
-82.499507467702884
30
0
10
29.695877790841394
20
-79.615549134369545
30
0
10
32.288794457508054
20
-78.13388246770289
30
0
0
SPLINE
5
1995
100
AcDbEntity
8
0
100
AcDbSpline
70
4
71
3
72
8
73
4
74
0
42
0.000000001
43
0.0000000001
44
0.0000000001
40
0
40
0
40
0
40
0
40
1
40
1
40
1
40
1
41
1
41
1
41
1
41
1
10
32.288794457508054
20
-78.13388246770289
30
0
10
33.744002790841392
20
-77.287215801036226
30
0
10
33.744002790841392
20
-77.287215801036226
30
0
10
33.611711124174725
20
-77.181382467702875
30
0
0
SPLINE
5
1996
100
AcDbEntity
8
0
100
AcDbSpline
70
4
71
3
72
8
73
4
74
0
42
0.000000001
43
0.0000000001
44
0.0000000001
40
0
40
0
40
0
40
0
40
1
40
1
40
1
40
1
41
1
41
1
41
1
41
1
10
33.611711124174725
20
-77.181382467702875
30
0
10
33.558794457508057
20
-77.128465801036214
30
0
10
33.056086124174726
20
-77.181382467702875
30
0
10
32.500461124174727
20
-77.313674134369549
30
0
0
SPLINE
5
1997
100
AcDbEntity
8
0
100
AcDbSpline
70
4
71
3
72
8
73
4
74
0
42
0.000000001
43
0.0000000001
44
0.0000000001
40
0
40
0
40
0
40
0
40
1
40
1
40
1
40
1
41
1
41
1
41
1
41
1
10
45.279836124174722
20
-80.700340801036219
30
0
10
45.279836124174722
20
-80.832632467702879
30
0
10
45.412127790841396
20
-80.964924134369554
30
0
10
45.544419457508056
20
-80.964924134369554
30
0
0
SPLINE
5
1998
100
AcDbEntity
8
0
100
AcDbSpline
70
4
71
3
72
8
73
4
74
0
42
0.000000001
43
0.0000000001
44
0.0000000001
40
0
40
0
40
0
40
0
40
1
40
1
40
1
40
1
41
1
41
1
41
1
41
1
10
45.544419457508056
20
-80.964924134369554
30
0
10
45.703169457508068
20
-80.964924134369554
30
0
10
45.80900279084139
20
-80.832632467702879
30
0
10
45.80900279084139
20
-80.700340801036219
30
0
0
SPLINE
5
1999
100
AcDbEntity
8
0
100
AcDbSpline
70
4
71
3
72
8
73
4
74
0
42
0.000000001
43
0.0000000001
44
0.0000000001
40
0
40
0
40
0
40
0
40
1
40
1
40
1
40
1
41
1
41
1
41
1
41
1
10
45.80900279084139
20
-80.700340801036219
30
0
10
45.80900279084139
20
-80.541590801036222
30
0
10
45.703169457508068
20
-80.435757467702885
30
0
10
45.544419457508056
20
-80.435757467702885
30
0
0
SPLINE
5
2000
100
AcDbEntity
8
0
100
AcDbSpline
70
4
71
3
72
8
73
4
74
0
42
0.000000001
43
0.0000000001
44
0.0000000001
40
0
40
0
40
0
40
0
40
1
40
1
40
1
40
1
41
1
41
1
41
1
41
1
10
45.544419457508056
20
-80.435757467702885
30
0
10
45.412127790841396
20
-80.435757467702885
30
0
10
45.279836124174722
20
-80.541590801036222
30
0
10
45.279836124174722
20
-80.700340801036219
30
0
0
ENDSEC
0
SECTION
2
OBJECTS
0
DICTIONARY
5
C
100
AcDbDictionary
3
ACAD_GROUP
350
D
3
ACAD_MLINESTYLE
350
17
0
DICTIONARY
5
D
100
AcDbDictionary
0
DICTIONARY
5
1A
330
C
100
AcDbDictionary
0
DICTIONARY
5
17
100
AcDbDictionary
0
ENDSEC
0
EOF
